iteration,PINN__seed3__rel_l2_error,PINN__seed20__rel_l2_error,PINN__seed57__rel_l2_error,PINN__seed73__rel_l2_error,PINN__seed88__rel_l2_error,PINN__seed487__rel_l2_error,PINN__seed672__rel_l2_error,PINN__seed954__rel_l2_error,PINN__seed3407__rel_l2_error,PINN__seed114514__rel_l2_error,PINN-RAR__seed3__rel_l2_error,PINN-RAR__seed20__rel_l2_error,PINN-RAR__seed57__rel_l2_error,PINN-RAR__seed73__rel_l2_error,PINN-RAR__seed88__rel_l2_error,PINN-RAR__seed487__rel_l2_error,PINN-RAR__seed672__rel_l2_error,PINN-RAR__seed954__rel_l2_error,PINN-RAR__seed3407__rel_l2_error,PINN-RAR__seed114514__rel_l2_error,QPINN__seed3__rel_l2_error,QPINN__seed20__rel_l2_error,QPINN__seed57__rel_l2_error,QPINN__seed73__rel_l2_error,QPINN__seed88__rel_l2_error,QPINN__seed487__rel_l2_error,QPINN__seed672__rel_l2_error,QPINN__seed954__rel_l2_error,QPINN__seed3407__rel_l2_error,QPINN__seed114514__rel_l2_error,QPINN-RAR__seed3__rel_l2_error,QPINN-RAR__seed20__rel_l2_error,QPINN-RAR__seed57__rel_l2_error,QPINN-RAR__seed73__rel_l2_error,QPINN-RAR__seed88__rel_l2_error,QPINN-RAR__seed487__rel_l2_error,QPINN-RAR__seed672__rel_l2_error,QPINN-RAR__seed954__rel_l2_error,QPINN-RAR__seed3407__rel_l2_error,QPINN-RAR__seed114514__rel_l2_error
0,0.86,1.5,1.0,0.96,1.2,0.96,1.2,1.1,1.2,0.82,0.86,1.5,1.0,0.96,1.2,0.96,1.2,1.1,1.2,0.82,1.1,1.6,1.4,1.2,1.0,1.2,1.0,1.0,1.2,1.1,1.1,1.6,1.4,1.2,1.0,1.2,1.0,1.0,1.2,1.1
100,0.97,0.81,0.4,0.95,0.46,0.76,0.41,0.42,0.49,0.87,0.97,0.81,0.4,0.95,0.46,0.76,0.41,0.42,0.49,0.87,0.45,0.98,0.93,0.96,0.97,0.97,0.95,0.38,0.96,0.98,0.45,0.98,0.93,0.96,0.97,0.97,0.95,0.38,0.96,0.98
200,0.54,0.43,0.37,0.38,0.37,0.4,0.4,0.39,0.38,0.43,0.54,0.43,0.37,0.38,0.37,0.4,0.4,0.39,0.38,0.43,0.41,0.96,0.38,0.92,0.45,0.47,0.41,0.38,0.41,0.41,0.41,0.96,0.38,0.92,0.45,0.47,0.41,0.38,0.41,0.41
300,0.42,0.38,0.35,0.37,0.37,0.39,0.39,0.38,0.37,0.38,0.42,0.38,0.35,0.37,0.37,0.39,0.39,0.38,0.37,0.38,0.39,0.47,0.36,0.39,0.38,0.34,0.35,0.34,0.38,0.35,0.39,0.47,0.36,0.39,0.38,0.34,0.35,0.34,0.38,0.35
400,0.39,0.36,0.34,0.36,0.35,0.39,0.38,0.35,0.36,0.38,0.39,0.36,0.34,0.36,0.35,0.39,0.38,0.35,0.36,0.38,0.35,0.33,0.34,0.37,0.35,0.33,0.35,0.31,0.34,0.34,0.35,0.33,0.34,0.37,0.35,0.33,0.35,0.31,0.34,0.34
500,0.37,0.35,0.31,0.37,0.36,0.38,0.36,0.35,0.31,0.37,0.37,0.35,0.31,0.37,0.36,0.38,0.36,0.35,0.31,0.37,0.36,0.29,0.32,0.34,0.34,0.28,0.34,0.28,0.31,0.3,0.36,0.29,0.32,0.34,0.34,0.28,0.34,0.28,0.31,0.3
600,0.35,0.36,0.3,0.35,0.35,0.35,0.33,0.34,0.32,0.38,0.35,0.36,0.3,0.35,0.35,0.35,0.33,0.34,0.32,0.38,0.34,0.28,0.31,0.31,0.32,0.26,0.32,0.25,0.3,0.29,0.34,0.28,0.31,0.31,0.32,0.26,0.32,0.25,0.3,0.29
700,0.36,0.3,0.32,0.32,0.36,0.35,0.31,0.3,0.3,0.36,0.36,0.3,0.32,0.32,0.36,0.35,0.31,0.3,0.3,0.36,0.33,0.25,0.32,0.31,0.3,0.25,0.31,0.23,0.28,0.26,0.33,0.25,0.32,0.31,0.3,0.25,0.31,0.23,0.28,0.26
800,0.35,0.27,0.29,0.3,0.32,0.29,0.28,0.31,0.25,0.38,0.35,0.27,0.29,0.3,0.32,0.29,0.28,0.31,0.25,0.38,0.32,0.22,0.3,0.29,0.28,0.24,0.29,0.2,0.25,0.25,0.32,0.22,0.3,0.29,0.28,0.24,0.29,0.2,0.25,0.25
900,0.35,0.28,0.27,0.31,0.32,0.29,0.26,0.3,0.24,0.39,0.35,0.28,0.27,0.31,0.32,0.29,0.26,0.3,0.24,0.39,0.29,0.17,0.27,0.32,0.24,0.22,0.28,0.2,0.23,0.23,0.29,0.17,0.27,0.32,0.24,0.22,0.28,0.2,0.23,0.23
1000,0.34,0.28,0.24,0.26,0.31,0.3,0.25,0.26,0.21,0.37,0.34,0.28,0.24,0.26,0.31,0.3,0.25,0.26,0.21,0.37,0.27,0.15,0.26,0.24,0.25,0.21,0.25,0.16,0.21,0.21,0.27,0.15,0.26,0.24,0.25,0.21,0.25,0.16,0.21,0.21
1100,0.34,0.24,0.18,0.23,0.3,0.29,0.2,0.26,0.2,0.36,0.34,0.24,0.18,0.23,0.3,0.29,0.2,0.26,0.2,0.36,0.24,0.11,0.2,0.22,0.21,0.2,0.23,0.17,0.19,0.19,0.24,0.11,0.2,0.22,0.21,0.2,0.23,0.17,0.19,0.19
1200,0.35,0.2,0.19,0.23,0.26,0.23,0.17,0.23,0.14,0.35,0.35,0.2,0.19,0.23,0.26,0.23,0.17,0.23,0.14,0.35,0.21,0.096,0.2,0.2,0.18,0.18,0.21,0.17,0.16,0.17,0.21,0.096,0.2,0.2,0.18,0.18,0.21,0.17,0.16,0.17
1300,0.33,0.17,0.14,0.2,0.26,0.24,0.17,0.19,0.12,0.35,0.33,0.17,0.14,0.2,0.26,0.24,0.17,0.19,0.12,0.35,0.17,0.091,0.16,0.17,0.18,0.16,0.19,0.14,0.15,0.15,0.17,0.091,0.16,0.17,0.18,0.16,0.19,0.14,0.15,0.15
1400,0.34,0.14,0.11,0.2,0.26,0.2,0.12,0.19,0.1,0.35,0.34,0.14,0.11,0.2,0.26,0.2,0.12,0.19,0.1,0.35,0.17,0.075,0.12,0.17,0.14,0.12,0.17,0.15,0.14,0.13,0.17,0.075,0.12,0.17,0.14,0.12,0.17,0.15,0.14,0.13
1500,0.33,0.11,0.099,0.18,0.24,0.19,0.074,0.12,0.073,0.33,0.33,0.11,0.099,0.18,0.24,0.19,0.074,0.12,0.073,0.33,0.14,0.057,0.13,0.12,0.13,0.098,0.16,0.12,0.12,0.11,0.14,0.057,0.13,0.12,0.13,0.098,0.16,0.12,0.12,0.11
1600,0.33,0.097,0.092,0.17,0.25,0.15,0.076,0.1,0.055,0.33,0.33,0.097,0.092,0.17,0.25,0.15,0.076,0.1,0.055,0.33,0.11,0.045,0.13,0.12,0.12,0.071,0.14,0.12,0.11,0.088,0.11,0.045,0.13,0.12,0.12,0.071,0.14,0.12,0.11,0.088
1700,0.33,0.085,0.059,0.11,0.23,0.13,0.053,0.065,0.042,0.32,0.33,0.085,0.059,0.11,0.23,0.13,0.053,0.065,0.042,0.32,0.12,0.047,0.1,0.1,0.092,0.049,0.14,0.1,0.09,0.067,0.12,0.047,0.1,0.1,0.092,0.049,0.14,0.1,0.09,0.067
1800,0.31,0.063,0.038,0.11,0.22,0.1,0.048,0.063,0.03,0.31,0.31,0.063,0.038,0.11,0.22,0.1,0.048,0.063,0.03,0.31,0.088,0.031,0.082,0.084,0.091,0.041,0.11,0.096,0.077,0.053,0.088,0.031,0.082,0.084,0.091,0.041,0.11,0.096,0.077,0.053
1900,0.3,0.059,0.035,0.12,0.21,0.11,0.039,0.047,0.028,0.3,0.3,0.059,0.035,0.12,0.21,0.11,0.039,0.047,0.028,0.3,0.095,0.033,0.067,0.084,0.082,0.056,0.1,0.087,0.069,0.04,0.095,0.033,0.067,0.084,0.082,0.056,0.1,0.087,0.069,0.04
2000,0.3,0.047,0.038,0.06,0.21,0.068,0.032,0.042,0.033,0.32,0.3,0.047,0.038,0.06,0.21,0.068,0.032,0.042,0.033,0.32,0.084,0.036,0.058,0.085,0.063,0.032,0.085,0.082,0.064,0.042,0.084,0.036,0.058,0.085,0.063,0.032,0.085,0.082,0.064,0.042
2100,0.26,0.038,0.02,0.051,0.21,0.05,0.029,0.053,0.02,0.28,0.27,0.056,0.032,0.08,0.25,0.042,0.031,0.058,0.021,0.34,0.079,0.026,0.039,0.078,0.054,0.021,0.083,0.084,0.054,0.03,0.083,0.028,0.042,0.074,0.055,0.025,0.077,0.084,0.057,0.043
2200,0.23,0.032,0.025,0.045,0.18,0.038,0.021,0.038,0.016,0.29,0.27,0.034,0.036,0.051,0.24,0.044,0.022,0.035,0.026,0.3,0.11,0.023,0.038,0.064,0.051,0.024,0.057,0.066,0.055,0.03,0.086,0.022,0.046,0.06,0.057,0.028,0.066,0.064,0.051,0.043
2300,0.19,0.028,0.024,0.052,0.18,0.047,0.024,0.032,0.02,0.24,0.22,0.029,0.025,0.039,0.18,0.026,0.033,0.03,0.022,0.27,0.056,0.02,0.03,0.048,0.046,0.023,0.052,0.05,0.034,0.051,0.056,0.017,0.038,0.071,0.048,0.02,0.064,0.051,0.039,0.03
2400,0.19,0.033,0.025,0.044,0.15,0.03,0.021,0.024,0.018,0.27,0.19,0.028,0.025,0.044,0.18,0.039,0.021,0.035,0.023,0.25,0.042,0.023,0.035,0.055,0.04,0.023,0.055,0.047,0.034,0.025,0.061,0.021,0.032,0.055,0.047,0.02,0.06,0.057,0.032,0.027
2500,0.16,0.02,0.019,0.045,0.17,0.026,0.016,0.03,0.022,0.23,0.16,0.03,0.023,0.031,0.18,0.025,0.022,0.031,0.019,0.21,0.053,0.021,0.033,0.052,0.056,0.017,0.043,0.047,0.029,0.023,0.04,0.017,0.023,0.054,0.052,0.021,0.048,0.048,0.029,0.021
2600,0.15,0.028,0.018,0.04,0.15,0.039,0.018,0.033,0.016,0.2,0.14,0.027,0.024,0.027,0.15,0.026,0.028,0.029,0.013,0.23,0.052,0.022,0.025,0.058,0.03,0.021,0.035,0.048,0.023,0.025,0.04,0.024,0.022,0.046,0.043,0.021,0.065,0.034,0.029,0.026
2700,0.14,0.022,0.016,0.042,0.14,0.02,0.017,0.025,0.012,0.2,0.13,0.026,0.017,0.031,0.14,0.025,0.022,0.024,0.015,0.23,0.037,0.015,0.024,0.057,0.029,0.016,0.036,0.038,0.029,0.022,0.037,0.015,0.023,0.052,0.032,0.016,0.042,0.044,0.028,0.025
2800,0.11,0.025,0.025,0.029,0.13,0.023,0.022,0.017,0.017,0.24,0.15,0.023,0.023,0.044,0.14,0.019,0.021,0.019,0.015,0.16,0.031,0.017,0.023,0.04,0.028,0.023,0.041,0.03,0.028,0.031,0.035,0.018,0.022,0.032,0.032,0.015,0.036,0.046,0.037,0.022
2900,0.13,0.02,0.012,0.025,0.11,0.023,0.026,0.021,0.013,0.2,0.14,0.021,0.014,0.033,0.15,0.018,0.018,0.023,0.013,0.18,0.034,0.02,0.016,0.034,0.031,0.016,0.029,0.028,0.023,0.021,0.028,0.017,0.023,0.047,0.035,0.014,0.042,0.036,0.021,0.02
3000,0.1,0.019,0.013,0.022,0.12,0.019,0.023,0.017,0.016,0.2,0.12,0.019,0.018,0.026,0.15,0.014,0.019,0.021,0.014,0.17,0.034,0.015,0.014,0.052,0.029,0.013,0.039,0.03,0.023,0.02,0.041,0.012,0.017,0.034,0.034,0.011,0.028,0.038,0.023,0.025
3100,0.1,0.025,0.016,0.018,0.12,0.017,0.019,0.014,0.014,0.18,0.1,0.016,0.01,0.019,0.12,0.014,0.015,0.024,0.013,0.18,0.03,0.017,0.014,0.032,0.033,0.014,0.025,0.028,0.024,0.031,0.036,0.011,0.016,0.032,0.037,0.014,0.039,0.027,0.025,0.015
3200,0.092,0.019,0.013,0.037,0.15,0.017,0.013,0.016,0.015,0.15,0.11,0.018,0.012,0.028,0.1,0.016,0.015,0.019,0.015,0.16,0.029,0.015,0.016,0.037,0.032,0.015,0.028,0.031,0.016,0.021,0.034,0.013,0.015,0.038,0.024,0.014,0.041,0.032,0.015,0.018
3300,0.083,0.018,0.016,0.025,0.092,0.019,0.02,0.016,0.011,0.16,0.12,0.023,0.014,0.019,0.12,0.016,0.019,0.011,0.012,0.15,0.026,0.017,0.014,0.035,0.024,0.013,0.033,0.038,0.021,0.022,0.028,0.015,0.013,0.036,0.036,0.013,0.026,0.027,0.027,0.029
3400,0.075,0.015,0.018,0.022,0.11,0.015,0.017,0.02,0.021,0.2,0.074,0.017,0.016,0.015,0.1,0.014,0.013,0.015,0.019,0.15,0.024,0.012,0.014,0.034,0.034,0.011,0.025,0.024,0.018,0.021,0.028,0.022,0.012,0.026,0.027,0.014,0.025,0.028,0.018,0.022
3500,0.064,0.022,0.011,0.015,0.093,0.015,0.016,0.02,0.01,0.14,0.087,0.02,0.017,0.029,0.094,0.017,0.016,0.012,0.015,0.13,0.03,0.013,0.017,0.027,0.029,0.014,0.03,0.025,0.022,0.018,0.025,0.012,0.013,0.027,0.029,0.017,0.025,0.023,0.018,0.017
3600,0.061,0.015,0.011,0.012,0.092,0.011,0.017,0.013,0.0091,0.13,0.067,0.015,0.026,0.022,0.083,0.0095,0.024,0.021,0.013,0.12,0.025,0.014,0.014,0.037,0.027,0.016,0.028,0.023,0.015,0.018,0.026,0.011,0.017,0.027,0.025,0.017,0.023,0.025,0.019,0.015
3700,0.051,0.014,0.013,0.015,0.073,0.013,0.017,0.012,0.016,0.12,0.067,0.024,0.01,0.018,0.082,0.026,0.011,0.021,0.01,0.14,0.028,0.012,0.016,0.025,0.027,0.013,0.025,0.025,0.018,0.02,0.027,0.012,0.013,0.03,0.021,0.01,0.029,0.019,0.016,0.018
3800,0.043,0.013,0.015,0.018,0.06,0.018,0.01,0.025,0.016,0.14,0.064,0.015,0.0097,0.016,0.076,0.012,0.016,0.013,0.019,0.12,0.022,0.01,0.0097,0.026,0.024,0.014,0.022,0.025,0.023,0.017,0.029,0.01,0.015,0.022,0.029,0.011,0.024,0.025,0.019,0.018
3900,0.034,0.015,0.013,0.025,0.068,0.017,0.014,0.013,0.013,0.099,0.05,0.018,0.014,0.011,0.064,0.0086,0.016,0.023,0.0083,0.11,0.022,0.015,0.016,0.029,0.023,0.01,0.018,0.026,0.015,0.013,0.026,0.0093,0.012,0.03,0.025,0.014,0.026,0.034,0.017,0.017
4000,0.028,0.015,0.013,0.024,0.041,0.0092,0.012,0.014,0.012,0.1,0.037,0.012,0.011,0.022,0.046,0.014,0.02,0.017,0.016,0.091,0.018,0.0089,0.014,0.031,0.025,0.011,0.02,0.023,0.018,0.014,0.023,0.0085,0.016,0.025,0.023,0.015,0.022,0.026,0.015,0.011
4100,0.029,0.024,0.012,0.017,0.041,0.0078,0.012,0.014,0.024,0.078,0.036,0.015,0.014,0.022,0.044,0.013,0.016,0.021,0.019,0.11,0.025,0.015,0.012,0.03,0.018,0.016,0.019,0.031,0.013,0.013,0.02,0.012,0.011,0.023,0.022,0.023,0.022,0.024,0.011,0.012
4200,0.031,0.011,0.021,0.012,0.027,0.011,0.011,0.013,0.012,0.077,0.044,0.014,0.0089,0.013,0.05,0.014,0.015,0.019,0.017,0.11,0.018,0.012,0.014,0.031,0.023,0.0094,0.019,0.023,0.011,0.016,0.032,0.0094,0.012,0.025,0.021,0.019,0.015,0.019,0.013,0.016
4300,0.032,0.011,0.012,0.013,0.026,0.01,0.0098,0.011,0.011,0.058,0.036,0.011,0.012,0.018,0.038,0.019,0.012,0.014,0.011,0.087,0.017,0.014,0.0089,0.028,0.016,0.011,0.023,0.023,0.02,0.012,0.023,0.0097,0.0092,0.024,0.022,0.014,0.015,0.021,0.017,0.012
4400,0.022,0.014,0.021,0.022,0.025,0.018,0.021,0.0069,0.015,0.059,0.023,0.014,0.0096,0.015,0.029,0.018,0.012,0.0089,0.011,0.083,0.017,0.017,0.01,0.023,0.02,0.011,0.015,0.022,0.017,0.0089,0.023,0.015,0.0088,0.028,0.022,0.021,0.018,0.021,0.02,0.011
4500,0.028,0.014,0.015,0.036,0.036,0.0092,0.014,0.027,0.02,0.049,0.02,0.014,0.019,0.012,0.03,0.012,0.012,0.0074,0.0076,0.068,0.018,0.0091,0.01,0.019,0.02,0.0076,0.021,0.017,0.011,0.012,0.027,0.011,0.012,0.022,0.018,0.0094,0.02,0.022,0.015,0.015
4600,0.019,0.013,0.012,0.021,0.035,0.012,0.014,0.0079,0.012,0.041,0.018,0.017,0.011,0.013,0.031,0.022,0.01,0.0083,0.0096,0.046,0.022,0.014,0.01,0.02,0.022,0.016,0.013,0.018,0.017,0.012,0.017,0.0074,0.01,0.023,0.02,0.014,0.015,0.02,0.013,0.01
4700,0.019,0.011,0.014,0.012,0.03,0.019,0.012,0.011,0.011,0.042,0.015,0.013,0.01,0.029,0.03,0.012,0.011,0.012,0.013,0.041,0.02,0.0065,0.0085,0.024,0.017,0.0094,0.016,0.023,0.016,0.0087,0.018,0.012,0.013,0.021,0.018,0.015,0.018,0.019,0.018,0.01
4800,0.023,0.011,0.013,0.014,0.03,0.022,0.009,0.014,0.0064,0.042,0.024,0.013,0.01,0.031,0.026,0.0063,0.014,0.015,0.024,0.034,0.018,0.0073,0.0084,0.017,0.014,0.011,0.016,0.02,0.014,0.01,0.017,0.01,0.012,0.016,0.018,0.013,0.011,0.025,0.014,0.013
4900,0.018,0.02,0.0097,0.029,0.031,0.016,0.015,0.013,0.0077,0.036,0.014,0.011,0.017,0.0093,0.032,0.01,0.012,0.015,0.011,0.028,0.016,0.012,0.0075,0.015,0.018,0.0098,0.016,0.023,0.015,0.014,0.019,0.015,0.015,0.026,0.019,0.01,0.013,0.018,0.012,0.012
5000,0.017,0.012,0.013,0.02,0.028,0.019,0.012,0.017,0.0096,0.034,0.017,0.0079,0.016,0.024,0.028,0.01,0.021,0.018,0.028,0.029,0.017,0.011,0.011,0.018,0.017,0.013,0.018,0.031,0.015,0.0099,0.015,0.0096,0.013,0.024,0.019,0.012,0.018,0.019,0.024,0.01
5100,0.015,0.011,0.0092,0.037,0.021,0.015,0.0094,0.031,0.0096,0.026,0.015,0.0076,0.0087,0.013,0.023,0.015,0.013,0.0086,0.0094,0.028,0.015,0.0084,0.016,0.024,0.015,0.0083,0.012,0.018,0.011,0.0096,0.022,0.0071,0.0084,0.016,0.017,0.011,0.014,0.019,0.014,0.012
5200,0.028,0.0086,0.013,0.0076,0.016,0.011,0.012,0.021,0.01,0.027,0.011,0.012,0.015,0.032,0.031,0.0052,0.0096,0.022,0.011,0.024,0.014,0.0069,0.013,0.015,0.013,0.0074,0.012,0.019,0.015,0.011,0.016,0.011,0.012,0.018,0.019,0.014,0.012,0.015,0.011,0.0079
5300,0.013,0.0067,0.012,0.012,0.019,0.018,0.013,0.011,0.014,0.025,0.013,0.012,0.021,0.013,0.047,0.0097,0.017,0.017,0.006,0.028,0.022,0.0067,0.0068,0.015,0.024,0.011,0.021,0.018,0.015,0.011,0.016,0.011,0.019,0.015,0.023,0.011,0.014,0.015,0.012,0.0077
5400,0.014,0.011,0.013,0.014,0.027,0.014,0.014,0.016,0.02,0.022,0.019,0.016,0.012,0.0093,0.035,0.015,0.0086,0.019,0.0079,0.027,0.016,0.011,0.0065,0.017,0.016,0.01,0.016,0.017,0.0091,0.0079,0.016,0.02,0.0088,0.015,0.023,0.011,0.015,0.016,0.019,0.013
5500,0.015,0.012,0.018,0.038,0.019,0.011,0.017,0.013,0.01,0.022,0.019,0.008,0.01,0.012,0.017,0.011,0.011,0.014,0.012,0.03,0.015,0.0066,0.012,0.02,0.018,0.0089,0.0074,0.017,0.017,0.0084,0.019,0.0074,0.013,0.018,0.018,0.01,0.013,0.02,0.013,0.0099
5600,0.016,0.0071,0.011,0.018,0.022,0.012,0.017,0.015,0.016,0.033,0.012,0.008,0.011,0.015,0.035,0.014,0.014,0.008,0.013,0.025,0.015,0.0066,0.012,0.019,0.016,0.0087,0.012,0.02,0.0093,0.0092,0.013,0.0072,0.0097,0.014,0.015,0.013,0.015,0.012,0.02,0.0088
5700,0.014,0.0063,0.013,0.014,0.018,0.017,0.011,0.02,0.0057,0.028,0.017,0.011,0.0058,0.012,0.018,0.0098,0.02,0.0074,0.0084,0.034,0.016,0.0059,0.0096,0.017,0.011,0.011,0.0096,0.015,0.013,0.0074,0.013,0.011,0.01,0.013,0.016,0.012,0.012,0.015,0.02,0.012
5800,0.013,0.034,0.012,0.045,0.026,0.0084,0.012,0.01,0.005,0.022,0.02,0.0079,0.012,0.011,0.03,0.017,0.0072,0.023,0.0094,0.022,0.013,0.008,0.0082,0.013,0.013,0.012,0.01,0.015,0.0081,0.011,0.016,0.012,0.0065,0.024,0.012,0.0078,0.016,0.013,0.01,0.0085
5900,0.015,0.027,0.0084,0.013,0.018,0.0078,0.017,0.022,0.013,0.017,0.012,0.02,0.0086,0.01,0.017,0.031,0.0071,0.031,0.011,0.014,0.011,0.0088,0.0091,0.017,0.013,0.014,0.0099,0.015,0.013,0.0064,0.011,0.0059,0.0077,0.017,0.023,0.0084,0.0098,0.015,0.012,0.0094
6000,0.011,0.015,0.016,0.033,0.025,0.01,0.012,0.013,0.0054,0.03,0.015,0.031,0.015,0.02,0.025,0.011,0.0069,0.0083,0.0077,0.017,0.0097,0.0047,0.013,0.011,0.013,0.0098,0.011,0.015,0.01,0.0069,0.017,0.013,0.0098,0.021,0.012,0.016,0.018,0.019,0.015,0.01
6100,0.0082,0.01,0.0084,0.02,0.034,0.016,0.01,0.02,0.02,0.033,0.027,0.018,0.013,0.015,0.027,0.02,0.009,0.0065,0.013,0.024,0.013,0.0067,0.0078,0.018,0.017,0.016,0.0081,0.017,0.013,0.014,0.017,0.01,0.013,0.019,0.019,0.011,0.015,0.01,0.013,0.012
6200,0.012,0.018,0.012,0.027,0.016,0.015,0.0076,0.011,0.013,0.02,0.01,0.0059,0.0064,0.049,0.016,0.0067,0.0065,0.0075,0.0081,0.024,0.01,0.006,0.012,0.011,0.013,0.0068,0.0087,0.015,0.01,0.0082,0.0086,0.0043,0.01,0.015,0.014,0.0062,0.014,0.014,0.014,0.0072
6300,0.0094,0.0092,0.0073,0.013,0.02,0.016,0.0084,0.0082,0.008,0.021,0.0071,0.007,0.024,0.01,0.02,0.0087,0.025,0.0081,0.0064,0.034,0.01,0.011,0.012,0.012,0.012,0.012,0.0076,0.011,0.0078,0.0063,0.01,0.0075,0.009,0.01,0.018,0.0091,0.015,0.014,0.0094,0.0094
6400,0.017,0.028,0.0095,0.01,0.014,0.013,0.015,0.039,0.0075,0.021,0.022,0.019,0.0093,0.013,0.024,0.023,0.0095,0.0084,0.0053,0.025,0.013,0.0059,0.0075,0.013,0.013,0.0089,0.007,0.019,0.013,0.0081,0.013,0.006,0.009,0.013,0.018,0.011,0.0084,0.013,0.015,0.0092
6500,0.0081,0.0061,0.011,0.016,0.019,0.0061,0.013,0.013,0.0064,0.026,0.011,0.0093,0.0083,0.023,0.039,0.018,0.018,0.011,0.0089,0.034,0.01,0.0089,0.006,0.012,0.017,0.0087,0.0076,0.016,0.01,0.0064,0.018,0.0074,0.0095,0.013,0.016,0.01,0.016,0.011,0.014,0.011
6600,0.01,0.014,0.009,0.031,0.03,0.014,0.0071,0.0077,0.0032,0.028,0.011,0.011,0.0077,0.014,0.024,0.011,0.018,0.015,0.0074,0.031,0.012,0.005,0.01,0.011,0.015,0.01,0.01,0.012,0.0098,0.015,0.012,0.0073,0.013,0.0097,0.014,0.0063,0.0085,0.017,0.0099,0.0088
6700,0.02,0.009,0.0095,0.014,0.016,0.0092,0.018,0.01,0.0076,0.013,0.0077,0.021,0.0085,0.017,0.037,0.01,0.02,0.056,0.011,0.017,0.014,0.007,0.0065,0.0072,0.016,0.011,0.011,0.012,0.022,0.0063,0.0099,0.0067,0.012,0.014,0.011,0.009,0.0084,0.01,0.017,0.0054
6800,0.015,0.013,0.017,0.01,0.022,0.01,0.01,0.015,0.0098,0.017,0.0074,0.0092,0.023,0.015,0.018,0.013,0.037,0.011,0.026,0.019,0.011,0.0051,0.013,0.011,0.015,0.0086,0.011,0.013,0.0091,0.0078,0.011,0.0065,0.015,0.0086,0.016,0.0098,0.017,0.012,0.011,0.011
6900,0.012,0.0093,0.024,0.041,0.021,0.013,0.0073,0.0064,0.0098,0.013,0.023,0.0064,0.0078,0.029,0.014,0.0075,0.012,0.014,0.0045,0.036,0.01,0.0045,0.0099,0.013,0.017,0.014,0.013,0.0089,0.0091,0.006,0.013,0.0072,0.011,0.011,0.011,0.0062,0.01,0.02,0.011,0.0069
7000,0.0099,0.0099,0.0078,0.012,0.026,0.0076,0.024,0.014,0.011,0.024,0.0088,0.0093,0.019,0.012,0.02,0.0095,0.013,0.015,0.0061,0.015,0.018,0.0075,0.0085,0.0089,0.013,0.0067,0.0099,0.014,0.011,0.0093,0.014,0.0069,0.011,0.012,0.015,0.0074,0.013,0.0099,0.016,0.0077
7100,0.012,0.02,0.014,0.022,0.018,0.0054,0.0078,0.032,0.0073,0.013,0.014,0.0051,0.01,0.013,0.012,0.0065,0.0076,0.0078,0.0051,0.035,0.0083,0.0058,0.014,0.011,0.02,0.0082,0.0075,0.013,0.011,0.01,0.0094,0.009,0.014,0.0087,0.013,0.0091,0.014,0.017,0.013,0.011
7200,0.01,0.021,0.0097,0.016,0.03,0.018,0.0067,0.0097,0.016,0.012,0.017,0.01,0.017,0.014,0.012,0.047,0.011,0.027,0.0043,0.027,0.013,0.0046,0.0098,0.0089,0.0091,0.0055,0.0078,0.014,0.012,0.0074,0.024,0.012,0.0075,0.018,0.013,0.014,0.0084,0.02,0.011,0.0073
7300,0.024,0.029,0.0057,0.012,0.018,0.041,0.014,0.012,0.012,0.029,0.018,0.0075,0.0046,0.034,0.015,0.016,0.0088,0.012,0.0056,0.02,0.016,0.0049,0.0096,0.012,0.011,0.011,0.015,0.026,0.0084,0.011,0.014,0.0072,0.012,0.0065,0.013,0.012,0.012,0.011,0.01,0.007
7400,0.013,0.014,0.014,0.0099,0.022,0.0064,0.014,0.018,0.0084,0.017,0.01,0.0093,0.016,0.017,0.013,0.0072,0.0067,0.0095,0.008,0.013,0.0079,0.0083,0.016,0.0087,0.016,0.01,0.0083,0.013,0.0085,0.0054,0.011,0.0078,0.014,0.007,0.013,0.0071,0.0084,0.017,0.0096,0.006
7500,0.024,0.0091,0.0076,0.014,0.015,0.0053,0.0071,0.007,0.023,0.015,0.0084,0.014,0.012,0.01,0.014,0.0058,0.0078,0.014,0.01,0.033,0.011,0.008,0.013,0.0062,0.011,0.015,0.011,0.014,0.0095,0.0084,0.013,0.012,0.0084,0.0092,0.014,0.014,0.0082,0.023,0.011,0.0077
7600,0.0081,0.011,0.0031,0.0099,0.013,0.015,0.018,0.014,0.0022,0.021,0.012,0.04,0.0062,0.011,0.041,0.0096,0.007,0.028,0.028,0.016,0.014,0.0078,0.01,0.016,0.01,0.0064,0.013,0.01,0.01,0.0062,0.01,0.0068,0.0078,0.0076,0.0096,0.011,0.0081,0.012,0.012,0.0068
7700,0.0085,0.0075,0.0059,0.018,0.016,0.023,0.021,0.019,0.0067,0.025,0.014,0.017,0.013,0.012,0.018,0.013,0.017,0.011,0.0084,0.018,0.0094,0.0067,0.015,0.015,0.012,0.011,0.0085,0.0094,0.0083,0.0058,0.015,0.0068,0.0066,0.011,0.015,0.0085,0.01,0.015,0.0074,0.0088
7800,0.011,0.012,0.0067,0.018,0.026,0.014,0.0083,0.0093,0.0025,0.013,0.02,0.017,0.0059,0.037,0.015,0.022,0.0094,0.019,0.0052,0.018,0.013,0.0059,0.0092,0.013,0.01,0.0062,0.0089,0.017,0.0098,0.0049,0.011,0.0082,0.0085,0.0072,0.015,0.0072,0.0067,0.012,0.011,0.0076
7900,0.011,0.011,0.015,0.012,0.024,0.014,0.0091,0.0069,0.0097,0.028,0.015,0.0086,0.018,0.0095,0.013,0.014,0.026,0.0055,0.015,0.022,0.0084,0.012,0.0069,0.01,0.02,0.011,0.012,0.012,0.0081,0.0079,0.024,0.0089,0.0089,0.009,0.0096,0.005,0.0072,0.015,0.0096,0.011
8000,0.0095,0.012,0.0094,0.0082,0.025,0.016,0.0083,0.006,0.0056,0.021,0.0084,0.009,0.014,0.0087,0.016,0.012,0.0074,0.0086,0.016,0.015,0.0083,0.0057,0.0083,0.014,0.014,0.0059,0.0057,0.011,0.011,0.0076,0.013,0.0052,0.0092,0.0091,0.017,0.0078,0.015,0.011,0.0083,0.007
8100,0.0087,0.01,0.0069,0.0081,0.017,0.0083,0.016,0.013,0.007,0.019,0.0089,0.014,0.0043,0.013,0.012,0.015,0.011,0.013,0.0061,0.014,0.0095,0.0065,0.0086,0.0075,0.012,0.01,0.011,0.017,0.014,0.0078,0.012,0.0047,0.011,0.012,0.014,0.016,0.0075,0.0076,0.013,0.0058
8200,0.013,0.022,0.0058,0.011,0.051,0.022,0.0053,0.012,0.0065,0.035,0.016,0.023,0.012,0.012,0.017,0.022,0.017,0.011,0.0099,0.011,0.0072,0.0079,0.0058,0.0052,0.0077,0.008,0.011,0.008,0.0092,0.0098,0.0081,0.0053,0.01,0.0066,0.017,0.0064,0.007,0.01,0.017,0.0091
8300,0.0086,0.013,0.0087,0.012,0.013,0.021,0.018,0.017,0.0048,0.013,0.0045,0.01,0.0095,0.0091,0.013,0.0084,0.0062,0.013,0.0065,0.029,0.0067,0.0028,0.0061,0.0091,0.015,0.013,0.015,0.009,0.0068,0.0076,0.0062,0.0049,0.0082,0.012,0.011,0.0078,0.011,0.011,0.0083,0.0058
8400,0.0065,0.0084,0.028,0.034,0.028,0.0063,0.0074,0.015,0.019,0.016,0.016,0.0094,0.009,0.041,0.0094,0.013,0.0074,0.0051,0.012,0.012,0.0075,0.0038,0.0052,0.011,0.011,0.0055,0.0074,0.016,0.011,0.006,0.017,0.0057,0.012,0.0067,0.014,0.0097,0.01,0.015,0.0084,0.0073
8500,0.016,0.0067,0.015,0.01,0.016,0.0076,0.011,0.01,0.034,0.04,0.006,0.0097,0.012,0.01,0.032,0.012,0.018,0.014,0.011,0.0084,0.012,0.0031,0.0078,0.0063,0.014,0.0088,0.013,0.016,0.014,0.0085,0.0087,0.0087,0.012,0.0053,0.013,0.0081,0.014,0.013,0.0087,0.011
8600,0.019,0.029,0.0056,0.01,0.021,0.012,0.0092,0.015,0.0047,0.03,0.022,0.0053,0.0071,0.012,0.011,0.013,0.008,0.0087,0.0043,0.016,0.019,0.0031,0.0082,0.0069,0.01,0.011,0.006,0.012,0.017,0.016,0.0085,0.006,0.0076,0.019,0.0099,0.0097,0.0062,0.0085,0.0058,0.0047
8700,0.0086,0.0068,0.0059,0.014,0.031,0.024,0.013,0.015,0.0037,0.016,0.016,0.017,0.0076,0.018,0.018,0.0068,0.017,0.015,0.0087,0.013,0.0099,0.0043,0.012,0.0065,0.0098,0.0079,0.0061,0.015,0.0081,0.007,0.012,0.0055,0.012,0.0056,0.009,0.0052,0.0069,0.019,0.0086,0.0056
8800,0.016,0.005,0.0059,0.0096,0.024,0.027,0.0061,0.014,0.011,0.019,0.007,0.0068,0.0085,0.0063,0.022,0.012,0.011,0.0061,0.0058,0.012,0.017,0.0048,0.0069,0.0065,0.013,0.012,0.0074,0.006,0.01,0.0079,0.013,0.0067,0.0086,0.0078,0.0098,0.006,0.0066,0.018,0.0082,0.0055
8900,0.019,0.01,0.0082,0.0079,0.029,0.013,0.013,0.0098,0.0084,0.034,0.015,0.007,0.01,0.011,0.022,0.012,0.011,0.026,0.014,0.018,0.0074,0.0063,0.0056,0.0061,0.015,0.0065,0.0094,0.012,0.0078,0.012,0.0079,0.0036,0.0062,0.01,0.017,0.0073,0.0056,0.01,0.011,0.0092
9000,0.025,0.033,0.0037,0.018,0.022,0.015,0.0094,0.0076,0.01,0.019,0.012,0.0066,0.014,0.022,0.015,0.0094,0.008,0.023,0.011,0.0095,0.0079,0.0051,0.0064,0.018,0.012,0.017,0.0071,0.0071,0.0056,0.0062,0.014,0.0062,0.0065,0.0052,0.011,0.0089,0.01,0.016,0.0087,0.0052
9100,0.024,0.0088,0.0098,0.018,0.026,0.0088,0.014,0.016,0.0039,0.015,0.01,0.0082,0.0046,0.0061,0.011,0.0077,0.0076,0.0074,0.0058,0.055,0.012,0.0022,0.007,0.0062,0.0096,0.0093,0.011,0.0063,0.008,0.0073,0.0075,0.0048,0.0079,0.0083,0.015,0.0034,0.0097,0.0088,0.0076,0.0067
9200,0.014,0.024,0.0093,0.0051,0.013,0.011,0.008,0.023,0.0099,0.016,0.0061,0.006,0.0089,0.016,0.012,0.015,0.0068,0.01,0.0048,0.029,0.009,0.0098,0.0051,0.0069,0.0094,0.0048,0.0077,0.014,0.012,0.0061,0.0086,0.0078,0.0051,0.0057,0.01,0.0062,0.0087,0.008,0.0074,0.0068
9300,0.01,0.0086,0.0076,0.0078,0.013,0.0094,0.0049,0.014,0.0086,0.025,0.0092,0.016,0.0041,0.019,0.0094,0.0091,0.0055,0.0062,0.0048,0.0073,0.0074,0.0043,0.0079,0.0059,0.011,0.0089,0.0089,0.0095,0.0086,0.0045,0.0081,0.0078,0.01,0.0097,0.013,0.0071,0.0072,0.015,0.007,0.0054
9400,0.0058,0.016,0.01,0.0085,0.017,0.019,0.012,0.0058,0.0089,0.017,0.0051,0.015,0.012,0.0083,0.017,0.023,0.012,0.0088,0.0055,0.021,0.0061,0.0071,0.012,0.0065,0.016,0.0043,0.0077,0.0084,0.0086,0.0062,0.008,0.012,0.0098,0.0043,0.0067,0.0076,0.011,0.01,0.0092,0.0057
9500,0.011,0.014,0.007,0.011,0.0063,0.0061,0.0063,0.016,0.0087,0.02,0.031,0.0042,0.01,0.017,0.016,0.0073,0.015,0.0096,0.0042,0.011,0.0097,0.0065,0.006,0.009,0.011,0.0042,0.014,0.018,0.0064,0.0096,0.0069,0.0048,0.0051,0.011,0.0095,0.0087,0.013,0.015,0.012,0.0082
9600,0.011,0.0045,0.0059,0.021,0.014,0.015,0.012,0.01,0.0068,0.013,0.0059,0.0058,0.0094,0.02,0.034,0.019,0.0078,0.0088,0.015,0.0075,0.0082,0.0041,0.0075,0.0056,0.0081,0.0096,0.015,0.0093,0.0055,0.0056,0.014,0.0054,0.0058,0.0063,0.0098,0.0058,0.021,0.012,0.0086,0.0064
9700,0.0074,0.041,0.01,0.017,0.011,0.012,0.025,0.024,0.0097,0.015,0.0065,0.01,0.018,0.014,0.019,0.0068,0.021,0.0063,0.0038,0.023,0.0068,0.0032,0.0048,0.011,0.0096,0.0064,0.0054,0.012,0.011,0.0054,0.0059,0.0059,0.016,0.01,0.011,0.012,0.0077,0.0096,0.0091,0.01
9800,0.0074,0.0048,0.0066,0.0067,0.014,0.018,0.018,0.0075,0.0085,0.014,0.0064,0.0099,0.012,0.013,0.014,0.0081,0.012,0.012,0.015,0.0091,0.0064,0.0035,0.0069,0.007,0.0081,0.0089,0.0038,0.0097,0.0073,0.0074,0.0068,0.006,0.0083,0.012,0.011,0.0076,0.0067,0.012,0.012,0.0058
9900,0.005,0.0075,0.011,0.011,0.02,0.011,0.015,0.0079,0.0037,0.012,0.0056,0.0096,0.0046,0.016,0.035,0.008,0.024,0.0062,0.0047,0.011,0.011,0.0029,0.0061,0.0075,0.0086,0.011,0.011,0.0095,0.011,0.0051,0.0096,0.0062,0.011,0.0055,0.0078,0.0044,0.0085,0.0058,0.011,0.0042
10001,0.0040192,0.009916409,0.005859715,0.007436583,0.01076781,0.007755895,0.003484449,0.006187899,0.002982995,0.01550973,0.01039319,0.004853691,0.007360118,0.004910905,0.01282845,0.006923567,0.004850152,0.01507339,0.004199124,0.005131504,0.004825757,0.00644078,0.005847961,0.00389489,0.007778176,0.005301856,0.004110088,0.006433357,0.005961787,0.003588192,0.006831753,0.004288448,0.009786885,0.007987275,0.007979752,0.006880248,0.01286422,0.01064983,0.005990458,0.00403384
10100,0.002336784,0.001579418,0.001566593,0.001989962,0.003077222,0.003468939,0.00173171,0.003016255,0.001124168,0.003640117,0.002695755,0.001798709,0.002719608,0.002531564,0.004632172,0.003618509,0.002778368,0.002960009,0.001248531,0.002009586,0.00279809,0.001595929,0.002311125,0.002414436,0.003472045,0.002803713,0.003103321,0.002997068,0.003746875,0.002321609,0.0030693,0.001651085,0.002635919,0.002657464,0.00421438,0.003003873,0.002511577,0.003236968,0.004158473,0.002185541
10194,,,,,,,0.0016259999999999998,,,,,,,,,,,,,,,,,,,,,,,,,,,,,,,,,
10200,0.00193108,0.001179063,0.001116905,0.001559015,0.00242024,0.001874277,,0.002684925,0.0009790791,0.002025218,0.001400133,0.0008735437,0.001174242,0.001583446,0.002175265,0.00208038,0.001538839,0.002914175,0.0009231984,0.001676745,0.001757408,0.001006648,0.001546575,0.001844776,0.003032599,0.002331404,0.002529423,0.002166261,0.002113977,0.001651727,0.001638019,0.000989456,0.001552863,0.001750035,0.003267209,0.002312086,0.002275353,0.002087542,0.002241864,0.001554461
10239,,,,,,,,,,,,0.0010090000000000001,,,,,,,,,,,,,,,,,,,,,,,,,,,,
10300,0.001503768,0.001052742,0.0008628925,0.001242244,0.001829199,0.001119843,,0.002018222,0.000781492,0.001646173,0.001395392,,0.001098617,0.001268603,0.001645148,0.001342949,0.001307361,0.001974488,0.0007981466,0.00162991,0.00153015,0.0008495024,0.001417195,0.0009579345,0.001806074,0.001879508,0.002173961,0.001596386,0.001264326,0.001622502,0.0009079835,0.0008379344,0.001600514,0.001065455,0.002097649,0.001864496,0.001996425,0.001672836,0.001673897,0.001520334
10355,,0.001055,,,,,,,,,,,,,,,,,,,,,,,,,,,,,,,,,,,,,,
10400,0.001108726,,0.0007757479,0.0008840959,0.001525619,0.0007922939,,0.001545765,0.0006280165,0.001441057,0.001097027,,0.0008091499,0.0008568724,0.001369733,0.0007989898,0.0009325592,0.001750516,0.0006564701,0.001092849,0.001217134,0.0005461983,0.001120443,0.0006722472,0.001667711,0.001396138,0.001408075,0.001503219,0.001273563,0.001359627,0.001017577,0.0005061209,0.001308762,0.0007473243,0.001850351,0.001348933,0.001355275,0.001576156,0.001100243,0.001397751
10415,,,,,,,,,,,,,0.0007367,,,,,,,,,,,,,,,,,,,,,,,,,,,
10440,,,,,,,,,0.0007001,,,,,,,,,,,,,,,,,,,,,,,,,,,,,,,
10443,,,,,,,,,,,,,,,,,,,0.0006104,,,,,,,,,,,,,,,,,,,,,
10467,,,,,0.001372,,,,,,,,,,,,,,,,,,,,,,,,,,,,,,,,,,,
10473,,,,,,,,,,,,,,,,,,,,,,0.0004043,,,,,,,,,,,,,,,,,,
10480,,,0.0006117000000000001,,,,,,,,,,,,,,,,,,,,,,,,,,,,,,,,,,,,,
10500,0.0006454837,,,0.0005932819,,0.0006092683,,0.001407071,,0.001093973,0.0007102675,,,0.0006372737,0.001159003,0.0005842199,0.0008415155,0.001031202,,0.0005857489,0.001266418,,0.0009441791,0.0005784719,0.001238047,0.001252607,0.001267191,0.001381296,0.00115077,0.001227868,0.0009817806,0.0004181607,0.0008327274,0.0006188773,0.001527356,0.001154868,0.001030254,0.001474349,0.001041395,0.001408093
10520,,,,,,,,,,,,,,,,,,,,,,,,,,,,,,,,0.00035150000000000003,,,,,,,,
10530,,,,,,,,,,,0.0006095,,,,,,,,,,,,,,,,,,,,,,,,,,,,,
10534,,,,,,,,,,,,,,,,,0.0007931,,,,,,,,,,,,,,,,,,,,,,,
10599,0.0005438,,,,,,,,,,,,,,,,,,,,,,,,,,,,,,,,,,,,,,,
10600,,,,0.0005169281,,0.0004269248,,0.0008551381,,0.0008548914,,,,0.0005793427,0.001287085,0.0003859697,,0.0009306892,,0.0006612721,0.000693023,,0.0008161523,0.0004097059,0.0009861132,0.0007847224,0.0008349385,0.001152932,0.001212516,0.001019596,0.0007925534,,0.0007200936,0.0005460934,0.00123206,0.001004742,0.0008518702,0.001251483,0.0009279555,0.00101602
10695,,,,,,,,0.0008135000000000001,,,,,,,,,,,,,,,,,,,,,,,,,,,,,,,,
10700,,,,0.0004742813,,0.0003471337,,,,0.0007915889,,,,0.0005177184,0.001032917,0.0003204502,,0.00074079,,0.0004521126,0.0005224514,,0.0006431233,0.0004505137,0.0009297446,0.0008248499,0.0008948693,0.001042652,0.001107762,0.0008793775,0.0005933161,,0.000618735,0.0004527324,0.000885192,0.0008588647,0.0008124857,0.001266945,0.0007436819,0.0009626867
10714,,,,,,,,,,,,,,,,,,,,,,,0.0006339000000000001,,,,,,,,,,,,,,,,,
10718,,,,,,,,,,,,,,,,,,,,,,,,,,,,0.0009954,,,,,,,,,,,,
10790,,,,,,,,,,,,,,,,,,,,,,,,0.0003762,,,,,,,,,,,,,,,,
10791,,,,,,,,,,,,,,,,,,,,,,,,,,0.000721,,,,,,,,,,,,,,
10800,,,,0.000432975,,0.0002910912,,,,0.0005733258,,,,0.0004573592,0.0008748025,0.0003035947,,0.0007845155,,0.0004578945,0.0004470933,,,,0.0009701885,,0.0007822072,,0.001089509,0.0007600185,0.0004777476,,0.0005680526,0.0003961205,0.0008586352,0.0007472336,0.0007103783,0.0009500945,0.000598848,0.0007390326
10827,,,,,,,,,,,,,,,,0.0003083,,,,,,,,,,,,,,,,,,,,,,,,
10892,,,,0.00040419999999999996,,,,,,,,,,,,,,,,,,,,,,,,,,,,,,,,,,,,
10900,,,,,,0.0003898497,,,,0.0005672005,,,,0.0004371318,0.0007147968,,,0.0007154679,,0.000373945,0.0004433784,,,,0.0009291041,,0.0007953243,,0.000905333,0.0007345937,0.0005446375,,0.0005131597,0.0003917541,0.0008489962,0.0006678547,0.0007121051,0.0008899735,0.0005853035,0.0006530898
10911,,,,,,,,,,,,,,,,,,,,,,,,,,,,,,,,,,,,,,,,0.0006397999999999999
10936,,,,,,,,,,,,,,,,,,,,,,,,,,,,,,,,,,,,,,,0.0005812,
10937,,,,,,0.0003294,,,,,,,,,,,,,,,,,,,,,,,,,,,,,,,,,,
10954,,,,,,,,,,,,,,,,,,,,,,,,,,,,,,,,,,,,0.0005914,,,,
11000,,,,,,,,,,0.000454017,,,,0.000442728,0.0006611602,,,0.0006835846,,0.0003658812,0.0004872395,,,,0.0009796912,,0.0008305428,,0.0008189882,0.0007221828,0.0004204218,,0.0004995069,0.0004121657,0.0008009204,,0.0006857013,0.0008514184,,
11011,,,,,,,,,,,,,,0.0004475,,,,,,,,,,,,,,,,,,,,,,,,,,
11031,,,,,,,,,,,,,,,,,,,,,,,,,,,,,,,0.00035299999999999996,,,,,,,,,
11035,,,,,,,,,,,,,,,,,,,,,,,,,,,,,,,,,,,,,0.0006602,,,
11096,,,,,,,,,,,,,,,,,,,,,,,,,,,,,0.0007167,,,,,,,,,,,
11100,,,,,,,,,,0.000422122,,,,,0.0006316506,,,0.0006814694,,0.0004217593,0.0005259973,,,,0.0007682515,,0.0007678018,,,0.0007468818,,,0.0004724521,0.0003674865,0.0008239434,,,0.0008579744,,
11105,,,,,,,,,,,,,,,,,,0.0006907,,,,,,,,,,,,,,,,,,,,,,
11183,,,,,,,,,,,,,,,0.0005978,,,,,,,,,,,,,,,,,,,,,,,,,
11200,,,,,,,,,,0.0004802614,,,,,,,,,,0.0004152713,0.0004777852,,,,0.0007333609,,0.0006862981,,,0.0005405127,,,0.0003936578,0.0002996649,0.0006792307,,,0.000797926,,
11216,,,,,,,,,,,,,,,,,,,,0.000401,,,,,,,,,,,,,,,,,,,,
11289,,,,,,,,,,,,,,,,,,,,,,,,,,,,,,,,,0.0004324,,,,,,,
11300,,,,,,,,,,0.000462685,,,,,,,,,,,0.0004443231,,,,0.0006964061,,0.000605559,,,0.0004290274,,,,0.0002869686,0.0006198012,,,0.0007863476,,
11356,,,,,,,,,,0.00044540000000000004,,,,,,,,,,,,,,,,,,,,,,,,,,,,,,
11379,,,,,,,,,,,,,,,,,,,,,0.0004029,,,,,,,,,,,,,,,,,,,
11400,,,,,,,,,,,,,,,,,,,,,,,,,0.0005745746,,0.0005172474,,,0.0004466128,,,,0.0002712127,0.0005474087,,,0.0006731325,,
11416,,,,,,,,,,,,,,,,,,,,,,,,,,,,,,,,,,,0.0005344999999999999,,,,,
11500,,,,,,,,,,,,,,,,,,,,,,,,,0.0005617343,,0.0004691998,,,0.0004090606,,,,0.0002660991,,,,0.0005519666,,
11600,,,,,,,,,,,,,,,,,,,,,,,,,0.0004871432,,0.000327715,,,0.0003711719,,,,0.0002764615,,,,0.0005053006,,
11620,,,,,,,,,,,,,,,,,,,,,,,,,,,,,,,,,,,,,,0.000555,,
11692,,,,,,,,,,,,,,,,,,,,,,,,,,,,,,,,,,0.0002569,,,,,,
11700,,,,,,,,,,,,,,,,,,,,,,,,,0.0004509256,,0.0003454821,,,0.0003354084,,,,,,,,,,
11769,,,,,,,,,,,,,,,,,,,,,,,,,0.0003918,,,,,,,,,,,,,,,
11800,,,,,,,,,,,,,,,,,,,,,,,,,,,0.0003030037,,,0.0003025876,,,,,,,,,,
11900,,,,,,,,,,,,,,,,,,,,,,,,,,,0.0002917395,,,0.0003149901,,,,,,,,,,
12000,,,,,,,,,,,,,,,,,,,,,,,,,,,0.0002948103,,,0.0002747498,,,,,,,,,,
12028,,,,,,,,,,,,,,,,,,,,,,,,,,,,,,0.0002599,,,,,,,,,,
12100,,,,,,,,,,,,,,,,,,,,,,,,,,,0.0003106732,,,,,,,,,,,,,
12200,,,,,,,,,,,,,,,,,,,,,,,,,,,0.0002582099,,,,,,,,,,,,,
12248,,,,,,,,,,,,,,,,,,,,,,,,,,,0.00022579999999999999,,,,,,,,,,,,,
