iteration,DV__seed3__loss,DV__seed3__rel_l2_error,DV__seed20__loss,DV__seed20__rel_l2_error,DV__seed57__loss,DV__seed57__rel_l2_error,DV__seed73__loss,DV__seed73__rel_l2_error,DV__seed88__loss,DV__seed88__rel_l2_error,DV__seed487__loss,DV__seed487__rel_l2_error,DV__seed672__loss,DV__seed672__rel_l2_error,DV__seed954__loss,DV__seed954__rel_l2_error,DV__seed3407__loss,DV__seed3407__rel_l2_error,DV__seed114514__loss,DV__seed114514__rel_l2_error,PINN__seed3__loss,PINN__seed3__rel_l2_error,PINN__seed20__loss,PINN__seed20__rel_l2_error,PINN__seed57__loss,PINN__seed57__rel_l2_error,PINN__seed73__loss,PINN__seed73__rel_l2_error,PINN__seed88__loss,PINN__seed88__rel_l2_error,PINN__seed487__loss,PINN__seed487__rel_l2_error,PINN__seed672__loss,PINN__seed672__rel_l2_error,PINN__seed954__loss,PINN__seed954__rel_l2_error,PINN__seed3407__loss,PINN__seed3407__rel_l2_error,PINN__seed114514__loss,PINN__seed114514__rel_l2_error,pinn-rar-s__seed3__loss,pinn-rar-s__seed3__rel_l2_error,pinn-rar-s__seed20__loss,pinn-rar-s__seed20__rel_l2_error,pinn-rar-s__seed57__loss,pinn-rar-s__seed57__rel_l2_error,pinn-rar-s__seed73__loss,pinn-rar-s__seed73__rel_l2_error,pinn-rar-s__seed88__loss,pinn-rar-s__seed88__rel_l2_error,pinn-rar-s__seed487__loss,pinn-rar-s__seed487__rel_l2_error,pinn-rar-s__seed672__loss,pinn-rar-s__seed672__rel_l2_error,pinn-rar-s__seed954__loss,pinn-rar-s__seed954__rel_l2_error,pinn-rar-s__seed3407__loss,pinn-rar-s__seed3407__rel_l2_error,pinn-rar-s__seed114514__loss,pinn-rar-s__seed114514__rel_l2_error
0,6.2e-05,1.1,0.00048,1.6,0.00014,1.4,0.00051,1.2,0.00038,1.0,7.9e-06,1.2,2.3e-05,1.0,1.9e-05,1.0,0.00011,1.2,1e-05,1.1,0.00033,0.86,0.21,1.5,0.003,1.0,0.03,0.96,0.022,1.2,0.026,0.96,0.042,1.2,0.061,1.1,0.039,1.2,0.023,0.82,0.00033,0.86,0.21,1.5,0.003,1.0,0.03,0.96,0.022,1.2,0.026,0.96,0.042,1.2,0.061,1.1,0.039,1.2,0.023,0.82
100,0.00091,0.45,0.00036,0.98,0.00055,0.93,0.00049,0.96,0.00057,0.97,0.00074,0.97,0.00043,0.95,0.0021,0.38,0.00029,0.96,0.00055,0.98,0.00045,0.97,0.00036,0.81,0.0014,0.4,0.0004,0.95,0.00084,0.46,0.00094,0.76,0.0024,0.41,0.0022,0.42,0.0019,0.49,0.00037,0.87,0.00045,0.97,0.00036,0.81,0.0014,0.4,0.0004,0.95,0.00084,0.46,0.00094,0.76,0.0024,0.41,0.0022,0.42,0.0019,0.49,0.00037,0.87
200,0.0016,0.41,0.00064,0.96,0.0015,0.38,0.00055,0.92,0.0032,0.45,0.0011,0.47,0.0024,0.41,0.0022,0.38,0.0019,0.41,0.0015,0.41,0.0014,0.54,0.0023,0.43,0.0014,0.37,0.0018,0.38,0.0019,0.37,0.0016,0.4,0.0014,0.4,0.0022,0.39,0.0019,0.38,0.0025,0.43,0.0014,0.54,0.0023,0.43,0.0014,0.37,0.0018,0.38,0.0019,0.37,0.0016,0.4,0.0014,0.4,0.0022,0.39,0.0019,0.38,0.0025,0.43
300,0.002,0.39,0.0014,0.47,0.0018,0.36,0.0018,0.39,0.0011,0.38,0.0013,0.34,0.00081,0.35,0.0019,0.34,0.0017,0.38,0.0022,0.35,0.0013,0.42,0.0012,0.38,0.0009,0.35,0.0014,0.37,0.0019,0.37,0.0013,0.39,0.00087,0.39,0.0017,0.38,0.0013,0.37,0.0017,0.38,0.0013,0.42,0.0012,0.38,0.0009,0.35,0.0014,0.37,0.0019,0.37,0.0013,0.39,0.00087,0.39,0.0017,0.38,0.0013,0.37,0.0017,0.38
400,0.0016,0.35,0.0013,0.33,0.00058,0.34,0.0014,0.37,0.00092,0.35,0.00074,0.33,0.00081,0.35,0.001,0.31,0.0011,0.34,0.0009,0.34,0.0013,0.39,0.0014,0.36,0.00065,0.34,0.00096,0.36,0.0015,0.35,0.0012,0.39,0.00097,0.38,0.0011,0.35,0.00073,0.36,0.0015,0.38,0.0013,0.39,0.0014,0.36,0.00065,0.34,0.00096,0.36,0.0015,0.35,0.0012,0.39,0.00097,0.38,0.0011,0.35,0.00073,0.36,0.0015,0.38
500,0.0013,0.36,0.00061,0.29,0.0015,0.32,0.0016,0.34,0.00086,0.34,0.00049,0.28,0.00076,0.34,0.0007,0.28,0.00085,0.31,0.0008,0.3,0.001,0.37,0.00061,0.35,0.00082,0.31,0.0014,0.37,0.0018,0.36,0.00089,0.38,0.00088,0.36,0.00069,0.35,0.00081,0.31,0.0021,0.37,0.001,0.37,0.00061,0.35,0.00082,0.31,0.0014,0.37,0.0018,0.36,0.00089,0.38,0.00088,0.36,0.00069,0.35,0.00081,0.31,0.0021,0.37
600,0.001,0.34,0.00041,0.28,0.00094,0.31,0.00088,0.31,0.00065,0.32,0.0007,0.26,0.00054,0.32,0.00058,0.25,0.00092,0.3,0.00062,0.29,0.0011,0.35,0.00029,0.36,0.00071,0.3,0.00058,0.35,0.0017,0.35,0.00077,0.35,0.00086,0.33,0.00058,0.34,0.00091,0.32,0.0023,0.38,0.0011,0.35,0.00029,0.36,0.00071,0.3,0.00058,0.35,0.0017,0.35,0.00077,0.35,0.00086,0.33,0.00058,0.34,0.00091,0.32,0.0023,0.38
700,0.00077,0.33,0.00054,0.25,0.00069,0.32,0.00058,0.31,0.00036,0.3,0.00051,0.25,0.00052,0.31,0.0006,0.23,0.00053,0.28,0.00064,0.26,0.0011,0.36,0.00038,0.3,0.00068,0.32,0.00059,0.32,0.00077,0.36,0.00051,0.35,0.0007,0.31,0.00042,0.3,0.00048,0.3,0.0016,0.36,0.0011,0.36,0.00038,0.3,0.00068,0.32,0.00059,0.32,0.00077,0.36,0.00051,0.35,0.0007,0.31,0.00042,0.3,0.00048,0.3,0.0016,0.36
800,0.00055,0.32,0.0005,0.22,0.00062,0.3,0.00071,0.29,0.0006,0.28,0.00043,0.24,0.00028,0.29,0.00066,0.2,0.00062,0.25,0.00049,0.25,0.00095,0.35,0.00047,0.27,0.00047,0.29,0.00046,0.3,0.001,0.32,0.00043,0.29,0.00044,0.28,0.00052,0.31,0.00058,0.25,0.0014,0.38,0.00095,0.35,0.00047,0.27,0.00047,0.29,0.00046,0.3,0.001,0.32,0.00043,0.29,0.00044,0.28,0.00052,0.31,0.00058,0.25,0.0014,0.38
900,0.00046,0.29,0.00025,0.17,0.00067,0.27,0.00052,0.32,0.00037,0.24,0.00032,0.22,0.00029,0.28,0.00056,0.2,0.00036,0.23,0.00062,0.23,0.00086,0.35,0.00031,0.28,0.00041,0.27,0.00042,0.31,0.00053,0.32,0.0003,0.29,0.00054,0.26,0.00036,0.3,0.0005,0.24,0.0017,0.39,0.00086,0.35,0.00031,0.28,0.00041,0.27,0.00042,0.31,0.00053,0.32,0.0003,0.29,0.00054,0.26,0.00036,0.3,0.0005,0.24,0.0017,0.39
1000,0.00023,0.27,0.0005,0.15,0.00057,0.26,0.00041,0.24,0.0004,0.25,0.00041,0.21,0.00034,0.25,0.00049,0.16,0.00028,0.21,0.00036,0.21,0.00064,0.34,0.0005,0.28,0.00033,0.24,0.00047,0.26,0.0008,0.31,0.00036,0.3,0.00034,0.25,0.00035,0.26,0.00029,0.21,0.0012,0.37,0.00064,0.34,0.0005,0.28,0.00033,0.24,0.00047,0.26,0.0008,0.31,0.00036,0.3,0.00034,0.25,0.00035,0.26,0.00029,0.21,0.0012,0.37
1100,0.00039,0.24,0.00023,0.11,0.00047,0.2,0.00029,0.22,0.00054,0.21,0.00034,0.2,0.00027,0.23,0.00058,0.17,0.00027,0.19,0.00042,0.19,0.00052,0.34,0.00035,0.24,0.00035,0.18,0.00028,0.23,0.0005,0.3,0.00028,0.29,0.00021,0.2,0.00029,0.26,0.00026,0.2,0.0015,0.36,0.00052,0.34,0.00035,0.24,0.00035,0.18,0.00028,0.23,0.0005,0.3,0.00028,0.29,0.00021,0.2,0.00029,0.26,0.00026,0.2,0.0015,0.36
1200,0.00047,0.21,0.00025,0.096,0.00055,0.2,0.00039,0.2,0.00031,0.18,0.00025,0.18,0.00032,0.21,0.0006,0.17,0.00037,0.16,0.00027,0.17,0.0006,0.35,0.00026,0.2,0.00025,0.19,0.00038,0.23,0.00055,0.26,0.00037,0.23,0.00022,0.17,0.00025,0.23,0.00035,0.14,0.0018,0.35,0.0006,0.35,0.00026,0.2,0.00025,0.19,0.00038,0.23,0.00055,0.26,0.00037,0.23,0.00022,0.17,0.00025,0.23,0.00035,0.14,0.0018,0.35
1300,0.00039,0.17,0.00025,0.091,0.00047,0.16,0.00049,0.17,0.00031,0.18,0.00036,0.16,0.00049,0.19,0.00047,0.14,0.00027,0.15,0.00035,0.15,0.00064,0.33,0.00025,0.17,0.00023,0.14,0.00034,0.2,0.0006,0.26,0.0004,0.24,0.00022,0.17,0.00024,0.19,0.00024,0.12,0.0012,0.35,0.00064,0.33,0.00025,0.17,0.00023,0.14,0.00034,0.2,0.0006,0.26,0.0004,0.24,0.00022,0.17,0.00024,0.19,0.00024,0.12,0.0012,0.35
1400,0.00043,0.17,0.00027,0.075,0.00052,0.12,0.00028,0.17,0.00035,0.14,0.00018,0.12,0.00026,0.17,0.00044,0.15,0.00032,0.14,0.00033,0.13,0.00072,0.34,0.00023,0.14,0.00031,0.11,0.00029,0.2,0.00056,0.26,0.00032,0.2,9.1e-05,0.12,0.00021,0.19,0.00016,0.1,0.0012,0.35,0.00072,0.34,0.00023,0.14,0.00031,0.11,0.00029,0.2,0.00056,0.26,0.00032,0.2,9.1e-05,0.12,0.00021,0.19,0.00016,0.1,0.0012,0.35
1500,0.00051,0.14,0.00012,0.057,0.00046,0.13,0.0003,0.12,0.0004,0.13,0.00025,0.098,0.00042,0.16,0.00027,0.12,0.00027,0.12,0.0003,0.11,0.00068,0.33,0.00026,0.11,0.00015,0.099,0.00032,0.18,0.00055,0.24,0.00036,0.19,0.00012,0.074,0.0002,0.12,0.00018,0.073,0.001,0.33,0.00068,0.33,0.00026,0.11,0.00015,0.099,0.00032,0.18,0.00055,0.24,0.00036,0.19,0.00012,0.074,0.0002,0.12,0.00018,0.073,0.001,0.33
1600,0.00053,0.11,0.00017,0.045,0.00046,0.13,0.00031,0.12,0.0003,0.12,0.00013,0.071,0.00046,0.14,0.00041,0.12,0.00027,0.11,0.00034,0.088,0.00074,0.33,0.00021,0.097,8.6e-05,0.092,0.00024,0.17,0.00051,0.25,0.00026,0.15,9.6e-05,0.076,0.00013,0.1,5.7e-05,0.055,0.00091,0.33,0.00074,0.33,0.00021,0.097,8.6e-05,0.092,0.00024,0.17,0.00051,0.25,0.00026,0.15,9.6e-05,0.076,0.00013,0.1,5.7e-05,0.055,0.00091,0.33
1700,0.0003,0.12,7e-05,0.047,0.00034,0.1,0.00023,0.1,0.00035,0.092,0.00015,0.049,0.00042,0.14,0.00023,0.1,0.00029,0.09,0.00024,0.067,0.00067,0.33,0.0002,0.085,7.5e-05,0.059,0.00023,0.11,0.00066,0.23,0.00018,0.13,5.9e-05,0.053,0.00011,0.065,6.3e-05,0.042,0.00092,0.32,0.00067,0.33,0.0002,0.085,7.5e-05,0.059,0.00023,0.11,0.00066,0.23,0.00018,0.13,5.9e-05,0.053,0.00011,0.065,6.3e-05,0.042,0.00092,0.32
1800,0.00032,0.088,0.00012,0.031,0.00027,0.082,0.00029,0.084,0.00031,0.091,0.00013,0.041,0.00038,0.11,0.0002,0.096,0.00024,0.077,0.00014,0.053,0.00071,0.31,0.00019,0.063,7.4e-05,0.038,0.0003,0.11,0.00071,0.22,0.00018,0.1,6.2e-05,0.048,7.8e-05,0.063,4.3e-05,0.03,0.00052,0.31,0.00071,0.31,0.00019,0.063,7.4e-05,0.038,0.0003,0.11,0.00071,0.22,0.00018,0.1,6.2e-05,0.048,7.8e-05,0.063,4.3e-05,0.03,0.00052,0.31
1900,0.00024,0.095,4.6e-05,0.033,0.00017,0.067,0.00013,0.084,0.00019,0.082,7.8e-05,0.056,0.00058,0.1,0.00011,0.087,0.00016,0.069,0.00021,0.04,0.00078,0.3,0.00023,0.059,7.3e-05,0.035,0.00017,0.12,0.00044,0.21,0.00012,0.11,6e-05,0.039,6.8e-05,0.047,3.4e-05,0.028,0.00075,0.3,0.00078,0.3,0.00023,0.059,7.3e-05,0.035,0.00017,0.12,0.00044,0.21,0.00012,0.11,6e-05,0.039,6.8e-05,0.047,3.4e-05,0.028,0.00075,0.3
2000,0.00027,0.084,5.9e-05,0.036,0.00022,0.058,0.00018,0.085,0.00012,0.063,9.5e-05,0.032,0.0003,0.085,0.0001,0.082,0.00019,0.064,0.00011,0.042,0.0012,0.3,6.8e-05,0.047,4.7e-05,0.038,0.00016,0.06,0.00053,0.21,0.00018,0.068,3.4e-05,0.032,0.00015,0.042,3.5e-05,0.033,0.00049,0.32,0.0012,0.3,6.8e-05,0.047,4.7e-05,0.038,0.00016,0.06,0.00053,0.21,0.00018,0.068,3.4e-05,0.032,0.00015,0.042,3.5e-05,0.033,0.00049,0.32
2100,0.00017,0.083,3.3e-05,0.028,0.00013,0.042,0.00016,0.074,0.00012,0.055,5.6e-05,0.025,0.00024,0.077,5.5e-05,0.084,0.00019,0.057,8.3e-05,0.043,0.00046,0.26,8e-05,0.038,3.9e-05,0.02,0.0002,0.051,0.00069,0.21,8.4e-05,0.05,3.3e-05,0.029,6.8e-05,0.053,2.4e-05,0.02,0.00036,0.28,0.00091,0.27,8.4e-05,0.056,6.8e-05,0.032,0.00012,0.08,0.00089,0.25,0.00015,0.042,2.7e-05,0.031,0.0001,0.058,4.5e-05,0.021,0.0004,0.34
2200,0.00022,0.086,3.4e-05,0.022,9.5e-05,0.046,0.00013,0.06,0.00014,0.057,4.9e-05,0.028,0.00017,0.066,7.3e-05,0.064,0.00013,0.051,5e-05,0.043,0.00079,0.23,7.7e-05,0.032,3e-05,0.025,9.5e-05,0.045,0.00047,0.18,8.6e-05,0.038,5.5e-05,0.021,9.2e-05,0.038,1.8e-05,0.016,0.00055,0.29,0.00052,0.27,0.00012,0.034,4.1e-05,0.036,9.7e-05,0.051,0.00066,0.24,0.00013,0.044,4.8e-05,0.022,0.00011,0.035,4.5e-05,0.026,0.0005,0.3
2300,0.00011,0.056,2.4e-05,0.017,8.6e-05,0.038,0.00012,0.071,8.8e-05,0.048,4.7e-05,0.02,0.00014,0.064,8.8e-05,0.051,8.1e-05,0.039,4.4e-05,0.03,0.00054,0.19,4.4e-05,0.028,3e-05,0.024,0.00012,0.052,0.00048,0.18,8.8e-05,0.047,3.3e-05,0.024,7.4e-05,0.032,2.2e-05,0.02,0.00067,0.24,0.00047,0.22,5.7e-05,0.029,3.2e-05,0.025,0.00013,0.039,0.00043,0.18,9.6e-05,0.026,6.2e-05,0.033,8.9e-05,0.03,3e-05,0.022,0.00043,0.27
2400,0.00016,0.061,3.5e-05,0.021,7.2e-05,0.032,0.00013,0.055,8.1e-05,0.047,3.7e-05,0.02,0.00014,0.06,3.9e-05,0.057,7.7e-05,0.032,5.5e-05,0.027,0.00049,0.19,5.1e-05,0.033,1.9e-05,0.025,5.6e-05,0.044,0.0007,0.15,8.9e-05,0.03,2.5e-05,0.021,3.4e-05,0.024,1.6e-05,0.018,0.00049,0.27,0.00051,0.19,4.3e-05,0.028,4.7e-05,0.025,7e-05,0.044,0.00044,0.18,6.2e-05,0.039,3.6e-05,0.021,8e-05,0.035,3e-05,0.023,0.00053,0.25
2500,0.00012,0.04,3.1e-05,0.017,5.1e-05,0.023,9.9e-05,0.054,7.5e-05,0.052,3.5e-05,0.021,0.0001,0.048,5e-05,0.048,0.0001,0.029,5.8e-05,0.021,0.00056,0.16,2.4e-05,0.02,1.8e-05,0.019,8.8e-05,0.045,0.00059,0.17,6.3e-05,0.026,1.9e-05,0.016,4.1e-05,0.03,1.4e-05,0.022,0.00049,0.23,0.00034,0.16,3.6e-05,0.03,3e-05,0.023,9.5e-05,0.031,0.00044,0.18,6.3e-05,0.025,3e-05,0.022,6.8e-05,0.031,7.2e-05,0.019,0.00048,0.21
2600,0.00011,0.04,3.4e-05,0.024,3.8e-05,0.022,0.00014,0.046,7.3e-05,0.043,3.8e-05,0.021,0.0001,0.065,4.2e-05,0.034,4.9e-05,0.029,7.2e-05,0.026,0.00058,0.15,2.3e-05,0.028,1.7e-05,0.018,4.6e-05,0.04,0.00054,0.15,3.9e-05,0.039,2.6e-05,0.018,5.3e-05,0.033,1.2e-05,0.016,0.00063,0.2,0.00046,0.14,2.5e-05,0.027,3.6e-05,0.024,7.6e-05,0.027,0.00051,0.15,4.1e-05,0.026,2.3e-05,0.028,5.9e-05,0.029,2.7e-05,0.013,0.00033,0.23
2700,8.4e-05,0.037,1.9e-05,0.015,2.6e-05,0.023,7.6e-05,0.052,0.00012,0.032,2.8e-05,0.016,7.2e-05,0.042,7.3e-05,0.044,5.3e-05,0.028,3.5e-05,0.025,0.00042,0.14,2.4e-05,0.022,1.8e-05,0.016,5.7e-05,0.042,0.00048,0.14,3.3e-05,0.02,2.4e-05,0.017,2.6e-05,0.025,2e-05,0.012,0.00047,0.2,0.00042,0.13,3.9e-05,0.026,2.7e-05,0.017,8.5e-05,0.031,0.00034,0.14,3.2e-05,0.025,2.2e-05,0.022,5.1e-05,0.024,3.1e-05,0.015,0.00034,0.23
2800,6.5e-05,0.035,2.2e-05,0.018,2.9e-05,0.022,7.4e-05,0.032,5e-05,0.032,2.3e-05,0.015,7.2e-05,0.036,3.4e-05,0.046,7.1e-05,0.037,3.2e-05,0.022,0.00047,0.11,1.5e-05,0.025,1.1e-05,0.025,4.4e-05,0.029,0.00044,0.13,2.1e-05,0.023,1.4e-05,0.022,4.5e-05,0.017,1.9e-05,0.017,0.00047,0.24,0.00041,0.15,2.1e-05,0.023,2.1e-05,0.023,9.1e-05,0.044,0.00056,0.14,2.3e-05,0.019,2.7e-05,0.021,3.7e-05,0.019,1.8e-05,0.015,0.0004,0.16
2900,0.00011,0.028,2.5e-05,0.017,2e-05,0.023,8.6e-05,0.047,7.7e-05,0.035,2.6e-05,0.014,0.00011,0.042,3.2e-05,0.036,5.6e-05,0.021,4e-05,0.02,0.00041,0.13,1.5e-05,0.02,1.8e-05,0.012,3.5e-05,0.025,0.00045,0.11,3e-05,0.023,1.1e-05,0.026,2.8e-05,0.021,1.4e-05,0.013,0.00053,0.2,0.0004,0.14,3.3e-05,0.021,2e-05,0.014,3.8e-05,0.033,0.0005,0.15,2e-05,0.018,1.7e-05,0.018,3.3e-05,0.023,1.5e-05,0.013,0.00059,0.18
3000,8.4e-05,0.041,2.5e-05,0.012,2e-05,0.017,4.7e-05,0.034,5.3e-05,0.034,1.3e-05,0.011,4.8e-05,0.028,3.2e-05,0.038,3e-05,0.023,4.8e-05,0.025,0.00042,0.1,1.6e-05,0.019,1.2e-05,0.013,4.3e-05,0.022,0.00054,0.12,2.1e-05,0.019,9.1e-06,0.023,2.4e-05,0.017,1.4e-05,0.016,0.00047,0.2,0.00031,0.12,2e-05,0.019,2.1e-05,0.018,4.9e-05,0.026,0.00046,0.15,1.9e-05,0.014,1.6e-05,0.019,2e-05,0.021,4.3e-05,0.014,0.00052,0.17
3100,5.2e-05,0.036,2.1e-05,0.011,1.6e-05,0.016,7.4e-05,0.032,6.1e-05,0.037,2.3e-05,0.014,5.3e-05,0.039,2.5e-05,0.027,6e-05,0.025,3.2e-05,0.015,0.00036,0.1,1.2e-05,0.025,2.1e-05,0.016,3.4e-05,0.018,0.00041,0.12,1.7e-05,0.017,1.1e-05,0.019,2.9e-05,0.014,1.2e-05,0.014,0.00055,0.18,0.00033,0.1,1.7e-05,0.016,2.3e-05,0.01,3.5e-05,0.019,0.00039,0.12,1.6e-05,0.014,1.4e-05,0.015,2.2e-05,0.024,2.5e-05,0.013,0.00038,0.18
3200,3.8e-05,0.034,2.1e-05,0.013,1.4e-05,0.015,4.5e-05,0.038,5.3e-05,0.024,1.9e-05,0.014,3.2e-05,0.041,3.6e-05,0.032,3.4e-05,0.015,4.5e-05,0.018,0.0003,0.092,1.7e-05,0.019,9.2e-06,0.013,1.8e-05,0.037,0.0005,0.15,1.8e-05,0.017,1.2e-05,0.013,3.1e-05,0.016,1.4e-05,0.015,0.00038,0.15,0.00027,0.11,2.2e-05,0.018,1.2e-05,0.012,4.4e-05,0.028,0.00053,0.1,1.2e-05,0.016,1.8e-05,0.015,1.1e-05,0.019,1.7e-05,0.015,0.00038,0.16
3300,5.8e-05,0.028,1.3e-05,0.015,1.4e-05,0.013,5.2e-05,0.036,4.4e-05,0.036,1.7e-05,0.013,3.1e-05,0.026,2.9e-05,0.027,2.4e-05,0.027,3.3e-05,0.029,0.00027,0.083,1.6e-05,0.018,1e-05,0.016,2.8e-05,0.025,0.00042,0.092,1.3e-05,0.019,6.7e-06,0.02,1.8e-05,0.016,8.5e-06,0.011,0.00039,0.16,0.00025,0.12,1.9e-05,0.023,1e-05,0.014,3.7e-05,0.019,0.00031,0.12,1.4e-05,0.016,1.7e-05,0.019,1.3e-05,0.011,2.2e-05,0.012,0.0006,0.15
3400,4.3e-05,0.028,1.5e-05,0.022,1.7e-05,0.012,5.2e-05,0.026,6.9e-05,0.027,2.3e-05,0.014,3.5e-05,0.025,2.4e-05,0.028,2.6e-05,0.018,2.4e-05,0.022,0.00015,0.075,1.1e-05,0.015,1.1e-05,0.018,3.1e-05,0.022,0.00041,0.11,1.6e-05,0.015,1.7e-05,0.017,1.3e-05,0.02,9.5e-06,0.021,0.00039,0.2,0.00015,0.074,1.6e-05,0.017,1.1e-05,0.016,3e-05,0.015,0.00036,0.1,1.2e-05,0.014,8.8e-06,0.013,3.1e-05,0.015,1.9e-05,0.019,0.00036,0.15
3500,4.4e-05,0.025,1.4e-05,0.012,7.9e-06,0.013,6.4e-05,0.027,2.5e-05,0.029,1.8e-05,0.017,3.8e-05,0.025,2.2e-05,0.023,4.2e-05,0.018,3.4e-05,0.017,0.0002,0.064,1.1e-05,0.022,1.1e-05,0.011,2e-05,0.015,0.00028,0.093,1.7e-05,0.015,1.3e-05,0.016,2.6e-05,0.02,1e-05,0.01,0.00048,0.14,0.00019,0.087,1.6e-05,0.02,1.1e-05,0.017,4.4e-05,0.029,0.00029,0.094,1.1e-05,0.017,1.5e-05,0.016,1.7e-05,0.012,6.2e-06,0.015,0.00026,0.13
3600,5.2e-05,0.026,1.1e-05,0.011,2.1e-05,0.017,3.8e-05,0.027,3.9e-05,0.025,1e-05,0.017,2.8e-05,0.023,2.7e-05,0.025,1.7e-05,0.019,3e-05,0.015,0.00013,0.061,1.3e-05,0.015,1.1e-05,0.011,2.1e-05,0.012,0.00019,0.092,9e-06,0.011,6.1e-06,0.017,1.5e-05,0.013,1.3e-05,0.0091,0.00036,0.13,0.00018,0.067,1.5e-05,0.015,1.3e-05,0.026,3e-05,0.022,0.00032,0.083,9.8e-06,0.0095,2.4e-05,0.024,2.7e-05,0.021,2.5e-05,0.013,0.00032,0.12
3700,4.6e-05,0.027,1.2e-05,0.012,8.9e-06,0.013,4.1e-05,0.03,3.9e-05,0.021,1.1e-05,0.01,3.1e-05,0.029,2e-05,0.019,1.4e-05,0.016,1.7e-05,0.018,9.9e-05,0.051,9.6e-06,0.014,9.1e-06,0.013,1.7e-05,0.015,0.00028,0.073,1.5e-05,0.013,1.4e-05,0.017,1.1e-05,0.012,1.5e-05,0.016,0.00033,0.12,0.00012,0.067,2.3e-05,0.024,1.6e-05,0.01,3.1e-05,0.018,0.00012,0.082,1.5e-05,0.026,2.3e-05,0.011,4.8e-05,0.021,1.7e-05,0.01,0.00023,0.14
3800,3.1e-05,0.029,1e-05,0.01,7.4e-06,0.015,3.5e-05,0.022,3.4e-05,0.029,9.3e-06,0.011,4.6e-05,0.024,2.6e-05,0.025,2.5e-05,0.019,1.8e-05,0.018,0.00011,0.043,1.1e-05,0.013,1.2e-05,0.015,3.9e-05,0.018,0.00013,0.06,5.8e-06,0.018,8.4e-06,0.01,1.8e-05,0.025,6.5e-06,0.016,0.00025,0.14,0.00011,0.064,1.4e-05,0.015,7.7e-06,0.0097,4.3e-05,0.016,0.00017,0.076,2e-05,0.012,8.5e-06,0.016,1.4e-05,0.013,1.3e-05,0.019,0.00025,0.12
3900,4.9e-05,0.026,1.1e-05,0.0093,1.3e-05,0.012,4.2e-05,0.03,2.3e-05,0.025,1.5e-05,0.014,2.3e-05,0.026,2.2e-05,0.034,1.6e-05,0.017,2.1e-05,0.017,5.5e-05,0.034,4.9e-06,0.015,1.2e-05,0.013,3.1e-05,0.025,0.00013,0.068,8.4e-06,0.017,7.4e-06,0.014,1.2e-05,0.013,1.8e-05,0.013,0.00027,0.099,0.00011,0.05,8e-06,0.018,1e-05,0.014,2.7e-05,0.011,0.00011,0.064,1e-05,0.0086,2.9e-05,0.016,3.8e-05,0.023,8.6e-06,0.0083,0.0004,0.11
4000,3e-05,0.023,8.8e-06,0.0085,1.7e-05,0.016,3.2e-05,0.025,3.7e-05,0.023,1.8e-05,0.015,3.5e-05,0.022,1.7e-05,0.026,2e-05,0.015,1.5e-05,0.011,0.0001,0.028,6e-06,0.015,7.9e-06,0.013,2.9e-05,0.024,0.00011,0.041,1.3e-05,0.0092,8.1e-06,0.012,7.3e-06,0.014,1.6e-05,0.012,0.00025,0.1,7.3e-05,0.037,8.8e-06,0.012,8.1e-06,0.011,0.00012,0.022,0.00016,0.046,1.1e-05,0.014,1e-05,0.02,9.8e-06,0.017,7.3e-06,0.016,0.00018,0.091
4100,2.1e-05,0.02,9.4e-06,0.012,6.5e-06,0.011,3.1e-05,0.023,2.7e-05,0.022,1.3e-05,0.023,3.6e-05,0.022,2.1e-05,0.024,2.2e-05,0.011,1.4e-05,0.012,7.9e-05,0.029,1.6e-05,0.024,6e-06,0.012,1.4e-05,0.017,0.0001,0.041,1.1e-05,0.0078,6.2e-06,0.012,8.6e-06,0.014,1.6e-05,0.024,0.0002,0.078,0.00011,0.036,8.8e-06,0.015,5.8e-05,0.014,2e-05,0.022,0.00011,0.044,1.2e-05,0.013,1.8e-05,0.016,2.5e-05,0.021,9.9e-06,0.019,0.00046,0.11
4200,2.5e-05,0.032,1.2e-05,0.0094,4.9e-06,0.012,2.7e-05,0.025,2.8e-05,0.021,9.6e-06,0.019,2.3e-05,0.015,2.6e-05,0.019,1.3e-05,0.013,1.1e-05,0.016,7.6e-05,0.031,6.8e-06,0.011,3.3e-06,0.021,1.8e-05,0.012,8.2e-05,0.027,6.6e-06,0.011,3.8e-06,0.011,9.7e-06,0.013,1.7e-05,0.012,0.00022,0.077,0.00012,0.044,1.6e-05,0.014,8.2e-06,0.0089,2e-05,0.013,0.00013,0.05,3.5e-05,0.014,1.1e-05,0.015,1.3e-05,0.019,1.9e-05,0.017,0.00034,0.11
4300,2e-05,0.023,1.1e-05,0.0097,6e-06,0.0092,1.6e-05,0.024,4.5e-05,0.022,1.1e-05,0.014,2e-05,0.015,1.7e-05,0.021,2.7e-05,0.017,1e-05,0.012,5.7e-05,0.032,1.2e-05,0.011,6.2e-06,0.012,1.1e-05,0.013,5.6e-05,0.026,8.9e-06,0.01,9.1e-06,0.0098,1.4e-05,0.011,4.3e-06,0.011,0.00015,0.058,8.6e-05,0.036,9.9e-06,0.011,6.2e-06,0.012,3.2e-05,0.018,8.4e-05,0.038,1.2e-05,0.019,1.2e-05,0.012,1.5e-05,0.014,2.4e-05,0.011,0.00016,0.087
4400,3.4e-05,0.023,1e-05,0.015,5.7e-06,0.0088,1.9e-05,0.028,2.5e-05,0.022,1.6e-05,0.021,1.1e-05,0.018,1.7e-05,0.021,2.6e-05,0.02,9.9e-06,0.011,3e-05,0.022,8.3e-06,0.014,1.3e-05,0.021,2.6e-05,0.022,5.5e-05,0.025,1.4e-05,0.018,8.1e-06,0.021,8.2e-06,0.0069,3.8e-06,0.015,0.00021,0.059,9.2e-05,0.023,8.8e-06,0.014,4.6e-06,0.0096,1.9e-05,0.015,7.1e-05,0.029,2.3e-05,0.018,4.6e-06,0.012,9.4e-06,0.0089,1e-05,0.011,0.00019,0.083
4500,1.7e-05,0.027,7.5e-06,0.011,1.3e-05,0.012,3.1e-05,0.022,2.6e-05,0.018,1.4e-05,0.0094,1.7e-05,0.02,1.1e-05,0.022,1.6e-05,0.015,1.3e-05,0.015,3.3e-05,0.028,1.4e-05,0.014,6.9e-06,0.015,2.6e-05,0.036,0.00011,0.036,7.9e-06,0.0092,4.5e-06,0.014,2.8e-05,0.027,1.5e-05,0.02,9.6e-05,0.049,5.7e-05,0.02,9.9e-06,0.014,5.3e-06,0.019,2.2e-05,0.012,8.4e-05,0.03,9.8e-06,0.012,7.9e-06,0.012,8.9e-06,0.0074,1.5e-05,0.0076,0.00012,0.068
4600,2.2e-05,0.017,6e-06,0.0074,8.4e-06,0.01,2.7e-05,0.023,2.3e-05,0.02,8e-06,0.014,1.6e-05,0.015,1.9e-05,0.02,8.6e-06,0.013,8.5e-06,0.01,3.5e-05,0.019,5.7e-06,0.013,5e-06,0.012,2.4e-05,0.021,4.6e-05,0.035,9.2e-06,0.012,1.1e-05,0.014,5.7e-06,0.0079,5.7e-06,0.012,0.00011,0.041,3.5e-05,0.018,6.7e-06,0.017,6.4e-06,0.011,2.6e-05,0.013,4.8e-05,0.031,1.3e-05,0.022,6.1e-06,0.01,8.5e-06,0.0083,5.9e-06,0.0096,0.00011,0.046
4700,1.1e-05,0.018,8.4e-06,0.012,1.1e-05,0.013,1.6e-05,0.021,1.7e-05,0.018,1.3e-05,0.015,1.9e-05,0.018,1.6e-05,0.019,2.4e-05,0.018,5.9e-06,0.01,3.9e-05,0.019,6.5e-06,0.011,5.4e-06,0.014,1.2e-05,0.012,5.1e-05,0.03,8.9e-06,0.019,4.3e-06,0.012,8.3e-06,0.011,2.5e-06,0.011,7.8e-05,0.042,3.3e-05,0.015,1e-05,0.013,6.4e-06,0.01,1.7e-05,0.029,5.7e-05,0.03,6.4e-06,0.012,4.8e-06,0.011,9.4e-06,0.012,5.6e-06,0.013,0.00014,0.041
4800,2.6e-05,0.017,1.2e-05,0.01,4.8e-06,0.012,2e-05,0.016,1.3e-05,0.018,1.1e-05,0.013,1.6e-05,0.011,1.1e-05,0.025,2.2e-05,0.014,8.9e-06,0.013,3.4e-05,0.023,3.8e-06,0.011,2.8e-06,0.013,1.4e-05,0.014,3e-05,0.03,1.3e-05,0.022,6.7e-06,0.009,7.5e-06,0.014,2.6e-06,0.0064,8.2e-05,0.042,3e-05,0.024,6e-06,0.013,5.2e-06,0.01,2.8e-05,0.031,3.5e-05,0.026,5.8e-06,0.0063,1e-05,0.014,1e-05,0.015,2.3e-05,0.024,9e-05,0.034
4900,1.3e-05,0.019,5.8e-06,0.015,7.8e-06,0.015,1.1e-05,0.026,1.6e-05,0.019,6.9e-06,0.01,1.5e-05,0.013,9.5e-06,0.018,1.3e-05,0.012,1.3e-05,0.012,5.6e-05,0.018,1.3e-05,0.02,4.3e-06,0.0097,1.8e-05,0.029,4.2e-05,0.031,6.5e-06,0.016,4.7e-06,0.015,5.1e-06,0.013,2.4e-06,0.0077,6.7e-05,0.036,2.9e-05,0.014,6.2e-06,0.011,1.8e-05,0.017,1e-05,0.0093,6.7e-05,0.032,6.2e-06,0.01,6.1e-06,0.012,1.1e-05,0.015,4.7e-06,0.011,0.00011,0.028
5000,1.4e-05,0.015,7.9e-06,0.0096,4.8e-06,0.013,1.7e-05,0.024,2.2e-05,0.019,9.8e-06,0.012,1.3e-05,0.018,1.4e-05,0.019,1.5e-05,0.024,6.3e-06,0.01,3.4e-05,0.017,2.5e-06,0.012,2.4e-05,0.013,6.6e-06,0.02,2.7e-05,0.028,1.1e-05,0.019,5.1e-06,0.012,1.4e-05,0.017,2.4e-06,0.0096,8e-05,0.034,4e-05,0.017,1.2e-05,0.0079,4.3e-06,0.016,1.1e-05,0.024,4.2e-05,0.028,7e-06,0.01,2e-05,0.021,6e-06,0.018,3.2e-05,0.028,6.7e-05,0.029
5100,1.9e-05,0.022,1.2e-05,0.0071,4.5e-06,0.0084,2e-05,0.016,1.8e-05,0.017,6.2e-06,0.011,1e-05,0.014,9.8e-06,0.019,6.9e-06,0.014,6.3e-06,0.012,2.2e-05,0.015,8.5e-06,0.011,3.9e-06,0.0092,2.1e-05,0.037,3e-05,0.021,5.5e-06,0.015,2.9e-06,0.0094,3.8e-05,0.031,8.2e-06,0.0096,6.6e-05,0.026,2.3e-05,0.015,7.1e-06,0.0076,6.5e-06,0.0087,1.8e-05,0.013,5e-05,0.023,1.1e-05,0.015,4.2e-06,0.013,1.9e-05,0.0086,3e-06,0.0094,6e-05,0.028
5200,1e-05,0.016,4.3e-06,0.011,1e-05,0.012,9.2e-06,0.018,1.2e-05,0.019,1.1e-05,0.014,6.7e-06,0.012,1.1e-05,0.015,1.3e-05,0.011,6.6e-06,0.0079,2.7e-05,0.028,3.7e-06,0.0086,3.2e-06,0.013,1.1e-05,0.0076,2.2e-05,0.016,7.8e-06,0.011,8.3e-06,0.012,7.3e-06,0.021,3.9e-06,0.01,6.8e-05,0.027,2.8e-05,0.011,7.7e-06,0.012,7.2e-06,0.015,1.3e-05,0.032,6.1e-05,0.031,7.3e-06,0.0052,3.3e-06,0.0096,8.3e-06,0.022,9.9e-06,0.011,5e-05,0.024
5300,1.5e-05,0.016,9.7e-06,0.011,6.6e-06,0.019,1.2e-05,0.015,1.4e-05,0.023,6.4e-06,0.011,1.1e-05,0.014,1.2e-05,0.015,1.5e-05,0.012,5.5e-06,0.0077,2e-05,0.013,6.5e-06,0.0067,8.8e-06,0.012,1.2e-05,0.012,4.1e-05,0.019,8e-06,0.018,4.4e-06,0.013,1.1e-05,0.011,3.5e-06,0.014,2.4e-05,0.025,2e-05,0.013,2.9e-06,0.012,1.9e-05,0.021,1.6e-05,0.013,5.6e-05,0.047,6.6e-06,0.0097,3.7e-06,0.017,8.5e-06,0.017,2.6e-06,0.006,3.9e-05,0.028
5400,8.6e-06,0.016,4.8e-06,0.02,3.8e-06,0.0088,1.1e-05,0.015,1.9e-05,0.023,5.2e-06,0.011,8.2e-06,0.015,1.3e-05,0.016,1.3e-05,0.019,4.6e-06,0.013,1.3e-05,0.014,2.5e-06,0.011,6.5e-06,0.013,7e-06,0.014,3.3e-05,0.027,5.5e-06,0.014,9.1e-06,0.014,9.2e-06,0.016,9e-06,0.02,5.1e-05,0.022,1.6e-05,0.019,4e-06,0.016,4.9e-06,0.012,1.1e-05,0.0093,3.7e-05,0.035,1.2e-05,0.015,3.7e-06,0.0086,6.9e-06,0.019,2e-06,0.0079,4.8e-05,0.027
5500,1.3e-05,0.019,9.1e-06,0.0074,1.1e-05,0.013,9.3e-06,0.018,7.8e-06,0.018,5e-06,0.01,1.1e-05,0.013,8.3e-06,0.02,7.5e-06,0.013,4.9e-06,0.0099,1.6e-05,0.015,2.3e-06,0.012,7.5e-06,0.018,1.9e-05,0.038,2.7e-05,0.019,6.7e-06,0.011,7.4e-06,0.017,5.8e-06,0.013,2.4e-06,0.01,4.9e-05,0.022,1.5e-05,0.019,5.7e-06,0.008,1.6e-05,0.01,6.1e-06,0.012,2.3e-05,0.017,5.9e-06,0.011,5.9e-06,0.011,2.7e-05,0.014,6.7e-06,0.012,3.6e-05,0.03
5600,7.7e-06,0.013,5.4e-06,0.0072,1.1e-05,0.0097,9.7e-06,0.014,6.1e-06,0.015,6.9e-06,0.013,1.1e-05,0.015,8.8e-06,0.012,1.4e-05,0.02,4.7e-06,0.0088,2.7e-05,0.016,3.3e-06,0.0071,3.8e-06,0.011,1.4e-05,0.018,2.3e-05,0.022,5.1e-06,0.012,9.8e-06,0.017,7.3e-06,0.015,7.9e-06,0.016,3.2e-05,0.033,1.4e-05,0.012,4.2e-06,0.008,1.6e-05,0.011,8.4e-06,0.015,1.3e-05,0.035,4e-06,0.014,1.8e-05,0.014,1.3e-05,0.008,1.4e-05,0.013,5e-05,0.025
5700,1.2e-05,0.013,3.3e-06,0.011,6.8e-06,0.01,1.4e-05,0.013,1.1e-05,0.016,6.4e-06,0.012,7.9e-06,0.012,7.9e-06,0.015,8.8e-06,0.02,5.2e-06,0.012,2e-05,0.014,3.2e-06,0.0063,3.5e-06,0.013,1.2e-05,0.014,2.1e-05,0.018,5e-06,0.017,6.2e-06,0.011,7.9e-06,0.02,1.4e-06,0.0057,4.8e-05,0.028,1.3e-05,0.017,2.9e-06,0.011,2.4e-06,0.0058,9.4e-06,0.012,2.5e-05,0.018,4.1e-06,0.0098,1e-05,0.02,1.2e-05,0.0074,5e-06,0.0084,2.8e-05,0.034
5800,1.6e-05,0.016,6.6e-06,0.012,5.5e-06,0.0065,8.7e-06,0.024,7.9e-06,0.012,6.7e-06,0.0078,1.1e-05,0.016,1.2e-05,0.013,9.6e-06,0.01,5.5e-06,0.0085,1.5e-05,0.013,5.3e-06,0.034,4.2e-06,0.012,4.2e-05,0.045,3.2e-05,0.026,5.2e-06,0.0084,3.7e-06,0.012,4.6e-06,0.01,1.8e-06,0.005,4.8e-05,0.022,1.5e-05,0.02,3.8e-06,0.0079,6.2e-06,0.012,1.7e-05,0.011,3.2e-05,0.03,6.4e-06,0.017,3.5e-06,0.0072,7.7e-06,0.023,2.9e-06,0.0094,3.7e-05,0.022
5900,6.4e-06,0.011,3.5e-06,0.0059,1.1e-05,0.0077,1.2e-05,0.017,1.6e-05,0.023,1.3e-05,0.0084,7e-06,0.0098,1.2e-05,0.015,1.2e-05,0.012,4.8e-06,0.0094,8.6e-06,0.015,8.8e-06,0.027,2.2e-06,0.0084,5.4e-06,0.013,2.2e-05,0.018,9.1e-06,0.0078,9.4e-06,0.017,9e-06,0.022,2.6e-06,0.013,5.3e-05,0.017,8.9e-06,0.012,5.7e-06,0.02,6e-06,0.0086,5.8e-06,0.01,2.2e-05,0.017,1.1e-05,0.031,1.3e-05,0.0071,1.4e-05,0.031,4.3e-05,0.011,4.2e-05,0.014
6000,1.1e-05,0.017,4.4e-06,0.013,1.1e-05,0.0098,1.1e-05,0.021,7.2e-06,0.012,5.8e-06,0.016,7e-06,0.018,8.9e-06,0.019,3.7e-06,0.015,1.3e-05,0.01,2.1e-05,0.011,5.9e-06,0.015,4e-06,0.016,3.5e-05,0.033,2.8e-05,0.025,4.7e-06,0.01,1.7e-06,0.012,5e-06,0.013,9.3e-07,0.0054,3e-05,0.03,1.1e-05,0.015,1.9e-05,0.031,1e-05,0.015,2.7e-05,0.02,1.9e-05,0.025,5e-06,0.011,4.4e-06,0.0069,5.4e-06,0.0083,2.2e-06,0.0077,2e-05,0.017
6100,7.6e-06,0.017,3.6e-06,0.01,6.1e-06,0.013,2e-05,0.019,5e-06,0.019,4.3e-06,0.011,7.1e-06,0.015,6.7e-06,0.01,1.2e-05,0.013,5e-06,0.012,1.1e-05,0.0082,3e-06,0.01,2e-06,0.0084,3.1e-05,0.02,3.3e-05,0.034,3e-06,0.016,9.5e-06,0.01,9.6e-06,0.02,3.7e-06,0.02,2.7e-05,0.033,3.1e-05,0.027,3.1e-05,0.018,4.3e-06,0.013,1.7e-05,0.015,1.7e-05,0.027,1e-05,0.02,7.7e-06,0.009,6.1e-06,0.0065,6.3e-06,0.013,4e-05,0.024
6200,6.9e-06,0.0086,2.8e-06,0.0043,1.4e-05,0.01,1.1e-05,0.015,9.1e-06,0.014,6.7e-06,0.0062,7.7e-06,0.014,2.1e-05,0.014,9.3e-06,0.014,2.5e-06,0.0072,8.5e-06,0.012,7.1e-06,0.018,2.1e-06,0.012,1.5e-05,0.027,1.9e-05,0.016,7.6e-06,0.015,2.9e-06,0.0076,4.1e-06,0.011,3.4e-06,0.013,4.3e-05,0.02,1.6e-05,0.01,4.2e-06,0.0059,4.3e-06,0.0064,2.6e-05,0.049,1.6e-05,0.016,7e-06,0.0067,8.7e-06,0.0065,7.3e-06,0.0075,2.5e-06,0.0081,4.6e-05,0.024
6300,9.6e-06,0.01,4.4e-06,0.0075,7.1e-06,0.009,1e-05,0.01,1.4e-05,0.018,3.8e-06,0.0091,6.1e-06,0.015,9.4e-06,0.014,5.2e-06,0.0094,3.6e-06,0.0094,1.9e-05,0.0094,4.7e-06,0.0092,1.7e-06,0.0073,4.4e-06,0.013,1.3e-05,0.02,1e-05,0.016,4e-06,0.0084,4e-06,0.0082,2.5e-06,0.008,2.5e-05,0.021,1.1e-05,0.0071,5.6e-06,0.007,1.5e-05,0.024,6.8e-06,0.01,5.5e-05,0.02,5.1e-06,0.0087,1.5e-05,0.025,6.3e-06,0.0081,2.5e-06,0.0064,5.2e-05,0.034
6400,1.3e-05,0.013,3.4e-06,0.006,4.3e-06,0.009,1.3e-05,0.013,9.9e-06,0.018,4.9e-06,0.011,6.8e-06,0.0084,8.7e-06,0.013,9.7e-06,0.015,3.2e-06,0.0092,1.4e-05,0.017,4.9e-06,0.028,2.1e-06,0.0095,8.3e-06,0.01,1.2e-05,0.014,4.6e-06,0.013,6.1e-06,0.015,3.3e-05,0.039,3.1e-06,0.0075,3.8e-05,0.021,1.6e-05,0.022,8e-06,0.019,3.5e-06,0.0093,6.9e-06,0.013,1.6e-05,0.024,1.7e-05,0.023,6.9e-06,0.0095,4.5e-06,0.0084,2.9e-06,0.0053,4e-05,0.025
6500,1e-05,0.018,2.2e-06,0.0074,6.5e-06,0.0095,7.9e-06,0.013,7.6e-06,0.016,5.3e-06,0.01,1.1e-05,0.016,1e-05,0.011,6.2e-06,0.014,4.3e-06,0.011,1.7e-05,0.0081,4.6e-06,0.0061,3.5e-06,0.011,9e-06,0.016,1.4e-05,0.019,4.5e-06,0.0061,1.7e-05,0.013,7.5e-06,0.013,1.9e-06,0.0064,3e-05,0.026,1.2e-05,0.011,3.7e-06,0.0093,4.4e-06,0.0083,8.5e-06,0.023,2.4e-05,0.039,1e-05,0.018,4.8e-06,0.018,1.1e-05,0.011,2.8e-06,0.0089,9.3e-05,0.034
6600,8.1e-06,0.012,3.7e-06,0.0073,7e-06,0.013,7e-06,0.0097,9.5e-06,0.014,4.8e-06,0.0063,6.4e-06,0.0085,1.2e-05,0.017,5.1e-06,0.0099,3.9e-06,0.0088,1.1e-05,0.01,4e-06,0.014,2e-06,0.009,1.4e-05,0.031,8.5e-06,0.03,5.7e-06,0.014,2.7e-06,0.0071,4.4e-06,0.0077,1.8e-06,0.0032,2.4e-05,0.028,1.8e-05,0.011,5e-06,0.011,7.4e-06,0.0077,1.2e-05,0.014,3.8e-05,0.024,4.3e-06,0.011,7e-06,0.018,7.5e-06,0.015,2.5e-06,0.0074,2.9e-05,0.031
6700,5.7e-06,0.0099,3.7e-06,0.0067,5.4e-06,0.012,1.1e-05,0.014,8.7e-06,0.011,3.9e-06,0.009,1.3e-05,0.0084,1e-05,0.01,7.7e-06,0.017,3.2e-06,0.0054,6.7e-06,0.02,2.3e-06,0.009,2.3e-06,0.0095,6.1e-06,0.014,8.2e-06,0.016,3.5e-06,0.0092,8.2e-06,0.018,2.9e-06,0.01,1.4e-06,0.0076,2.6e-05,0.013,5.7e-06,0.0077,4.6e-06,0.021,5.2e-06,0.0085,8.5e-06,0.017,1.8e-05,0.037,5e-06,0.01,1.8e-05,0.02,0.00012,0.056,1e-05,0.011,3.7e-05,0.017
6800,7.3e-06,0.011,2.1e-06,0.0065,7.2e-06,0.015,8.3e-06,0.0086,1.2e-05,0.016,6.3e-06,0.0098,6.8e-06,0.017,8.1e-06,0.012,7.6e-06,0.011,4.9e-06,0.011,8.8e-06,0.015,5.4e-06,0.013,5.1e-06,0.017,3.9e-06,0.01,2.9e-05,0.022,4.5e-06,0.01,2.3e-06,0.01,5.1e-06,0.015,2.1e-06,0.0098,1.6e-05,0.017,7.6e-06,0.0074,3.2e-06,0.0092,3.3e-05,0.023,4.5e-06,0.015,1.6e-05,0.018,8.1e-06,0.013,1.7e-05,0.037,4.3e-06,0.011,4.6e-05,0.026,4.6e-05,0.019
6900,8.7e-06,0.013,2.6e-06,0.0072,1e-05,0.011,6e-06,0.011,8.4e-06,0.011,2.9e-06,0.0062,3.6e-06,0.01,7.4e-06,0.02,1.1e-05,0.011,4.5e-06,0.0069,9.2e-06,0.012,2.2e-06,0.0093,4e-06,0.024,1.6e-05,0.041,1.4e-05,0.021,1.4e-05,0.013,8.3e-06,0.0073,3.1e-06,0.0064,1.9e-06,0.0098,2.7e-05,0.013,1.2e-05,0.023,3.8e-06,0.0064,3.2e-06,0.0078,1.4e-05,0.029,9e-06,0.014,4.5e-06,0.0075,1.2e-05,0.012,9.2e-06,0.014,1.6e-06,0.0045,3.8e-05,0.036
7000,1.2e-05,0.014,3e-06,0.0069,4.4e-06,0.011,7.1e-06,0.012,1.1e-05,0.015,8.2e-06,0.0074,6.5e-06,0.013,9e-06,0.0099,7.2e-06,0.016,2.6e-06,0.0077,8.3e-06,0.0099,3.1e-06,0.0099,3.6e-06,0.0078,4.7e-06,0.012,1.3e-05,0.026,3.8e-06,0.0076,2.4e-05,0.024,9.4e-06,0.014,4.5e-06,0.011,2.3e-05,0.024,7.9e-06,0.0088,8.7e-06,0.0093,5.4e-06,0.019,8.1e-06,0.012,1.6e-05,0.02,3.9e-06,0.0095,6.5e-06,0.013,9e-06,0.015,1.3e-06,0.0061,2.6e-05,0.015
7100,5.1e-06,0.0094,2e-06,0.009,3.3e-06,0.014,9.8e-06,0.0087,7.2e-06,0.013,3.3e-06,0.0091,6.1e-06,0.014,8.3e-06,0.017,3.5e-06,0.013,4.4e-06,0.011,8e-06,0.012,4.1e-06,0.02,4.6e-06,0.014,1.2e-05,0.022,1.4e-05,0.018,5.8e-06,0.0054,2.8e-06,0.0078,8.3e-06,0.032,1.8e-06,0.0073,2.5e-05,0.013,9.6e-06,0.014,2.2e-06,0.0051,2.1e-06,0.01,1.2e-05,0.013,1e-05,0.012,5.5e-06,0.0065,3.4e-06,0.0076,6e-06,0.0078,1.4e-06,0.0051,4.7e-05,0.035
7200,5.7e-06,0.024,5.1e-06,0.012,3.4e-06,0.0075,8.1e-06,0.018,8.4e-06,0.013,5.4e-06,0.014,4.6e-06,0.0084,1.3e-05,0.02,5.2e-06,0.011,7.2e-06,0.0073,1.1e-05,0.01,6e-06,0.021,4.2e-06,0.0097,9.5e-06,0.016,1.8e-05,0.03,1.3e-05,0.018,1.9e-06,0.0067,3.8e-06,0.0097,3.5e-06,0.016,9.6e-06,0.012,6.6e-06,0.017,6e-06,0.01,2.5e-05,0.017,1.1e-05,0.014,9.9e-06,0.012,2.2e-05,0.047,6.1e-06,0.011,2.9e-05,0.027,3.7e-06,0.0043,2.9e-05,0.027
7300,9.4e-06,0.014,2.2e-06,0.0072,7.4e-06,0.012,4.4e-06,0.0065,9.6e-06,0.013,6.3e-06,0.012,5.9e-06,0.012,5.5e-06,0.011,4.6e-06,0.01,3.5e-06,0.007,1.8e-05,0.024,7.2e-06,0.029,2.4e-06,0.0057,8e-06,0.012,1.4e-05,0.018,5.6e-06,0.041,5.1e-06,0.014,3.8e-06,0.012,2.5e-06,0.012,2.6e-05,0.029,5.8e-06,0.018,2.6e-06,0.0075,3.5e-06,0.0046,3.3e-05,0.034,9e-06,0.015,9.8e-06,0.016,6.2e-06,0.0088,5e-06,0.012,1.3e-06,0.0056,2.3e-05,0.02
7400,6e-06,0.011,2e-06,0.0078,7.8e-06,0.014,1.1e-05,0.007,7e-06,0.013,3.7e-06,0.0071,4.8e-06,0.0084,6e-06,0.017,3.4e-06,0.0096,3.8e-06,0.006,8.7e-06,0.013,5e-06,0.014,2.8e-06,0.014,5e-06,0.0099,1e-05,0.022,3.2e-06,0.0064,5.4e-06,0.014,6.3e-06,0.018,1.7e-06,0.0084,2.8e-05,0.017,7.7e-06,0.01,3e-06,0.0093,3e-06,0.016,1.5e-05,0.017,2.2e-05,0.013,6.8e-06,0.0072,4.6e-06,0.0067,5e-06,0.0095,3e-06,0.008,2.3e-05,0.013
7500,5.9e-06,0.013,4.1e-06,0.012,4e-06,0.0084,6.3e-06,0.0092,6.6e-06,0.014,3e-06,0.014,3.2e-06,0.0082,2.4e-05,0.023,3.2e-06,0.011,2.8e-06,0.0077,6.5e-06,0.024,2.3e-06,0.0091,1.1e-06,0.0076,6.5e-06,0.014,1.6e-05,0.015,3e-06,0.0053,2.7e-06,0.0071,4.4e-06,0.007,3.3e-05,0.023,2.9e-05,0.015,5.6e-06,0.0084,4.2e-06,0.014,4.3e-06,0.012,8.4e-06,0.01,7.1e-06,0.014,2.7e-06,0.0058,2.5e-06,0.0078,2e-05,0.014,2e-06,0.01,2.4e-05,0.033
7600,6.4e-06,0.01,3.4e-06,0.0068,6.1e-06,0.0078,6.9e-06,0.0076,6e-06,0.0096,6e-06,0.011,5.6e-06,0.0081,7.8e-06,0.012,9.2e-06,0.012,2.9e-06,0.0068,7.7e-06,0.0081,2.3e-06,0.011,1.7e-06,0.0031,4.2e-06,0.0099,1.2e-05,0.013,3.8e-06,0.015,6.8e-06,0.018,1.4e-05,0.014,1.2e-06,0.0022,1.6e-05,0.021,5.1e-06,0.012,2.7e-05,0.04,1.7e-06,0.0062,5.9e-06,0.011,1.2e-05,0.041,2.9e-06,0.0096,6.2e-06,0.007,7.9e-06,0.028,7.4e-06,0.028,2.2e-05,0.016
7700,4.5e-06,0.015,3.1e-06,0.0068,2.7e-06,0.0066,6.5e-06,0.011,1e-05,0.015,3.6e-06,0.0085,6.1e-06,0.01,9.9e-06,0.015,4.7e-06,0.0074,2.3e-06,0.0088,6.5e-06,0.0085,1.6e-06,0.0075,2.2e-06,0.0059,1.2e-05,0.018,1.2e-05,0.016,6.5e-06,0.023,1.3e-05,0.021,5.2e-06,0.019,1.9e-06,0.0067,1.1e-05,0.025,5.6e-06,0.014,1.4e-05,0.017,2.3e-05,0.013,1e-05,0.012,7.4e-06,0.018,2.6e-06,0.013,1.4e-05,0.017,3.9e-06,0.011,4.3e-06,0.0084,4e-05,0.018
7800,5.9e-06,0.011,3.1e-06,0.0082,6.6e-06,0.0085,9.5e-06,0.0072,6.1e-06,0.015,3.8e-06,0.0072,4.4e-06,0.0067,8.9e-06,0.012,4.1e-06,0.011,4e-06,0.0076,6.5e-06,0.011,1.9e-06,0.012,1.8e-06,0.0067,6e-06,0.018,2.2e-05,0.026,1.1e-05,0.014,2.1e-06,0.0083,9.6e-06,0.0093,5e-07,0.0025,2e-05,0.013,6.6e-06,0.02,8.4e-06,0.017,3.3e-06,0.0059,1.9e-05,0.037,5.9e-06,0.015,8.2e-06,0.022,2.6e-06,0.0094,9.2e-06,0.019,1.4e-06,0.0052,3.3e-05,0.018
7900,6.3e-06,0.024,6.7e-06,0.0089,6.1e-06,0.0089,2.6e-06,0.009,6.2e-06,0.0096,2.7e-06,0.005,6e-06,0.0072,7.6e-06,0.015,6.7e-06,0.0096,1.7e-05,0.011,4.8e-06,0.011,1.1e-05,0.011,1.7e-06,0.015,4.1e-06,0.012,9.8e-06,0.024,3.7e-06,0.014,3.5e-06,0.0091,2.1e-06,0.0069,1.3e-06,0.0097,2.2e-05,0.028,3.9e-06,0.015,4.5e-06,0.0086,4.7e-06,0.018,4.1e-06,0.0095,5.4e-06,0.013,4.2e-06,0.014,5.9e-06,0.026,5e-06,0.0055,4.4e-06,0.015,2.8e-05,0.022
8000,6.8e-06,0.013,1.2e-06,0.0052,5.9e-06,0.0092,5.4e-06,0.0091,6.5e-06,0.017,3.1e-06,0.0078,5.9e-06,0.015,1.2e-05,0.011,6.7e-06,0.0083,3.4e-06,0.007,3.8e-06,0.0095,2.9e-06,0.012,2.2e-06,0.0094,5.1e-06,0.0082,6.9e-06,0.025,4.6e-06,0.016,4.1e-06,0.0083,2.7e-06,0.006,1.1e-06,0.0056,1.3e-05,0.021,5e-06,0.0084,1.8e-06,0.009,4.2e-06,0.014,4.7e-06,0.0087,7.9e-06,0.016,4e-06,0.012,9.6e-06,0.0074,5.6e-06,0.0086,1.6e-05,0.016,2.5e-05,0.015
8100,3.2e-06,0.012,2.2e-06,0.0047,1.1e-05,0.011,8.6e-06,0.012,5.4e-06,0.014,1.5e-05,0.016,5.4e-06,0.0075,6.7e-06,0.0076,5.1e-06,0.013,4.8e-06,0.0058,3.5e-06,0.0087,2.6e-06,0.01,1.1e-06,0.0069,4.2e-06,0.0081,1.2e-05,0.017,5.6e-06,0.0083,7e-06,0.016,4.3e-06,0.013,2.1e-06,0.007,1.1e-05,0.019,3.8e-06,0.0089,5.3e-06,0.014,3e-06,0.0043,3.3e-06,0.013,5.3e-06,0.012,4.6e-06,0.015,3.4e-06,0.011,4.8e-06,0.013,9.1e-07,0.0061,2.2e-05,0.014
8200,5e-06,0.0081,1.4e-06,0.0053,2e-06,0.01,5.6e-06,0.0066,6.7e-06,0.017,3.3e-06,0.0064,7.9e-06,0.007,2.6e-06,0.01,9.7e-06,0.017,6.9e-06,0.0091,5.8e-06,0.013,4.1e-06,0.022,3.9e-06,0.0058,2.9e-06,0.011,4.3e-05,0.051,1.1e-05,0.022,3.1e-06,0.0053,4.3e-06,0.012,1e-06,0.0065,2.1e-05,0.035,6.7e-06,0.016,6.3e-06,0.023,3.4e-06,0.012,1.2e-05,0.012,8.7e-06,0.017,1.1e-05,0.022,1.4e-05,0.017,5.1e-06,0.011,1.5e-06,0.0099,1.3e-05,0.011
8300,6.1e-06,0.0062,1.5e-06,0.0049,3.4e-06,0.0082,3.4e-06,0.012,6e-06,0.011,1.8e-06,0.0078,3.7e-06,0.011,7.8e-06,0.011,2.7e-06,0.0083,2.2e-06,0.0058,2.9e-06,0.0086,6.6e-06,0.013,1.2e-06,0.0087,2.2e-06,0.012,2.1e-06,0.013,9.5e-06,0.021,4.2e-06,0.018,7.3e-06,0.017,1.4e-06,0.0048,1.5e-05,0.013,4e-06,0.0045,3.2e-06,0.01,4.4e-06,0.0095,9.7e-06,0.0091,5.1e-06,0.013,3.8e-06,0.0084,2e-06,0.0062,3.3e-06,0.013,1e-06,0.0065,2.2e-05,0.029
8400,6.4e-06,0.017,1.8e-06,0.0057,4.8e-06,0.012,3e-06,0.0067,6.6e-06,0.014,2.6e-06,0.0097,4.1e-06,0.01,5.6e-06,0.015,8.4e-06,0.0084,3.2e-06,0.0073,3.6e-06,0.0065,1.2e-06,0.0084,2.1e-05,0.028,1e-05,0.034,3.4e-05,0.028,1.1e-06,0.0063,1.7e-06,0.0074,6.5e-06,0.015,3.5e-06,0.019,1.6e-05,0.016,6.7e-06,0.016,2.8e-06,0.0094,5.4e-06,0.009,4.9e-06,0.041,6.3e-06,0.0094,2.6e-06,0.013,3e-06,0.0074,4.4e-06,0.0051,5.1e-06,0.012,2.1e-05,0.012
8500,3.8e-06,0.0087,1.5e-06,0.0087,5.1e-06,0.012,4.8e-06,0.0053,7.5e-06,0.013,3.3e-06,0.0081,4.7e-06,0.014,6.1e-06,0.013,4.3e-06,0.0087,2.2e-06,0.011,5.9e-06,0.016,1.7e-06,0.0067,6.5e-06,0.015,9.1e-06,0.01,3.8e-06,0.016,3.3e-06,0.0076,2e-06,0.011,5e-06,0.01,8.3e-06,0.034,2.4e-05,0.04,3.5e-06,0.006,2.8e-06,0.0097,2.9e-06,0.012,7.5e-06,0.01,2.1e-05,0.032,4.2e-06,0.012,2.6e-06,0.018,5.3e-06,0.014,9.5e-06,0.011,1.3e-05,0.0084
8600,1e-05,0.0085,1.9e-06,0.006,3.6e-06,0.0076,6.6e-06,0.019,8.3e-06,0.0099,2.5e-06,0.0097,2.6e-06,0.0062,4e-06,0.0085,3.8e-06,0.0058,1.4e-06,0.0047,8.3e-06,0.019,4.2e-05,0.029,1.5e-06,0.0056,8.8e-06,0.01,5.8e-06,0.021,4.8e-06,0.012,1.5e-06,0.0092,2.1e-05,0.015,8.7e-07,0.0047,1.8e-05,0.03,3.1e-05,0.022,1.8e-06,0.0053,3e-06,0.0071,2.2e-06,0.012,6.1e-06,0.011,3e-06,0.013,2.2e-06,0.008,7.2e-06,0.0087,9.4e-07,0.0043,2.1e-05,0.016
8700,6.8e-06,0.012,1.5e-06,0.0055,4.6e-06,0.012,4.4e-06,0.0056,5.3e-06,0.009,3.5e-06,0.0052,3.4e-06,0.0069,4.9e-06,0.019,3.5e-06,0.0086,2.6e-06,0.0056,5.1e-06,0.0086,2.4e-06,0.0068,1.1e-06,0.0059,1.1e-05,0.014,2.5e-05,0.031,8.7e-06,0.024,3.7e-06,0.013,2.2e-05,0.015,7e-07,0.0037,5e-06,0.016,4.6e-06,0.016,8.6e-06,0.017,4.4e-06,0.0076,3e-05,0.018,1.5e-05,0.018,2.6e-06,0.0068,1e-05,0.017,8.6e-06,0.015,1.7e-06,0.0087,1.1e-05,0.013
8800,6.4e-06,0.013,2.5e-06,0.0067,7e-06,0.0086,5.4e-06,0.0078,5.3e-06,0.0098,3.3e-06,0.006,3.8e-06,0.0066,3.1e-05,0.018,4.3e-06,0.0082,2.4e-06,0.0055,2.1e-06,0.016,1.3e-06,0.005,8.5e-07,0.0059,3.6e-06,0.0096,9.1e-06,0.024,1.2e-05,0.027,1.6e-06,0.0061,4.2e-06,0.014,3.1e-06,0.011,1.7e-05,0.019,4.5e-06,0.007,4.3e-06,0.0068,7.7e-06,0.0085,2.5e-06,0.0063,5.9e-06,0.022,3.8e-06,0.012,3.2e-06,0.011,3.1e-06,0.0061,1.1e-06,0.0058,3.6e-05,0.012
8900,3.9e-06,0.0079,2.1e-06,0.0036,5.5e-06,0.0062,4.8e-06,0.01,7.4e-06,0.017,2.2e-06,0.0073,8.9e-06,0.0056,4.9e-06,0.01,4.5e-06,0.011,3e-06,0.0092,1e-05,0.019,2.6e-06,0.01,1.1e-06,0.0082,5.1e-06,0.0079,1.6e-05,0.029,2.3e-06,0.013,3.7e-06,0.013,5.2e-06,0.0098,8.4e-07,0.0084,2.1e-05,0.034,6.1e-06,0.015,1.9e-06,0.007,3.3e-06,0.01,4.8e-06,0.011,2.6e-06,0.022,6.4e-06,0.012,3.2e-06,0.011,6.1e-06,0.026,7.1e-06,0.014,1.2e-05,0.018
9000,5.1e-06,0.014,1.3e-06,0.0062,5.8e-06,0.0065,4.3e-06,0.0052,5.2e-06,0.011,4.9e-06,0.0089,3.9e-06,0.01,3.8e-06,0.016,5.5e-06,0.0087,2.9e-06,0.0052,3.4e-06,0.025,1e-05,0.033,9.2e-07,0.0037,9.7e-06,0.018,5.2e-06,0.022,8.3e-06,0.015,3.4e-06,0.0094,2.5e-06,0.0076,5e-06,0.01,1.3e-05,0.019,3.5e-06,0.012,2.2e-06,0.0066,1.8e-06,0.014,1.1e-05,0.022,3.4e-06,0.015,6.8e-06,0.0094,7.4e-06,0.008,1.8e-05,0.023,1.6e-06,0.011,9.1e-06,0.0095
9100,3.6e-06,0.0075,1.6e-06,0.0048,3.2e-06,0.0079,5.5e-06,0.0083,3.9e-06,0.015,5.4e-06,0.0034,3.8e-06,0.0097,3.2e-06,0.0088,2.5e-06,0.0076,3.4e-06,0.0067,8.9e-06,0.024,1.4e-06,0.0088,1.6e-06,0.0098,8.8e-06,0.018,9.6e-06,0.026,5.6e-06,0.0088,4.9e-06,0.014,9.8e-06,0.016,5.9e-07,0.0039,9.1e-06,0.015,2.7e-06,0.01,4.2e-06,0.0082,4.1e-06,0.0046,3.1e-06,0.0061,5.6e-06,0.011,3.3e-06,0.0077,1.9e-06,0.0076,3.7e-06,0.0074,1.7e-06,0.0058,5.1e-05,0.055
9200,4e-06,0.0086,1.3e-06,0.0078,3.7e-06,0.0051,3.8e-06,0.0057,4.6e-06,0.01,3.9e-06,0.0062,3.3e-06,0.0087,6.2e-06,0.008,2.1e-06,0.0074,3.1e-06,0.0068,3.9e-06,0.014,3.1e-06,0.024,1.9e-06,0.0093,5e-06,0.0051,6.2e-06,0.013,4.1e-06,0.011,1.3e-06,0.008,8.3e-06,0.023,2.2e-06,0.0099,9.9e-06,0.016,2.9e-06,0.0061,1.9e-06,0.006,2.9e-06,0.0089,2.1e-05,0.016,6.7e-06,0.012,3.2e-06,0.015,1.9e-06,0.0068,1.3e-05,0.01,2e-06,0.0048,1.3e-05,0.029
9300,2.5e-06,0.0081,1.5e-06,0.0078,2.4e-06,0.01,6.4e-06,0.0097,7.7e-06,0.013,1.6e-06,0.0071,3e-06,0.0072,2.8e-06,0.015,3e-06,0.007,1.6e-06,0.0054,2.1e-06,0.01,1.1e-06,0.0086,4.3e-06,0.0076,3.3e-06,0.0078,4.4e-06,0.013,1.5e-06,0.0094,1.6e-06,0.0049,2.2e-06,0.014,5.6e-07,0.0086,1.1e-05,0.025,8.4e-06,0.0092,4.1e-06,0.016,1.6e-06,0.0041,3.4e-06,0.019,3.9e-06,0.0094,5.2e-06,0.0091,2e-06,0.0055,3.9e-06,0.0062,1e-06,0.0048,8.6e-06,0.0073
9400,2.8e-06,0.008,3.2e-06,0.012,7.9e-06,0.0098,5e-06,0.0043,3.6e-06,0.0067,2.6e-06,0.0076,3.4e-06,0.011,5e-06,0.01,2.4e-06,0.0092,2e-06,0.0057,2.1e-06,0.0058,4.9e-06,0.016,8.7e-07,0.01,6.5e-06,0.0085,1.1e-05,0.017,3.5e-05,0.019,7.9e-06,0.012,2.4e-06,0.0058,1e-06,0.0089,5.3e-06,0.017,2.4e-06,0.0051,2.9e-06,0.015,5.7e-06,0.012,4.9e-06,0.0083,1.2e-05,0.017,1.2e-05,0.023,1.2e-05,0.012,5.4e-06,0.0088,3.1e-06,0.0055,1.5e-05,0.021
9500,3.2e-06,0.0069,1.8e-06,0.0048,5.4e-06,0.0051,3.4e-06,0.011,5.3e-06,0.0095,4.4e-06,0.0087,9.4e-06,0.013,3e-06,0.015,4.2e-06,0.012,2.9e-06,0.0082,3e-06,0.011,8.7e-06,0.014,1.1e-06,0.007,4.7e-06,0.011,3.2e-06,0.0063,1.7e-06,0.0061,1.7e-06,0.0063,1.2e-05,0.016,2.6e-06,0.0087,8.6e-06,0.02,5.1e-05,0.031,2.1e-06,0.0042,1.9e-06,0.01,6.6e-06,0.017,5.1e-05,0.016,2.5e-06,0.0073,7e-06,0.015,3.6e-06,0.0096,1.1e-06,0.0042,6.7e-06,0.011
9600,3.9e-06,0.014,1e-06,0.0054,3.1e-06,0.0058,4.7e-06,0.0063,8.3e-06,0.0098,2.4e-06,0.0058,4.7e-06,0.021,5.9e-06,0.012,2.3e-06,0.0086,2.8e-06,0.0064,2.9e-06,0.011,8.6e-07,0.0045,1.1e-06,0.0059,1.7e-06,0.021,6.4e-06,0.014,2.8e-06,0.015,1.5e-06,0.012,3.7e-06,0.01,9e-07,0.0068,6.9e-06,0.013,2.7e-06,0.0059,3.3e-06,0.0058,3e-06,0.0094,3.4e-06,0.02,3e-05,0.034,4.2e-06,0.019,5.3e-06,0.0078,4.6e-06,0.0088,1.6e-05,0.015,7.2e-06,0.0075
9700,4.6e-06,0.0059,1.4e-06,0.0059,4.1e-06,0.016,3.9e-06,0.01,6.8e-06,0.011,5.8e-06,0.012,7.7e-06,0.0077,4.4e-06,0.0096,5e-06,0.0091,2.3e-06,0.01,3.5e-06,0.0074,1.1e-05,0.041,1.2e-06,0.01,5.2e-06,0.017,1.1e-05,0.011,2.1e-06,0.012,5.8e-06,0.025,2.2e-06,0.024,6.8e-07,0.0097,2.5e-05,0.015,3.1e-06,0.0065,5.8e-06,0.01,1.7e-05,0.018,3.9e-06,0.014,8.7e-06,0.019,2.6e-06,0.0068,6.9e-06,0.021,4.5e-06,0.0063,1.1e-06,0.0038,1.2e-05,0.023
9800,5.2e-06,0.0068,9.7e-07,0.006,2.6e-06,0.0083,5.4e-06,0.012,6.7e-06,0.011,3.3e-06,0.0076,2.5e-06,0.0067,2.8e-06,0.012,2.1e-06,0.012,2.4e-06,0.0058,1.1e-05,0.0074,1.1e-06,0.0048,1.2e-06,0.0066,2.8e-06,0.0067,5.4e-06,0.014,5e-06,0.018,1.1e-05,0.018,3e-06,0.0075,5.8e-06,0.0085,1e-05,0.014,2.4e-06,0.0064,6.4e-06,0.0099,7.2e-06,0.012,4.1e-06,0.013,6.8e-06,0.014,2.6e-06,0.0081,3.6e-06,0.012,4.2e-06,0.012,7.8e-06,0.015,6.6e-06,0.0091
9900,4e-06,0.0096,1.8e-06,0.0062,3.2e-06,0.011,6.1e-06,0.0055,3.8e-06,0.0078,2.4e-06,0.0044,2.9e-06,0.0085,5.1e-06,0.0058,1.7e-06,0.011,2.6e-06,0.0042,1.2e-06,0.005,1.3e-06,0.0075,1.7e-06,0.011,3.9e-06,0.011,9.1e-06,0.02,1.4e-06,0.011,4.4e-06,0.015,1.9e-06,0.0079,5.7e-07,0.0037,2.8e-06,0.012,1.7e-06,0.0056,2.1e-06,0.0096,2e-06,0.0046,7.8e-06,0.016,1.4e-05,0.035,3.6e-06,0.008,1.3e-05,0.024,2.9e-06,0.0062,1e-06,0.0047,3.6e-06,0.011
10000,4.602406e-06,,3.149023e-06,,9.740507e-06,,1.297881e-05,,8.838222e-06,,5.268927e-06,,1.432914e-05,,1.043813e-05,,7.048228e-06,,4.280725e-06,,2.588863e-06,,1.175571e-05,,3.901583e-06,,1.621023e-05,,2.125026e-05,,2.101692e-05,,1.425701e-06,,4.00658e-06,,1.47792e-06,,1.828657e-05,,1.655052e-05,,2.704113e-06,,5.432329e-06,,6.024867e-06,,2.131433e-05,,8.002531e-06,,2.420762e-06,,9.591879e-06,,1.352515e-06,,5.179489e-06,
10001,4.33828e-06,0.006831753,2.267848e-06,0.004288448,5.685304e-06,0.009786885,6.383712e-06,0.007987275,7.172728e-06,0.007979752,3.755888e-06,0.006880248,1.02607e-05,0.01286422,8.221676e-06,0.01064983,4.03557e-06,0.005990458,3.132036e-06,0.00403384,2.5493e-06,0.0040192,4.909836e-06,0.009916409,2.397506e-06,0.005859715,8.795913e-06,0.007436583,7.532106e-06,0.01076781,4.984279e-06,0.007755895,1.351551e-06,0.003484449,3.499111e-06,0.006187899,9.67148e-07,0.002982995,1.145633e-05,0.01550973,8.743337e-06,0.01039319,2.40084e-06,0.004853691,3.772622e-06,0.007360118,4.306574e-06,0.004910905,8.246388e-06,0.01282845,3.800593e-06,0.006923567,1.744949e-06,0.004850152,8.851369e-06,0.01507339,1.264838e-06,0.004199124,5.083328e-06,0.005131504
10100,2.034108e-06,0.0030693,5.128033e-07,0.001651085,1.364945e-06,0.002635919,2.181252e-06,0.002657464,3.550754e-06,0.00421438,1.265078e-06,0.003003873,2.05347e-06,0.002511577,2.658129e-06,0.003236968,1.928932e-06,0.004158473,1.086524e-06,0.002185541,1.220377e-06,0.002336784,7.156588e-07,0.001579418,6.602092e-07,0.001566593,1.401535e-06,0.001989962,2.173786e-06,0.003077222,1.167441e-06,0.003468939,6.734576e-07,0.00173171,1.636446e-06,0.003016255,3.837601e-07,0.001124168,2.667533e-06,0.003640117,1.506931e-06,0.002695755,6.81595e-07,0.001798709,7.435198e-07,0.002719608,1.478846e-06,0.002531564,2.397925e-06,0.004632172,1.43924e-06,0.003618509,7.993268e-07,0.002778368,1.690988e-06,0.002960009,4.581027e-07,0.001248531,1.597544e-06,0.002009586
10200,1.082263e-06,0.001638019,2.863118e-07,0.000989456,7.433036e-07,0.001552863,9.38335e-07,0.001750035,1.747598e-06,0.003267209,8.268961e-07,0.002312086,1.262954e-06,0.002275353,1.278951e-06,0.002087542,1.115902e-06,0.002241864,5.1186e-07,0.001554461,5.246774e-07,0.00193108,3.907699e-07,0.001179063,4.252294e-07,0.001116905,6.910921e-07,0.001559015,1.017742e-06,0.00242024,5.696729e-07,0.001874277,,,1.193915e-06,0.002684925,2.628517e-07,0.0009790791,1.138476e-06,0.002025218,6.64039e-07,0.001400133,3.107277e-07,0.0008735437,4.458677e-07,0.001174242,6.658852e-07,0.001583446,8.746352e-07,0.002175265,6.594897e-07,0.00208038,4.512582e-07,0.001538839,1.20425e-06,0.002914175,3.04975e-07,0.0009231984,7.952451e-07,0.001676745
10300,6.064606e-07,0.0009079835,1.444589e-07,0.0008379344,4.164531e-07,0.001600514,4.104326e-07,0.001065455,1.116087e-06,0.002097649,4.753365e-07,0.001864496,8.469506e-07,0.001996425,7.484862e-07,0.001672836,5.846233e-07,0.001673897,3.141126e-07,0.001520334,2.85873e-07,0.001503768,2.187845e-07,0.001052742,2.050924e-07,0.0008628925,3.111884e-07,0.001242244,5.500953e-07,0.001829199,3.21381e-07,0.001119843,,,6.226483e-07,0.002018222,1.571462e-07,0.000781492,5.35659e-07,0.001646173,3.982333e-07,0.001395392,,,1.985669e-07,0.001098617,3.285621e-07,0.001268603,5.468882e-07,0.001645148,3.676755e-07,0.001342949,3.219209e-07,0.001307361,6.429186e-07,0.001974488,1.776093e-07,0.0007981466,4.213585e-07,0.00162991
10400,3.243128e-07,0.001017577,7.120429e-08,0.0005061209,2.653043e-07,0.001308762,2.797492e-07,0.0007473243,8.162351e-07,0.001850351,2.613957e-07,0.001348933,5.233999e-07,0.001355275,5.116946e-07,0.001576156,3.705842e-07,0.001100243,2.020169e-07,0.001397751,1.490129e-07,0.001108726,,,1.094148e-07,0.0007757479,1.789314e-07,0.0008840959,3.779245e-07,0.001525619,1.702532e-07,0.0007922939,,,3.540472e-07,0.001545765,9.393082e-08,0.0006280165,3.111394e-07,0.001441057,1.593466e-07,0.001097027,,,1.118519e-07,0.0008091499,2.032265e-07,0.0008568724,3.483732e-07,0.001369733,2.162419e-07,0.0007989898,1.517166e-07,0.0009325592,3.706704e-07,0.001750516,9.539255e-08,0.0006564701,2.360773e-07,0.001092849
10500,2.306793e-07,0.0009817806,5.222875e-08,0.0004181607,1.264786e-07,0.0008327274,2.10358e-07,0.0006188773,5.752368e-07,0.001527356,1.629587e-07,0.001154868,3.476936e-07,0.001030254,3.761229e-07,0.001474349,2.771925e-07,0.001041395,1.548784e-07,0.001408093,1.086785e-07,0.0006454837,,,,,8.690661e-08,0.0005932819,,,9.841409e-08,0.0006092683,,,2.501713e-07,0.001407071,,,1.855096e-07,0.001093973,8.22623e-08,0.0007102675,,,,,1.207156e-07,0.0006372737,2.763295e-07,0.001159003,1.108426e-07,0.0005842199,9.361014e-08,0.0008415155,2.085565e-07,0.001031202,,,1.406163e-07,0.0005857489
10600,1.60732e-07,0.0007925534,,,8.193237e-08,0.0007200936,1.336523e-07,0.0005460934,4.410413e-07,0.00123206,1.026339e-07,0.001004742,2.783338e-07,0.0008518702,3.242505e-07,0.001251483,1.775345e-07,0.0009279555,1.113636e-07,0.00101602,,,,,,,6.590902e-08,0.0005169281,,,6.435546e-08,0.0004269248,,,1.640928e-07,0.0008551381,,,1.393344e-07,0.0008548914,,,,,,,9.943675e-08,0.0005793427,2.42494e-07,0.001287085,5.679946e-08,0.0003859697,,,1.640702e-07,0.0009306892,,,1.060484e-07,0.0006612721
10700,1.038401e-07,0.0005933161,,,5.896671e-08,0.000618735,1.058616e-07,0.0004527324,3.314916e-07,0.000885192,7.534737e-08,0.0008588647,2.175615e-07,0.0008124857,2.915154e-07,0.001266945,1.255243e-07,0.0007436819,9.760328e-08,0.0009626867,,,,,,,5.794796e-08,0.0004742813,,,4.848084e-08,0.0003471337,,,,,,,1.130666e-07,0.0007915889,,,,,,,7.859119e-08,0.0005177184,1.770067e-07,0.001032917,4.334284e-08,0.0003204502,,,1.242769e-07,0.00074079,,,9.001063e-08,0.0004521126
10800,7.955418e-08,0.0004777476,,,4.392393e-08,0.0005680526,9.320316e-08,0.0003961205,2.889659e-07,0.0008586352,6.28829e-08,0.0007472336,1.497268e-07,0.0007103783,2.318993e-07,0.0009500945,1.044579e-07,0.000598848,8.058022e-08,0.0007390326,,,,,,,4.929241e-08,0.000432975,,,4.135777e-08,0.0002910912,,,,,,,9.245831e-08,0.0005733258,,,,,,,6.89912e-08,0.0004573592,1.340057e-07,0.0008748025,2.978412e-08,0.0003035947,,,1.079926e-07,0.0007845155,,,7.722697e-08,0.0004578945
10900,6.487135e-08,0.0005446375,,,3.677031e-08,0.0005131597,8.116007e-08,0.0003917541,1.938347e-07,0.0008489962,5.666702e-08,0.0006678547,1.248443e-07,0.0007121051,1.955811e-07,0.0008899735,7.665647e-08,0.0005853035,7.165194e-08,0.0006530898,,,,,,,,,,,3.58021e-08,0.0003898497,,,,,,,8.448032e-08,0.0005672005,,,,,,,5.952232e-08,0.0004371318,1.148955e-07,0.0007147968,,,,,9.422968e-08,0.0007154679,,,6.162143e-08,0.000373945
11000,4.674728e-08,0.0004204218,,,3.058618e-08,0.0004995069,6.360148e-08,0.0004121657,1.791767e-07,0.0008009204,,,1.022984e-07,0.0006857013,1.596465e-07,0.0008514184,,,,,,,,,,,,,,,,,,,,,,,6.349285e-08,0.000454017,,,,,,,5.04956e-08,0.000442728,1.042696e-07,0.0006611602,,,,,8.831616e-08,0.0006835846,,,5.795068e-08,0.0003658812
11100,,,,,2.753706e-08,0.0004724521,5.494985e-08,0.0003674865,1.500094e-07,0.0008239434,,,,,1.3307e-07,0.0008579744,,,,,,,,,,,,,,,,,,,,,,,5.717641e-08,0.000422122,,,,,,,,,9.327101e-08,0.0006316506,,,,,8.139447e-08,0.0006814694,,,5.297868e-08,0.0004217593
11200,,,,,2.243857e-08,0.0003936578,4.757297e-08,0.0002996649,1.164829e-07,0.0006792307,,,,,1.188525e-07,0.000797926,,,,,,,,,,,,,,,,,,,,,,,4.747901e-08,0.0004802614,,,,,,,,,,,,,,,,,,,4.763272e-08,0.0004152713
11300,,,,,,,4.115876e-08,0.0002869686,9.683453e-08,0.0006198012,,,,,1.083112e-07,0.0007863476,,,,,,,,,,,,,,,,,,,,,,,4.234239e-08,0.000462685,,,,,,,,,,,,,,,,,,,,
11400,,,,,,,3.617766e-08,0.0002712127,7.896826e-08,0.0005474087,,,,,9.346297e-08,0.0006731325,,,,,,,,,,,,,,,,,,,,,,,,,,,,,,,,,,,,,,,,,,,,
11500,,,,,,,3.476919e-08,0.0002660991,,,,,,,7.674436e-08,0.0005519666,,,,,,,,,,,,,,,,,,,,,,,,,,,,,,,,,,,,,,,,,,,,
11600,,,,,,,3.023307e-08,0.0002764615,,,,,,,6.684506e-08,0.0005053006,,,,,,,,,,,,,,,,,,,,,,,,,,,,,,,,,,,,,,,,,,,,
