iteration,PINN__seed1__rel_l2_error,PINN__seed2__rel_l2_error,PINN__seed3__rel_l2_error,PINN__seed10__rel_l2_error,PINN__seed42__rel_l2_error,PINN__seed68__rel_l2_error,PINN__seed79__rel_l2_error,PINN__seed88__rel_l2_error,PINN__seed203__rel_l2_error,PINN__seed3407__rel_l2_error,PINN-RAR__seed1__rel_l2_error,PINN-RAR__seed2__rel_l2_error,PINN-RAR__seed3__rel_l2_error,PINN-RAR__seed10__rel_l2_error,PINN-RAR__seed42__rel_l2_error,PINN-RAR__seed68__rel_l2_error,PINN-RAR__seed79__rel_l2_error,PINN-RAR__seed88__rel_l2_error,PINN-RAR__seed203__rel_l2_error,PINN-RAR__seed3407__rel_l2_error,QPINN__seed1__rel_l2_error,QPINN__seed2__rel_l2_error,QPINN__seed3__rel_l2_error,QPINN__seed10__rel_l2_error,QPINN__seed42__rel_l2_error,QPINN__seed68__rel_l2_error,QPINN__seed79__rel_l2_error,QPINN__seed88__rel_l2_error,QPINN__seed203__rel_l2_error,QPINN__seed3407__rel_l2_error,QPINN-RAR__seed1__rel_l2_error,QPINN-RAR__seed2__rel_l2_error,QPINN-RAR__seed3__rel_l2_error,QPINN-RAR__seed10__rel_l2_error,QPINN-RAR__seed42__rel_l2_error,QPINN-RAR__seed68__rel_l2_error,QPINN-RAR__seed79__rel_l2_error,QPINN-RAR__seed88__rel_l2_error,QPINN-RAR__seed203__rel_l2_error,QPINN-RAR__seed3407__rel_l2_error
0,1.7,1.3,1.8,1.3,0.99,1.4,2.0,1.1,2.7,1.2,1.7,1.3,1.8,1.3,0.99,1.4,2.0,1.1,2.7,1.2,1.6,1.1,0.92,2.1,1.5,3.0,1.4,1.1,2.2,1.7,1.6,1.1,1.1,2.1,1.5,3.0,1.1,1.4,1.9,1.7
100,0.77,0.72,0.75,0.71,0.71,0.73,0.74,0.74,0.73,0.75,0.77,0.72,0.75,0.71,0.71,0.73,0.74,0.74,0.73,0.75,0.79,0.8,0.71,0.75,0.83,0.83,0.75,0.76,0.78,0.74,0.8,0.81,0.8,0.79,0.77,0.84,0.76,0.77,0.79,0.75
200,0.71,0.68,0.65,0.6,0.62,0.67,0.6,0.65,0.72,0.72,0.71,0.68,0.65,0.6,0.62,0.67,0.6,0.65,0.72,0.72,0.69,0.72,0.61,0.7,0.74,0.75,0.66,0.66,0.71,0.71,0.71,0.73,0.69,0.68,0.7,0.77,0.66,0.72,0.72,0.72
300,0.7,0.62,0.55,0.55,0.56,0.59,0.49,0.57,0.64,0.61,0.7,0.62,0.55,0.55,0.56,0.59,0.49,0.57,0.64,0.61,0.62,0.62,0.55,0.68,0.69,0.63,0.56,0.57,0.6,0.63,0.63,0.61,0.66,0.57,0.61,0.7,0.59,0.63,0.67,0.69
400,0.62,0.6,0.5,0.48,0.53,0.52,0.44,0.51,0.57,0.59,0.62,0.6,0.5,0.48,0.53,0.52,0.44,0.51,0.57,0.59,0.57,0.58,0.53,0.66,0.64,0.44,0.48,0.52,0.51,0.53,0.57,0.59,0.58,0.53,0.59,0.53,0.53,0.6,0.66,0.69
500,0.5,0.58,0.43,0.44,0.49,0.46,0.41,0.44,0.52,0.54,0.5,0.58,0.43,0.44,0.49,0.46,0.41,0.44,0.52,0.54,0.49,0.56,0.51,0.63,0.57,0.37,0.42,0.46,0.43,0.48,0.53,0.6,0.56,0.52,0.58,0.44,0.46,0.48,0.68,0.66
600,0.43,0.54,0.38,0.42,0.43,0.41,0.43,0.37,0.54,0.46,0.43,0.54,0.38,0.42,0.43,0.41,0.43,0.37,0.54,0.46,0.44,0.55,0.52,0.53,0.5,0.33,0.4,0.4,0.39,0.44,0.52,0.59,0.56,0.51,0.55,0.37,0.43,0.36,0.66,0.61
700,0.37,0.5,0.35,0.38,0.41,0.35,0.36,0.29,0.46,0.42,0.37,0.5,0.35,0.38,0.41,0.35,0.36,0.29,0.46,0.42,0.4,0.54,0.47,0.41,0.44,0.31,0.4,0.36,0.35,0.39,0.5,0.57,0.54,0.51,0.56,0.34,0.42,0.31,0.61,0.52
800,0.37,0.43,0.33,0.41,0.38,0.3,0.34,0.28,0.45,0.38,0.37,0.43,0.33,0.41,0.38,0.3,0.34,0.28,0.45,0.38,0.4,0.52,0.43,0.37,0.39,0.3,0.33,0.33,0.35,0.35,0.5,0.55,0.54,0.53,0.57,0.31,0.33,0.28,0.57,0.44
900,0.31,0.4,0.33,0.35,0.33,0.27,0.32,0.25,0.45,0.34,0.31,0.4,0.33,0.35,0.33,0.27,0.32,0.25,0.45,0.34,0.37,0.49,0.38,0.36,0.38,0.28,0.3,0.33,0.34,0.36,0.46,0.55,0.54,0.51,0.54,0.3,0.33,0.27,0.56,0.35
1000,0.32,0.4,0.28,0.35,0.29,0.25,0.31,0.24,0.41,0.32,0.32,0.4,0.28,0.35,0.29,0.25,0.31,0.24,0.41,0.32,0.36,0.46,0.34,0.31,0.38,0.27,0.29,0.3,0.31,0.34,0.47,0.58,0.53,0.5,0.47,0.3,0.29,0.25,0.53,0.33
1100,0.28,0.38,0.28,0.33,0.29,0.24,0.32,0.22,0.38,0.29,0.28,0.38,0.28,0.33,0.29,0.24,0.32,0.22,0.38,0.29,0.32,0.43,0.3,0.3,0.36,0.26,0.29,0.29,0.3,0.33,0.41,0.56,0.52,0.49,0.35,0.28,0.3,0.23,0.49,0.31
1200,0.29,0.38,0.26,0.32,0.26,0.22,0.35,0.23,0.37,0.3,0.29,0.38,0.26,0.32,0.26,0.22,0.35,0.23,0.37,0.3,0.33,0.4,0.28,0.29,0.35,0.25,0.27,0.29,0.31,0.31,0.41,0.55,0.49,0.5,0.3,0.27,0.28,0.23,0.46,0.28
1300,0.27,0.36,0.22,0.31,0.25,0.22,0.3,0.22,0.34,0.27,0.27,0.36,0.22,0.31,0.25,0.22,0.3,0.22,0.34,0.27,0.32,0.38,0.26,0.29,0.37,0.23,0.26,0.27,0.28,0.31,0.38,0.55,0.5,0.52,0.29,0.26,0.26,0.21,0.41,0.28
1400,0.26,0.34,0.21,0.32,0.24,0.21,0.28,0.21,0.33,0.25,0.26,0.34,0.21,0.32,0.24,0.21,0.28,0.21,0.33,0.25,0.32,0.38,0.24,0.27,0.33,0.22,0.27,0.26,0.28,0.31,0.36,0.56,0.49,0.5,0.27,0.26,0.27,0.21,0.39,0.26
1500,0.22,0.35,0.21,0.32,0.24,0.21,0.3,0.2,0.34,0.24,0.22,0.35,0.21,0.32,0.24,0.21,0.3,0.2,0.34,0.24,0.28,0.37,0.24,0.27,0.35,0.21,0.25,0.24,0.28,0.29,0.35,0.57,0.49,0.51,0.25,0.24,0.25,0.2,0.37,0.25
1600,0.22,0.33,0.21,0.31,0.26,0.18,0.28,0.2,0.33,0.24,0.22,0.33,0.21,0.31,0.26,0.18,0.28,0.2,0.33,0.24,0.28,0.34,0.22,0.25,0.35,0.2,0.26,0.23,0.27,0.28,0.33,0.56,0.44,0.51,0.24,0.26,0.26,0.19,0.36,0.24
1700,0.22,0.31,0.2,0.3,0.21,0.19,0.29,0.2,0.34,0.22,0.22,0.31,0.2,0.3,0.21,0.19,0.29,0.2,0.34,0.22,0.28,0.33,0.21,0.24,0.32,0.2,0.24,0.23,0.28,0.29,0.31,0.57,0.38,0.51,0.22,0.24,0.24,0.2,0.34,0.24
1800,0.22,0.32,0.17,0.31,0.23,0.17,0.29,0.2,0.32,0.23,0.22,0.32,0.17,0.31,0.23,0.17,0.29,0.2,0.32,0.23,0.27,0.33,0.2,0.24,0.35,0.18,0.24,0.22,0.26,0.25,0.29,0.55,0.37,0.5,0.23,0.23,0.24,0.18,0.33,0.26
1900,0.22,0.3,0.17,0.3,0.21,0.19,0.29,0.22,0.3,0.22,0.22,0.3,0.17,0.3,0.21,0.19,0.29,0.22,0.3,0.22,0.26,0.32,0.18,0.25,0.32,0.17,0.23,0.23,0.26,0.28,0.28,0.56,0.35,0.48,0.22,0.21,0.23,0.19,0.31,0.26
2000,0.18,0.28,0.17,0.3,0.21,0.18,0.26,0.19,0.31,0.2,0.18,0.28,0.17,0.3,0.21,0.18,0.26,0.19,0.31,0.2,0.26,0.29,0.18,0.23,0.32,0.16,0.24,0.23,0.25,0.25,0.28,0.55,0.32,0.48,0.22,0.21,0.25,0.18,0.3,0.23
2100,0.2,0.28,0.17,0.31,0.22,0.17,0.25,0.18,0.3,0.19,0.26,0.36,0.21,0.31,0.24,0.22,0.27,0.21,0.33,0.22,0.26,0.3,0.17,0.22,0.32,0.16,0.21,0.22,0.25,0.26,0.27,0.55,0.31,0.45,0.24,0.25,0.23,0.19,0.3,0.24
2200,0.18,0.26,0.16,0.31,0.21,0.16,0.26,0.19,0.29,0.22,0.23,0.3,0.22,0.29,0.25,0.26,0.24,0.23,0.32,0.2,0.24,0.29,0.16,0.23,0.33,0.16,0.23,0.22,0.26,0.24,0.26,0.56,0.29,0.43,0.23,0.22,0.25,0.19,0.3,0.25
2300,0.19,0.26,0.16,0.28,0.21,0.16,0.25,0.18,0.28,0.2,0.2,0.29,0.22,0.29,0.23,0.22,0.24,0.19,0.28,0.19,0.24,0.28,0.15,0.22,0.3,0.16,0.22,0.21,0.26,0.25,0.27,0.56,0.27,0.43,0.21,0.21,0.23,0.19,0.29,0.25
2400,0.19,0.25,0.15,0.28,0.19,0.15,0.23,0.18,0.26,0.18,0.2,0.28,0.21,0.28,0.2,0.22,0.24,0.17,0.26,0.19,0.23,0.28,0.16,0.23,0.3,0.15,0.21,0.21,0.23,0.23,0.26,0.52,0.26,0.39,0.2,0.22,0.22,0.17,0.28,0.25
2500,0.17,0.26,0.17,0.27,0.21,0.16,0.24,0.17,0.26,0.18,0.19,0.26,0.18,0.27,0.2,0.21,0.27,0.17,0.24,0.18,0.24,0.27,0.15,0.2,0.3,0.15,0.22,0.2,0.24,0.23,0.23,0.53,0.24,0.38,0.21,0.22,0.25,0.18,0.27,0.24
2600,0.18,0.22,0.14,0.25,0.2,0.17,0.23,0.17,0.27,0.18,0.19,0.25,0.18,0.27,0.19,0.2,0.23,0.18,0.23,0.17,0.24,0.28,0.15,0.21,0.32,0.15,0.21,0.21,0.23,0.22,0.24,0.47,0.24,0.36,0.19,0.19,0.23,0.18,0.27,0.24
2700,0.17,0.23,0.14,0.26,0.19,0.16,0.23,0.16,0.24,0.21,0.19,0.25,0.18,0.27,0.2,0.19,0.23,0.17,0.22,0.18,0.23,0.27,0.14,0.2,0.3,0.15,0.22,0.19,0.23,0.22,0.23,0.46,0.23,0.35,0.19,0.19,0.24,0.17,0.29,0.24
2800,0.18,0.22,0.15,0.26,0.18,0.15,0.24,0.17,0.26,0.17,0.17,0.26,0.16,0.25,0.18,0.2,0.25,0.18,0.23,0.17,0.21,0.26,0.15,0.2,0.27,0.15,0.21,0.21,0.22,0.21,0.21,0.41,0.23,0.34,0.19,0.19,0.22,0.17,0.28,0.25
2900,0.17,0.2,0.17,0.25,0.21,0.13,0.22,0.15,0.22,0.17,0.17,0.25,0.16,0.24,0.18,0.17,0.22,0.17,0.21,0.16,0.22,0.25,0.13,0.2,0.32,0.14,0.2,0.19,0.22,0.21,0.24,0.38,0.22,0.3,0.18,0.2,0.23,0.17,0.27,0.24
3000,0.18,0.2,0.14,0.25,0.19,0.14,0.22,0.15,0.22,0.16,0.16,0.22,0.15,0.23,0.17,0.16,0.23,0.16,0.19,0.16,0.23,0.24,0.15,0.2,0.27,0.14,0.21,0.19,0.21,0.21,0.23,0.37,0.22,0.29,0.19,0.19,0.28,0.17,0.25,0.23
3100,0.18,0.19,0.14,0.23,0.18,0.14,0.21,0.16,0.22,0.17,0.19,0.23,0.16,0.23,0.16,0.17,0.24,0.15,0.2,0.15,0.23,0.25,0.14,0.2,0.29,0.13,0.22,0.19,0.22,0.21,0.2,0.39,0.21,0.28,0.19,0.2,0.23,0.17,0.27,0.22
3200,0.17,0.2,0.13,0.24,0.19,0.13,0.2,0.15,0.21,0.16,0.16,0.22,0.16,0.22,0.17,0.15,0.22,0.15,0.19,0.15,0.2,0.25,0.14,0.19,0.28,0.14,0.2,0.19,0.22,0.2,0.19,0.35,0.2,0.28,0.18,0.18,0.22,0.17,0.25,0.23
3300,0.16,0.18,0.13,0.24,0.18,0.13,0.2,0.14,0.21,0.14,0.16,0.22,0.14,0.21,0.17,0.15,0.23,0.15,0.21,0.15,0.21,0.24,0.13,0.2,0.28,0.14,0.21,0.19,0.21,0.21,0.21,0.36,0.22,0.27,0.18,0.17,0.23,0.17,0.26,0.22
3400,0.17,0.19,0.14,0.22,0.19,0.13,0.21,0.14,0.2,0.15,0.16,0.2,0.14,0.2,0.16,0.15,0.19,0.15,0.19,0.15,0.21,0.24,0.14,0.2,0.27,0.13,0.21,0.19,0.21,0.2,0.19,0.35,0.2,0.26,0.17,0.17,0.24,0.17,0.26,0.23
3500,0.18,0.18,0.13,0.22,0.18,0.14,0.19,0.14,0.19,0.15,0.15,0.2,0.14,0.21,0.16,0.14,0.2,0.13,0.18,0.15,0.21,0.24,0.13,0.2,0.27,0.14,0.21,0.19,0.21,0.19,0.19,0.35,0.21,0.24,0.18,0.17,0.21,0.16,0.24,0.21
3600,0.16,0.17,0.13,0.21,0.18,0.14,0.19,0.13,0.18,0.15,0.15,0.2,0.13,0.2,0.24,0.14,0.2,0.13,0.17,0.15,0.21,0.23,0.12,0.19,0.25,0.13,0.22,0.19,0.21,0.19,0.19,0.32,0.2,0.24,0.18,0.16,0.21,0.15,0.23,0.23
3700,0.16,0.17,0.14,0.21,0.17,0.12,0.2,0.13,0.19,0.15,0.14,0.2,0.13,0.18,0.16,0.15,0.19,0.14,0.19,0.13,0.21,0.23,0.13,0.19,0.26,0.14,0.21,0.19,0.21,0.19,0.18,0.32,0.19,0.23,0.18,0.15,0.23,0.16,0.24,0.21
3800,0.17,0.17,0.13,0.2,0.18,0.13,0.19,0.12,0.17,0.13,0.15,0.19,0.13,0.18,0.15,0.15,0.22,0.12,0.17,0.14,0.2,0.24,0.12,0.18,0.23,0.13,0.2,0.2,0.21,0.18,0.18,0.32,0.21,0.24,0.16,0.14,0.21,0.15,0.22,0.22
3900,0.16,0.18,0.14,0.22,0.18,0.12,0.18,0.12,0.18,0.13,0.15,0.18,0.12,0.18,0.16,0.14,0.19,0.12,0.18,0.13,0.21,0.23,0.13,0.19,0.25,0.13,0.2,0.19,0.21,0.18,0.19,0.3,0.19,0.22,0.17,0.15,0.22,0.15,0.22,0.22
4000,0.15,0.17,0.13,0.19,0.17,0.12,0.18,0.12,0.18,0.13,0.14,0.19,0.15,0.17,0.15,0.14,0.18,0.11,0.19,0.13,0.18,0.22,0.12,0.19,0.24,0.12,0.21,0.19,0.21,0.18,0.18,0.31,0.18,0.2,0.17,0.15,0.23,0.15,0.23,0.22
4100,0.14,0.16,0.14,0.19,0.18,0.11,0.19,0.13,0.16,0.12,0.15,0.2,0.15,0.18,0.17,0.14,0.19,0.12,0.19,0.15,0.19,0.23,0.13,0.19,0.23,0.13,0.2,0.18,0.2,0.17,0.18,0.3,0.18,0.22,0.16,0.15,0.21,0.16,0.24,0.22
4200,0.15,0.17,0.12,0.18,0.19,0.13,0.18,0.11,0.22,0.16,0.17,0.2,0.16,0.17,0.17,0.15,0.2,0.13,0.19,0.14,0.21,0.22,0.13,0.19,0.23,0.13,0.21,0.18,0.21,0.18,0.19,0.29,0.18,0.2,0.17,0.14,0.24,0.16,0.23,0.21
4300,0.15,0.15,0.2,0.2,0.16,0.11,0.18,0.11,0.17,0.13,0.15,0.19,0.14,0.18,0.16,0.12,0.19,0.12,0.17,0.13,0.18,0.21,0.13,0.19,0.23,0.12,0.2,0.18,0.21,0.16,0.17,0.28,0.18,0.19,0.17,0.13,0.23,0.15,0.22,0.2
4400,0.15,0.17,0.12,0.17,0.18,0.15,0.2,0.1,0.15,0.13,0.15,0.19,0.14,0.17,0.15,0.13,0.18,0.13,0.24,0.14,0.21,0.22,0.11,0.18,0.25,0.13,0.2,0.18,0.19,0.17,0.17,0.27,0.18,0.21,0.16,0.13,0.21,0.14,0.23,0.22
4500,0.14,0.16,0.13,0.16,0.17,0.12,0.17,0.11,0.18,0.12,0.14,0.22,0.12,0.16,0.16,0.15,0.19,0.11,0.18,0.15,0.2,0.24,0.12,0.18,0.21,0.12,0.19,0.19,0.2,0.16,0.16,0.27,0.18,0.19,0.17,0.13,0.21,0.15,0.22,0.21
4600,0.14,0.15,0.14,0.17,0.18,0.12,0.17,0.097,0.15,0.11,0.14,0.22,0.12,0.16,0.18,0.12,0.18,0.11,0.18,0.14,0.19,0.23,0.12,0.18,0.23,0.12,0.2,0.18,0.2,0.16,0.17,0.27,0.18,0.18,0.15,0.15,0.22,0.14,0.23,0.21
4700,0.15,0.16,0.12,0.17,0.17,0.13,0.18,0.099,0.14,0.12,0.13,0.17,0.12,0.16,0.15,0.12,0.18,0.11,0.17,0.13,0.19,0.23,0.11,0.18,0.21,0.12,0.2,0.18,0.19,0.16,0.16,0.25,0.18,0.19,0.15,0.12,0.2,0.16,0.22,0.2
4800,0.15,0.15,0.11,0.17,0.17,0.12,0.17,0.099,0.14,0.12,0.14,0.17,0.12,0.14,0.17,0.13,0.18,0.1,0.17,0.12,0.2,0.22,0.13,0.18,0.22,0.12,0.21,0.18,0.19,0.16,0.17,0.25,0.19,0.19,0.15,0.15,0.21,0.14,0.24,0.2
4900,0.14,0.15,0.11,0.18,0.16,0.11,0.16,0.098,0.13,0.11,0.13,0.18,0.18,0.16,0.17,0.12,0.19,0.1,0.18,0.12,0.19,0.2,0.12,0.18,0.25,0.13,0.2,0.18,0.19,0.15,0.18,0.27,0.19,0.18,0.16,0.13,0.2,0.14,0.22,0.2
5000,0.13,0.16,0.12,0.16,0.16,0.1,0.17,0.1,0.14,0.13,0.13,0.19,0.11,0.16,0.14,0.11,0.19,0.1,0.18,0.12,0.18,0.21,0.12,0.18,0.21,0.11,0.19,0.18,0.21,0.15,0.16,0.26,0.17,0.18,0.15,0.12,0.2,0.15,0.21,0.21
5100,0.14,0.15,0.12,0.16,0.16,0.11,0.16,0.092,0.13,0.11,0.15,0.18,0.13,0.16,0.14,0.14,0.18,0.092,0.16,0.13,0.19,0.21,0.11,0.18,0.19,0.11,0.2,0.18,0.19,0.16,0.16,0.24,0.17,0.19,0.15,0.12,0.2,0.14,0.21,0.21
5200,0.14,0.16,0.12,0.15,0.16,0.11,0.16,0.11,0.14,0.11,0.13,0.17,0.18,0.15,0.15,0.12,0.17,0.11,0.15,0.12,0.19,0.21,0.11,0.18,0.2,0.11,0.21,0.18,0.2,0.15,0.16,0.23,0.17,0.17,0.15,0.14,0.2,0.13,0.22,0.2
5300,0.14,0.16,0.11,0.16,0.16,0.11,0.17,0.11,0.16,0.11,0.14,0.2,0.11,0.15,0.16,0.13,0.17,0.086,0.17,0.12,0.19,0.2,0.11,0.17,0.21,0.12,0.21,0.17,0.19,0.15,0.17,0.23,0.18,0.17,0.15,0.13,0.21,0.14,0.21,0.2
5400,0.13,0.17,0.11,0.14,0.17,0.11,0.15,0.098,0.14,0.1,0.13,0.16,0.1,0.14,0.14,0.14,0.17,0.11,0.18,0.11,0.18,0.2,0.11,0.17,0.2,0.11,0.19,0.18,0.2,0.15,0.15,0.22,0.17,0.15,0.13,0.15,0.2,0.13,0.19,0.2
5500,0.13,0.15,0.11,0.15,0.18,0.11,0.17,0.092,0.13,0.1,0.12,0.15,0.1,0.15,0.15,0.11,0.18,0.083,0.15,0.12,0.18,0.2,0.11,0.18,0.2,0.12,0.2,0.16,0.19,0.15,0.16,0.23,0.18,0.16,0.14,0.12,0.23,0.13,0.2,0.21
5600,0.13,0.14,0.11,0.14,0.15,0.11,0.15,0.089,0.13,0.11,0.13,0.17,0.18,0.14,0.14,0.11,0.16,0.089,0.16,0.12,0.18,0.2,0.11,0.17,0.21,0.13,0.19,0.18,0.2,0.15,0.16,0.25,0.16,0.15,0.13,0.13,0.19,0.13,0.2,0.21
5700,0.13,0.15,0.1,0.13,0.15,0.11,0.16,0.092,0.12,0.1,0.12,0.15,0.25,0.13,0.17,0.11,0.16,0.1,0.16,0.11,0.18,0.2,0.1,0.16,0.19,0.13,0.19,0.17,0.2,0.14,0.16,0.23,0.17,0.16,0.13,0.12,0.19,0.13,0.2,0.19
5800,0.13,0.13,0.11,0.13,0.16,0.11,0.16,0.096,0.13,0.11,0.12,0.15,0.098,0.14,0.13,0.12,0.18,0.085,0.15,0.12,0.19,0.19,0.1,0.18,0.21,0.12,0.19,0.18,0.2,0.14,0.15,0.22,0.16,0.14,0.14,0.13,0.19,0.14,0.21,0.2
5900,0.12,0.14,0.094,0.13,0.17,0.099,0.14,0.083,0.13,0.1,0.12,0.16,0.1,0.13,0.13,0.1,0.17,0.086,0.15,0.11,0.19,0.19,0.1,0.17,0.21,0.12,0.21,0.17,0.2,0.14,0.14,0.22,0.16,0.14,0.15,0.11,0.19,0.14,0.18,0.21
6000,0.13,0.14,0.097,0.13,0.15,0.099,0.14,0.079,0.12,0.11,0.11,0.17,0.1,0.14,0.14,0.12,0.16,0.082,0.19,0.099,0.17,0.18,0.1,0.19,0.2,0.11,0.19,0.16,0.18,0.15,0.15,0.23,0.16,0.15,0.13,0.12,0.21,0.13,0.2,0.19
6100,0.13,0.13,0.1,0.13,0.15,0.098,0.15,0.098,0.12,0.13,0.13,0.19,0.11,0.14,0.15,0.12,0.17,0.12,0.19,0.12,0.18,0.19,0.1,0.17,0.2,0.11,0.21,0.17,0.19,0.13,0.15,0.21,0.18,0.16,0.14,0.18,0.19,0.13,0.19,0.19
6200,0.12,0.13,0.095,0.13,0.16,0.096,0.15,0.088,0.15,0.1,0.13,0.16,0.11,0.14,0.14,0.12,0.17,0.081,0.18,0.11,0.18,0.19,0.095,0.16,0.19,0.12,0.2,0.15,0.19,0.14,0.15,0.22,0.16,0.14,0.13,0.13,0.19,0.13,0.2,0.2
6300,0.12,0.13,0.089,0.12,0.16,0.1,0.14,0.085,0.12,0.11,0.12,0.17,0.11,0.14,0.16,0.1,0.16,0.081,0.16,0.12,0.18,0.17,0.099,0.17,0.2,0.11,0.19,0.18,0.18,0.14,0.14,0.21,0.16,0.13,0.12,0.12,0.19,0.13,0.2,0.19
6400,0.13,0.13,0.11,0.13,0.16,0.097,0.14,0.084,0.11,0.09,0.14,0.16,0.1,0.15,0.14,0.14,0.16,0.081,0.15,0.11,0.18,0.19,0.11,0.17,0.19,0.11,0.19,0.16,0.18,0.13,0.17,0.22,0.16,0.13,0.13,0.12,0.18,0.15,0.2,0.19
6500,0.12,0.13,0.091,0.12,0.14,0.1,0.15,0.079,0.16,0.095,0.12,0.16,0.13,0.13,0.14,0.11,0.17,0.073,0.14,0.11,0.17,0.18,0.1,0.17,0.18,0.11,0.2,0.16,0.2,0.13,0.14,0.21,0.17,0.12,0.12,0.13,0.19,0.12,0.2,0.19
6600,0.13,0.13,0.099,0.12,0.14,0.1,0.13,0.075,0.11,0.098,0.11,0.18,0.093,0.14,0.14,0.11,0.15,0.079,0.15,0.12,0.18,0.19,0.1,0.16,0.19,0.1,0.19,0.16,0.18,0.12,0.14,0.21,0.15,0.14,0.12,0.14,0.18,0.13,0.2,0.19
6700,0.12,0.12,0.091,0.12,0.15,0.1,0.13,0.084,0.14,0.1,0.11,0.16,0.13,0.12,0.14,0.11,0.16,0.078,0.15,0.12,0.18,0.18,0.091,0.15,0.19,0.13,0.18,0.16,0.19,0.13,0.14,0.2,0.15,0.11,0.12,0.13,0.19,0.12,0.18,0.19
6800,0.11,0.13,0.1,0.11,0.15,0.089,0.14,0.09,0.12,0.094,0.12,0.18,0.096,0.12,0.13,0.1,0.15,0.09,0.15,0.12,0.18,0.18,0.095,0.18,0.19,0.1,0.18,0.15,0.16,0.13,0.13,0.22,0.16,0.12,0.12,0.15,0.17,0.13,0.19,0.19
6900,0.13,0.12,0.089,0.11,0.16,0.091,0.12,0.07,0.11,0.099,0.11,0.16,0.099,0.12,0.14,0.094,0.16,0.08,0.14,0.1,0.19,0.17,0.095,0.15,0.19,0.099,0.17,0.15,0.18,0.12,0.13,0.19,0.15,0.11,0.13,0.13,0.18,0.12,0.19,0.19
7000,0.11,0.14,0.098,0.12,0.15,0.097,0.13,0.077,0.12,0.1,0.11,0.16,0.093,0.13,0.14,0.1,0.15,0.071,0.16,0.11,0.2,0.18,0.1,0.17,0.19,0.11,0.18,0.14,0.18,0.13,0.13,0.2,0.15,0.12,0.12,0.12,0.17,0.13,0.2,0.2
7100,0.11,0.13,0.086,0.11,0.15,0.094,0.12,0.074,0.11,0.1,0.11,0.15,0.088,0.12,0.13,0.1,0.14,0.075,0.13,0.1,0.18,0.18,0.092,0.17,0.18,0.11,0.18,0.16,0.18,0.13,0.14,0.19,0.14,0.12,0.11,0.13,0.18,0.13,0.19,0.19
7200,0.12,0.12,0.089,0.12,0.16,0.094,0.14,0.091,0.1,0.093,0.1,0.16,0.1,0.12,0.13,0.11,0.14,0.065,0.14,0.11,0.16,0.17,0.091,0.16,0.19,0.11,0.19,0.16,0.17,0.12,0.13,0.19,0.15,0.11,0.13,0.11,0.18,0.14,0.17,0.18
7300,0.13,0.12,0.08,0.1,0.15,0.1,0.12,0.076,0.1,0.1,0.12,0.15,0.092,0.13,0.13,0.1,0.15,0.072,0.14,0.1,0.18,0.16,0.093,0.16,0.18,0.1,0.18,0.15,0.19,0.12,0.13,0.19,0.15,0.1,0.11,0.13,0.18,0.12,0.19,0.19
7400,0.12,0.12,0.093,0.11,0.14,0.089,0.12,0.088,0.1,0.099,0.1,0.14,0.095,0.12,0.13,0.094,0.15,0.085,0.14,0.098,0.16,0.16,0.099,0.17,0.18,0.1,0.18,0.15,0.17,0.13,0.13,0.19,0.15,0.1,0.12,0.11,0.17,0.14,0.19,0.19
7500,0.13,0.11,0.086,0.12,0.16,0.11,0.23,0.085,0.11,0.096,0.11,0.13,0.11,0.11,0.13,0.11,0.14,0.073,0.14,0.1,0.18,0.18,0.098,0.17,0.17,0.1,0.18,0.15,0.16,0.12,0.14,0.17,0.15,0.1,0.12,0.12,0.17,0.12,0.19,0.19
7600,0.11,0.11,0.091,0.1,0.14,0.089,0.12,0.074,0.11,0.095,0.1,0.14,0.15,0.11,0.12,0.093,0.14,0.1,0.16,0.095,0.2,0.17,0.095,0.15,0.18,0.1,0.18,0.16,0.16,0.12,0.12,0.19,0.14,0.093,0.11,0.11,0.18,0.13,0.18,0.18
7700,0.11,0.13,0.078,0.092,0.14,0.089,0.11,0.079,0.094,0.094,0.099,0.13,0.099,0.12,0.12,0.1,0.17,0.081,0.14,0.1,0.17,0.17,0.093,0.16,0.17,0.098,0.16,0.14,0.16,0.12,0.13,0.18,0.15,0.1,0.1,0.11,0.17,0.12,0.17,0.18
7800,0.11,0.12,0.086,0.11,0.14,0.091,0.11,0.08,0.099,0.089,0.099,0.14,0.087,0.11,0.12,0.092,0.14,0.066,0.13,0.091,0.19,0.18,0.093,0.17,0.17,0.1,0.17,0.15,0.16,0.12,0.14,0.18,0.15,0.1,0.11,0.11,0.16,0.11,0.17,0.18
7900,0.11,0.12,0.085,0.1,0.15,0.092,0.14,0.083,0.11,0.098,0.11,0.14,0.079,0.11,0.15,0.1,0.13,0.062,0.16,0.095,0.18,0.17,0.086,0.15,0.17,0.1,0.18,0.15,0.16,0.12,0.12,0.19,0.14,0.098,0.11,0.12,0.17,0.11,0.18,0.19
8000,0.11,0.11,0.092,0.096,0.17,0.083,0.12,0.079,0.098,0.089,0.1,0.13,0.081,0.11,0.12,0.097,0.17,0.079,0.14,0.09,0.18,0.16,0.091,0.17,0.18,0.11,0.16,0.15,0.15,0.12,0.11,0.17,0.14,0.091,0.11,0.13,0.17,0.12,0.2,0.17
8100,0.11,0.11,0.074,0.098,0.24,0.087,0.11,0.071,0.092,0.091,0.099,0.14,0.087,0.12,0.12,0.099,0.14,0.093,0.14,0.11,0.17,0.16,0.09,0.16,0.17,0.09,0.18,0.13,0.15,0.12,0.13,0.17,0.14,0.087,0.11,0.12,0.17,0.11,0.18,0.18
8200,0.11,0.13,0.088,0.099,0.15,0.093,0.14,0.073,0.13,0.089,0.11,0.15,0.087,0.11,0.14,0.094,0.13,0.066,0.13,0.094,0.17,0.16,0.1,0.16,0.19,0.11,0.17,0.14,0.15,0.11,0.12,0.2,0.16,0.11,0.11,0.11,0.17,0.11,0.17,0.19
8300,0.11,0.11,0.081,0.11,0.15,0.085,0.11,0.086,0.093,0.09,0.095,0.15,0.098,0.1,0.12,0.1,0.14,0.095,0.13,0.11,0.17,0.16,0.091,0.16,0.17,0.1,0.17,0.15,0.14,0.11,0.12,0.18,0.15,0.086,0.1,0.11,0.16,0.11,0.17,0.19
8400,0.1,0.1,0.078,0.095,0.14,0.088,0.12,0.075,0.1,0.093,0.1,0.14,0.087,0.12,0.12,0.1,0.14,0.074,0.14,0.1,0.16,0.16,0.083,0.15,0.17,0.096,0.17,0.14,0.15,0.11,0.12,0.18,0.13,0.093,0.096,0.11,0.17,0.11,0.17,0.18
8500,0.098,0.11,0.083,0.1,0.14,0.085,0.11,0.076,0.095,0.086,0.095,0.14,0.15,0.11,0.11,0.093,0.13,0.07,0.12,0.096,0.16,0.15,0.09,0.15,0.15,0.1,0.16,0.13,0.14,0.11,0.13,0.17,0.15,0.093,0.096,0.13,0.17,0.11,0.17,0.18
8600,0.1,0.11,0.074,0.093,0.17,0.084,0.12,0.1,0.11,0.094,0.1,0.13,0.088,0.11,0.12,0.093,0.13,0.066,0.13,0.092,0.16,0.17,0.087,0.16,0.16,0.1,0.17,0.14,0.14,0.12,0.12,0.18,0.14,0.091,0.099,0.11,0.16,0.12,0.18,0.17
8700,0.12,0.1,0.082,0.096,0.15,0.098,0.12,0.067,0.093,0.095,0.1,0.13,0.089,0.1,0.12,0.088,0.14,0.062,0.12,0.095,0.17,0.15,0.087,0.16,0.16,0.11,0.15,0.14,0.14,0.11,0.13,0.18,0.15,0.094,0.11,0.11,0.15,0.11,0.16,0.19
8800,0.1,0.1,0.081,0.094,0.14,0.084,0.14,0.078,0.087,0.097,0.091,0.14,0.1,0.11,0.13,0.088,0.12,0.068,0.12,0.096,0.16,0.17,0.079,0.15,0.16,0.093,0.17,0.14,0.13,0.12,0.13,0.18,0.13,0.085,0.1,0.099,0.15,0.11,0.18,0.17
8900,0.12,0.12,0.072,0.099,0.15,0.086,0.11,0.065,0.13,0.1,0.1,0.13,0.083,0.12,0.13,0.09,0.15,0.062,0.12,0.1,0.16,0.15,0.085,0.16,0.16,0.092,0.15,0.13,0.13,0.12,0.11,0.19,0.14,0.084,0.098,0.11,0.16,0.12,0.17,0.19
9000,0.11,0.11,0.082,0.086,0.14,0.083,0.11,0.079,0.093,0.1,0.095,0.13,0.078,0.1,0.15,0.11,0.13,0.068,0.14,0.098,0.16,0.15,0.086,0.15,0.16,0.1,0.18,0.14,0.13,0.12,0.13,0.16,0.14,0.091,0.1,0.11,0.16,0.12,0.17,0.17
9100,0.1,0.1,0.086,0.088,0.15,0.084,0.11,0.07,0.087,0.08,0.098,0.14,0.087,0.12,0.11,0.09,0.13,0.061,0.12,0.099,0.16,0.15,0.082,0.17,0.15,0.1,0.16,0.14,0.13,0.1,0.11,0.16,0.14,0.09,0.11,0.11,0.15,0.11,0.18,0.18
9200,0.11,0.097,0.077,0.1,0.15,0.086,0.11,0.068,0.11,0.11,0.091,0.13,0.075,0.11,0.11,0.089,0.13,0.062,0.12,0.095,0.16,0.15,0.088,0.16,0.15,0.11,0.21,0.14,0.12,0.13,0.12,0.18,0.13,0.084,0.11,0.11,0.18,0.11,0.16,0.16
9300,0.1,0.1,0.081,0.091,0.14,0.076,0.11,0.069,0.09,0.098,0.088,0.14,0.084,0.096,0.11,0.079,0.14,0.067,0.11,0.092,0.16,0.15,0.088,0.16,0.17,0.087,0.16,0.13,0.14,0.11,0.12,0.17,0.14,0.091,0.1,0.11,0.15,0.11,0.16,0.17
9400,0.11,0.12,0.077,0.087,0.14,0.083,0.12,0.074,0.093,0.1,0.085,0.13,0.082,0.097,0.11,0.078,0.12,0.057,0.13,0.095,0.17,0.15,0.081,0.15,0.15,0.085,0.16,0.13,0.12,0.1,0.13,0.16,0.13,0.085,0.1,0.11,0.15,0.11,0.16,0.17
9500,0.09,0.091,0.078,0.08,0.14,0.083,0.13,0.071,0.091,0.099,0.093,0.12,0.093,0.099,0.14,0.084,0.13,0.065,0.12,0.095,0.15,0.14,0.08,0.15,0.15,0.092,0.16,0.14,0.13,0.11,0.12,0.15,0.14,0.077,0.097,0.1,0.15,0.11,0.17,0.18
9600,0.098,0.1,0.087,0.12,0.16,0.072,0.11,0.071,0.093,0.088,0.091,0.13,0.081,0.099,0.11,0.083,0.12,0.064,0.14,0.097,0.14,0.14,0.096,0.15,0.15,0.1,0.15,0.13,0.12,0.1,0.11,0.15,0.14,0.081,0.094,0.11,0.15,0.11,0.17,0.17
9700,0.098,0.093,0.077,0.091,0.13,0.11,0.11,0.099,0.086,0.084,0.11,0.12,0.073,0.088,0.12,0.082,0.13,0.064,0.12,0.09,0.16,0.14,0.091,0.16,0.14,0.089,0.17,0.14,0.12,0.11,0.12,0.16,0.13,0.084,0.089,0.11,0.15,0.12,0.16,0.18
9800,0.099,0.091,0.11,0.088,0.16,0.085,0.11,0.068,0.087,0.084,0.1,0.12,0.081,0.091,0.13,0.088,0.14,0.068,0.12,0.084,0.15,0.14,0.088,0.15,0.15,0.097,0.16,0.13,0.12,0.1,0.11,0.18,0.13,0.081,0.089,0.17,0.15,0.11,0.16,0.16
9900,0.097,0.091,0.074,0.11,0.13,0.08,0.11,0.069,0.089,0.1,0.09,0.13,0.088,0.11,0.11,0.089,0.15,0.065,0.12,0.093,0.16,0.14,0.086,0.15,0.15,0.088,0.15,0.14,0.12,0.11,0.1,0.17,0.13,0.079,0.09,0.11,0.14,0.11,0.16,0.17
10001,0.09581114,0.08793554,0.07043245,0.08400865,0.136104,0.0759862,0.1035189,0.06635558,0.08553699,0.08540527,0.08501472,0.1209755,0.07089298,0.09574259,0.1039012,0.07838604,0.1183225,0.05406474,0.1076317,0.09325983,0.1518954,0.132605,0.0829045,0.1519727,0.1438285,0.09462381,0.160073,0.124075,0.1148643,0.104207,0.1075497,0.1561937,0.1277804,0.07648656,0.09256257,0.09983291,0.1460647,0.1085884,0.1580573,0.1608823
10100,0.07504298,0.07280056,0.05814187,0.07323309,0.120634,0.05411636,0.07985818,0.05268313,0.06367169,0.06782208,0.06351967,0.07630662,0.04976513,0.06573125,0.07035592,0.057358,0.08790332,0.04870314,0.07562755,0.0670555,0.1288375,0.09826948,0.06078137,0.1241796,0.1477655,0.07665518,0.1248655,0.1134143,0.08825798,0.08592357,0.06837567,0.1081216,0.08104427,0.05430404,0.0684493,0.09099611,0.1227424,0.1018377,0.1309791,0.1052189
10200,0.06517021,0.06713321,0.049268,0.06410347,0.1235015,0.0504986,0.06926386,0.03860664,0.05927488,0.05949164,0.05802849,0.05246802,0.04244568,0.05396106,0.05556314,0.04759771,0.07518822,0.03756347,0.05725338,0.05985774,0.1146651,0.08519037,0.04627469,0.1090287,0.1487421,0.06092393,0.1108153,0.08542954,0.06303461,0.07385968,0.05664888,0.07269903,0.06142903,0.04600077,0.05144501,0.07848574,0.1135968,0.08713934,0.0907511,0.08867516
10300,0.05678462,0.04934252,0.04851332,0.0668687,0.109175,0.04352043,0.05947778,0.03693933,0.05796361,0.05817584,0.05830504,0.04594491,0.04011915,0.04921246,0.05552306,0.0378118,0.06573457,0.03388324,0.04770931,0.05037182,0.09738729,0.07007222,0.03801757,0.1010372,0.1374279,0.05316455,0.09070494,0.07191305,0.05237177,0.07099544,0.04890015,0.06090387,0.05612688,0.0414322,0.04530961,0.06500309,0.1006056,0.07787136,0.08049154,0.0689776
10400,0.05137963,0.0499186,0.04706943,0.05747001,0.0918213,0.03980542,0.05904759,0.03614517,0.05385407,0.05227052,0.05001841,0.03715022,0.03924418,0.04349045,0.05181536,0.03042604,0.0605516,0.03379493,0.04794953,0.04613084,0.0834361,0.06172744,0.03766865,0.07653023,0.1190452,0.05301965,0.0919634,0.05642704,0.04579912,0.0667721,0.04483805,0.05253806,0.05402983,0.02942176,0.04107921,0.05618045,0.09977577,0.0723682,0.07780308,0.05617075
10500,0.04879789,0.04569354,0.04533783,0.05686761,0.08459686,0.03665181,0.05567509,0.03321907,0.05384775,0.05360342,0.04550152,0.03642537,0.04131985,0.03935597,0.05436043,0.02982157,0.05568797,0.03169914,0.0419531,0.0438033,0.06992365,0.05794249,0.03361025,0.06309356,0.1235821,0.05607469,0.0795901,0.05617549,0.04744798,0.06028642,0.04161622,0.05253773,0.05347237,0.02511758,0.03950248,0.04910832,0.09109229,0.06272793,0.06860128,0.05292191
10600,0.04381818,0.04443138,0.04238863,0.05272753,0.07874015,0.03446278,0.05485816,0.03080356,0.05165096,0.05294573,0.04939331,0.03169804,0.04004642,0.03778259,0.05362983,0.02812432,0.05261176,0.02987069,0.04447152,0.04367993,0.0704769,0.04934067,0.02954431,0.05261245,0.1232991,0.05291938,0.07578761,0.04492964,0.04357859,0.05452665,0.03775444,0.04734759,0.05154854,0.02351077,0.04051775,0.04437044,0.08367728,0.05405907,0.07041563,0.05294196
10700,0.04294974,0.03787223,0.04236381,0.05375998,0.08320109,0.0330924,0.05304596,0.031626,0.05104316,0.04822182,0.04339378,0.02992326,0.03911413,0.0390047,0.05231383,0.02559231,0.05189358,0.02963421,0.03907527,0.04319698,0.07104754,0.04852401,0.03021823,0.0482165,0.1296573,0.04961237,0.06813294,0.04029825,0.03976494,0.05447215,0.03412879,0.04374763,0.04865841,0.02290038,0.03672932,0.04559926,0.0806791,0.04958052,0.06517492,0.05322208
10800,0.04150565,0.03791244,0.04315444,0.05031846,0.08096801,0.03274013,0.05105876,0.03116966,0.04722245,0.0478368,0.04481087,0.03124468,0.03773034,0.04021322,0.05017573,0.02406144,0.04709496,0.02932824,0.04036605,0.04272978,0.06621731,0.0518321,0.02882064,0.04492513,0.1199075,0.04843432,0.06205926,0.04356851,0.03851786,0.05186174,0.03134802,0.04392467,0.0444648,0.02368065,0.04115812,0.04503527,0.07429493,0.04900413,0.06482521,0.0487974
10900,0.03880993,0.03956161,0.04193055,0.05393851,0.07876682,0.03337993,0.0500542,0.03229321,0.04566207,0.04696711,0.04567332,0.02835556,0.03816081,0.03882433,0.04406947,0.02430906,0.04387155,0.02749242,0.03787779,0.04129653,0.05970831,0.05297348,0.02760276,0.04748015,0.1184164,0.04867823,0.05610202,0.04222864,0.03484439,0.05074305,0.02952224,0.03938538,0.0442909,0.02215541,0.03846359,0.04363592,0.07503871,0.04555514,0.05881061,0.04189129
11000,0.03843687,0.03925063,0.04070015,0.04967748,0.07708052,0.03083028,0.05103234,0.0307214,0.05068058,0.04745105,0.03971171,0.02743753,0.03799179,0.03676023,0.04268561,0.02108697,0.04195774,0.02716409,0.0372508,0.03990028,0.05701897,0.04929885,0.02691885,0.04379354,0.1114957,0.0410759,0.05499461,0.04151269,0.0381139,0.04868063,0.02817906,0.03909745,0.04323925,0.0217332,0.03731335,0.04408911,0.0666055,0.04534953,0.05551467,0.03736861
11100,0.03676892,0.03893989,0.03864748,0.05033102,0.07701793,0.03090392,0.04980672,0.03099608,0.04042662,0.0462201,0.03485478,0.02640438,0.0364085,0.0360906,0.04233856,0.02033182,0.03924448,0.02699228,0.03933109,0.0406561,0.04962428,0.04763884,0.0237846,0.04374908,0.1062473,0.045956,0.05389948,0.0393066,0.03514186,0.04898097,0.02544025,0.03801091,0.04320931,0.02104854,0.03659622,0.0436563,0.06738355,0.04078803,0.0576377,0.03515227
11200,0.03647719,0.03806648,0.03795156,0.04909762,0.07654143,0.02848402,0.05044825,0.03022159,0.04415129,0.04635445,0.03608267,0.02638252,0.03429772,0.03557994,0.04076511,0.02016152,0.03708206,0.02584535,0.03452061,0.03728673,0.04880904,0.04700087,0.02425841,0.04378232,0.1015932,0.03871685,0.0537972,0.03729554,0.03707897,0.04980419,0.02430953,0.03827566,0.03849466,0.02106872,0.03680683,0.04157444,0.06145553,0.03813506,0.05040349,0.03146198
11300,0.03449983,0.03821909,0.03928861,0.05002347,0.08110766,0.02955935,0.04874103,0.03153271,0.04427689,0.04618842,0.03662086,0.0263334,0.0331485,0.03345344,0.03807781,0.01825663,0.03633869,0.02572333,0.03626325,0.03491609,0.04484602,0.0465789,0.02508345,0.042188,0.1001227,0.04134711,0.05251987,0.03517574,0.03795579,0.04828921,0.02325974,0.03618848,0.03560735,0.02034809,0.03328817,0.04053418,0.06318571,0.03479373,0.04946652,0.02928471
11400,0.03657199,0.03675963,0.04047608,0.04866913,0.08219056,0.02573675,0.04597897,0.03062978,0.04384668,0.04437384,0.0352498,0.02607853,0.03831096,0.03470945,0.04030934,0.01842826,0.0346069,0.02448728,0.03502974,0.03276603,0.04240241,0.04536312,0.02537894,0.04154501,0.1008387,0.04098118,0.04770224,0.03201468,0.03859332,0.04642387,0.02196986,0.0381648,0.04124799,0.02009652,0.03235636,0.03950833,0.05337757,0.03472049,0.04640309,0.02813162
11500,0.03523273,0.03628342,0.03771236,0.04954572,0.08587304,0.02677669,0.046209,0.0308106,0.03754031,0.04228767,0.03495955,0.0243113,0.03296929,0.03116583,0.03571581,0.01818423,0.03285678,0.02596852,0.03525201,0.03329419,0.04174826,0.04691382,0.02410091,0.04085094,0.09719458,0.04014557,0.04797452,0.030395,0.03425887,0.04422048,0.02063415,0.03589437,0.03809683,0.01958259,0.03278642,0.03966758,0.04733191,0.03546232,0.04746573,0.02898797
11600,0.0354338,0.03690291,0.03463553,0.04772693,0.07670423,0.02669329,0.04848815,0.03212366,0.03955853,0.04289019,0.03364265,0.02518266,0.03369861,0.03193026,0.03406192,0.01834973,0.03329325,0.0241027,0.03603771,0.03192881,0.03827472,0.04619953,0.02171272,0.03715627,0.09090048,0.04618695,0.04916683,0.03060718,0.03454956,0.04151824,0.02129333,0.03643167,0.03873299,0.01955768,0.03162117,0.04044046,0.04830461,0.03388299,0.04758994,0.02778514
11700,0.03576771,0.03710744,0.034435,0.04789499,0.0831269,0.02590731,0.04744364,0.03083569,0.0377741,0.04249142,0.0307197,0.02530004,0.03548069,0.02924443,0.03563742,0.01820664,0.03652003,0.0241518,0.03430936,0.03212604,0.03715163,0.0463584,0.02123595,0.0356639,0.09392192,0.04156048,0.04732192,0.02907311,0.03398688,0.04151155,0.01776293,0.035175,0.03937439,0.01795539,0.02937648,0.04047993,0.04930553,0.03387102,0.04467515,0.0269524
11800,0.03564683,0.03533787,0.03409809,0.04752865,0.07813434,0.02403,0.0473997,0.03385205,0.03507183,0.04012707,0.03304702,0.02617525,0.03297132,0.02777728,0.03343859,0.01867131,0.03487906,0.02297756,0.03354147,0.03337254,0.03650392,0.04472419,0.02058418,0.03548775,0.08927909,0.03795795,0.0433351,0.03090407,0.03171091,0.03930296,0.01908441,0.03682218,0.03696755,0.01761163,0.02934906,0.03894224,0.04152794,0.0316051,0.04151162,0.02671311
11900,0.0311547,0.03624376,0.0334492,0.04674658,0.07395503,0.02423389,0.04447635,0.03039192,0.03563751,0.04303909,0.03214757,0.02525576,0.03335985,0.02798052,0.0375494,0.01787764,0.03269964,0.02349718,0.03322452,0.03024099,0.03142266,0.04444448,0.02034234,0.03761069,0.08899579,0.03776697,0.04380969,0.02679219,0.03248138,0.03903573,0.01744823,0.0367768,0.0357962,0.01826856,0.03110803,0.0396637,0.03619639,0.03226705,0.0421959,0.02455992
12000,0.03154119,0.03458716,0.03327858,0.04828526,0.07736654,0.02513456,0.04585593,0.02957631,0.03751407,0.04203281,0.0322792,0.02497669,0.03151188,0.02745743,0.03494455,0.01833679,0.03244758,0.02345113,0.03210801,0.03162447,0.03490117,0.04369001,0.01951301,0.03505719,0.0895085,0.03797187,0.04371243,0.02619069,0.03077351,0.03839594,0.01744193,0.03575537,0.03453569,0.01726333,0.03102002,0.03768621,0.03645433,0.03179668,0.04164119,0.02413599
12100,0.03411376,0.03406616,0.03363365,0.0464844,0.07703505,0.02335784,0.04410154,0.03109783,0.03566236,0.04186581,0.03201408,0.02432197,0.03170841,0.0260761,0.03334884,0.01798203,0.03205575,0.02147875,0.02981834,0.03121186,0.03573876,0.04352967,0.01882742,0.03535681,0.08292077,0.03923244,0.04151693,0.02738352,0.03128374,0.03979974,0.01621544,0.03718982,0.03548715,0.01665251,0.02992216,0.03862019,0.03331463,0.02932655,0.03909417,0.02405993
12200,0.03194898,0.03444777,0.03152508,0.04811556,0.07311042,0.02223428,0.04146064,0.02983309,0.03455946,0.0436543,0.02962867,0.0249917,0.03167977,0.0259544,0.03371602,0.01806145,0.02970657,0.0209667,0.02882897,0.03280557,0.03233017,0.04204513,0.01750512,0.03309114,0.08961969,0.03439129,0.03870732,0.02565291,0.02938572,0.03884402,0.01540753,0.03625885,0.03484647,0.01648607,0.0293285,0.03753671,0.03320632,0.03012754,0.03527129,0.02198301
12300,0.03404865,0.03421211,0.03116646,0.04569124,0.07226858,0.02066042,0.04217871,0.02955263,0.03543113,0.04275451,0.02988229,0.02496136,0.0322425,0.02493389,0.03414844,0.01893433,0.03097619,0.01993844,0.03003363,0.03071207,0.03287185,0.04174871,0.01858549,0.03143313,0.0824299,0.03412013,0.03856431,0.02509183,0.0311026,0.03804402,0.01623639,0.03769741,0.03472075,0.01641537,0.02932377,0.03847453,0.02937462,0.02930135,0.03904929,0.0209014
12400,0.03167362,0.03286641,0.03218837,0.04442717,0.07201485,0.0202747,0.04168814,0.03109694,0.03190231,0.03937006,0.03007196,0.02403648,0.03001218,0.02496007,0.03533624,0.01782375,0.02981433,0.01940354,0.02765357,0.03072073,0.02980036,0.03881402,0.01951039,0.03146808,0.07537783,0.03630075,0.03945678,0.02525641,0.0290261,0.03514777,0.01655377,0.03924251,0.03294682,0.01710079,0.03108736,0.03737286,0.03151749,0.02747415,0.03511395,0.0210555
12500,0.0331765,0.03500891,0.03261836,0.0461132,0.07334514,0.02061239,0.03916014,0.03086948,0.03345514,0.04008505,0.0303585,0.02384651,0.03075262,0.02305606,0.03453872,0.01668924,0.02902825,0.02014676,0.02721659,0.03021239,0.0313412,0.04316889,0.01949744,0.03099084,0.07763306,0.03569989,0.03622669,0.02475108,0.029775,0.03441842,0.01672396,0.03633014,0.03250954,0.01646439,0.0312889,0.03639013,0.02992624,0.02977339,0.0343616,0.02046741
12600,0.03047808,0.03278095,0.02972738,0.04591197,0.06902909,0.02022198,0.04235316,0.02909187,0.0324441,0.0363422,0.02620474,0.02457084,0.03084153,0.0211045,0.03427723,0.016256,0.02887709,0.01943194,0.02609543,0.03140928,0.02725903,0.03974928,0.01797526,0.02905387,0.07051666,0.03572762,0.03792996,0.02373705,0.03028741,0.03337749,0.01495694,0.03782372,0.03388802,0.01440195,0.02943271,0.03461178,0.02485163,0.02954639,0.03360936,0.01906393
12700,0.02871492,0.03111348,0.0288353,0.04644447,0.06660566,0.01823744,0.04064468,0.02898459,0.03282499,0.03693334,0.02660321,0.02372538,0.02866024,0.02096544,0.0325906,0.01665811,0.02923265,0.01843456,0.02559355,0.03147075,0.02684318,0.04167928,0.01693424,0.02656101,0.0694977,0.02924329,0.03559489,0.02370492,0.02793477,0.03199334,0.01477597,0.03998737,0.03084645,0.01515887,0.02889086,0.03340355,0.02521867,0.02751462,0.03388163,0.01920854
12800,0.02995828,0.03120115,0.02924339,0.04490356,0.07325708,0.01921909,0.03764,0.02924369,0.03158001,0.03677132,0.02761634,0.02173924,0.03185852,0.02029947,0.03153022,0.01585369,0.02787885,0.01941734,0.02551804,0.03065181,0.02840023,0.03816656,0.01792611,0.02615018,0.06650038,0.03189988,0.03542281,0.02344254,0.02775818,0.03244872,0.0158071,0.03659186,0.03495708,0.01476604,0.0294495,0.0337874,0.02366314,0.02775382,0.03462861,0.01940791
12900,0.029401,0.03068109,0.02831769,0.04500138,0.06771699,0.01824478,0.03918617,0.02857604,0.03283684,0.03544241,0.02571183,0.02262582,0.02965619,0.02020994,0.03063388,0.01736254,0.03016989,0.01761608,0.02636901,0.03005542,0.02771181,0.04094426,0.01734579,0.02370054,0.0642282,0.02917978,0.0339638,0.02190263,0.02958819,0.03052055,0.01432889,0.03678843,0.02929432,0.01522287,0.02804956,0.03507394,0.02613442,0.02793559,0.03557682,0.01784811
13000,0.02903111,0.03034771,0.02889621,0.04407196,0.06638203,0.01859183,0.0366332,0.0296398,0.02765957,0.03733711,0.02569164,0.02228472,0.02821854,0.01905399,0.03317264,0.01653526,0.02814535,0.0190275,0.02517774,0.03172445,0.02735284,0.03993413,0.01569843,0.02260389,0.06823582,0.02917401,0.02967821,0.02085767,0.027143,0.03064776,0.01512363,0.03599309,0.02965789,0.0150037,0.02796425,0.03199789,0.02283059,0.02600483,0.0338072,0.01904631
13100,0.02816707,0.03119423,0.02854981,0.0452546,0.06684281,0.01785952,0.03869948,0.02970082,0.03140577,0.03526145,0.02584226,0.02224931,0.02835284,0.01970794,0.03097917,0.01624802,0.02878017,0.01811654,0.0233129,0.03291741,0.02520377,0.04083916,0.01585789,0.02356666,0.05578233,0.02909689,0.03451551,0.02154912,0.02773695,0.03015327,0.0150394,0.03628568,0.02896869,0.01498377,0.0288556,0.03209385,0.02421183,0.02572623,0.03171102,0.0184403
13200,0.02833452,0.02870215,0.02850272,0.04214003,0.06623299,0.01746901,0.03915454,0.02880816,0.02963835,0.03608003,0.02483428,0.0231848,0.02881728,0.01929781,0.0317326,0.01590587,0.02760101,0.01892564,0.02329159,0.03375941,0.0248509,0.03861166,0.01576094,0.02128462,0.05617675,0.02739182,0.03408083,0.02027016,0.02636142,0.02829051,0.01513532,0.03522591,0.02847904,0.01507314,0.02904803,0.03175107,0.0232009,0.02562509,0.03047052,0.01830977
13300,0.02839124,0.0271844,0.02868243,0.04527432,0.06359541,0.01770968,0.03976192,0.02902677,0.02977308,0.03424442,0.0250032,0.02371552,0.02585268,0.01905671,0.0312596,0.01594302,0.0280018,0.01816808,0.02242267,0.03574023,0.02382522,0.03490077,0.01552039,0.0201822,0.05657308,0.02840321,0.03209425,0.0205169,0.02632499,0.02717628,0.0148024,0.03642402,0.02759299,0.01470078,0.02786832,0.03161149,0.02140302,0.02490786,0.0292915,0.01814808
13400,0.02932053,0.02949284,0.0292342,0.04434308,0.06817728,0.01677735,0.03816271,0.02860899,0.02921647,0.03419252,0.02390463,0.02115635,0.02761905,0.01888963,0.0325891,0.01525799,0.02653276,0.01725741,0.02301471,0.03499796,0.02511393,0.03753201,0.01525174,0.02152929,0.04958383,0.02696902,0.03273997,0.02008333,0.02542489,0.02921438,0.01434731,0.03494416,0.02692534,0.01452166,0.02968181,0.03166376,0.01919007,0.02354593,0.02885665,0.01705468
13500,0.02762187,0.02917525,0.02720855,0.04244064,0.06859636,0.01598352,0.03675168,0.02928846,0.02931756,0.0331744,0.02315418,0.02133584,0.02583108,0.0181701,0.03142101,0.01561128,0.02871205,0.01736831,0.02160078,0.03357725,0.02342045,0.03727564,0.01404392,0.01983151,0.0400365,0.02449854,0.03115456,0.02079399,0.02526456,0.02723979,0.01381038,0.03224687,0.02517731,0.01422796,0.02775042,0.03053145,0.02233239,0.02444692,0.02712485,0.01711593
13541,,,,,,,,,,,,,,,,,,,,,0.026,,,,,,,,,,,,,,,,,,,
13600,0.02889288,0.03006202,0.02678996,0.04154063,0.06626918,0.01739372,0.03939261,0.02688853,0.0314059,0.03279873,0.02152395,0.01821958,0.02703574,0.01749565,0.02988828,0.01552951,0.02697121,0.01763067,0.0221568,0.0339495,,0.03815696,0.01372568,0.02034205,0.0383941,0.02878053,0.03121599,0.01870756,0.02556624,0.02897254,0.01286944,0.03039866,0.02644234,0.0132924,0.02706847,0.03152112,0.02053815,0.02302655,0.02746883,0.01669948
13700,0.02730202,0.02909651,0.02946842,0.0446129,0.06517058,0.01566236,0.03617508,0.02916211,0.03153474,0.03240563,0.02175217,0.02049078,0.02671955,0.01723266,0.03067954,0.01492464,0.02618006,0.01811925,0.02115884,0.03196572,,0.03669021,0.01490358,0.02039921,0.03959788,0.02468419,0.02885166,0.01953378,0.0241046,0.02954815,0.01327374,0.03511973,0.02629879,0.01372442,0.02696542,0.02903507,0.02001337,0.02451611,0.02499141,0.01644514
13800,0.02806763,0.02960553,0.02763018,0.04143403,0.06541583,0.0162503,0.03627678,0.02809247,0.02866494,0.03194695,0.02261868,0.01850645,0.02810541,0.01739217,0.03175269,0.01546251,0.02597095,0.01966277,0.02213535,0.03283582,,0.0375848,0.01278762,0.01944929,0.03929609,0.0254631,0.02660757,0.01970439,0.02273354,0.02615326,0.01289638,0.03292217,0.02676549,0.01382176,0.02721039,0.03058945,0.0185352,0.0238299,0.02504242,0.01668563
13900,0.02789725,0.02900819,0.02591749,0.04186076,0.06274097,0.01488296,0.0350356,0.02574337,0.03009071,0.03044926,0.02109505,0.01850185,0.02600368,0.01739762,0.03033854,0.01496376,0.02621864,0.01884151,0.0204308,0.03209683,,0.03746209,0.01274917,0.01964819,0.03841318,0.02670647,0.02536445,0.01837394,0.02292624,0.02648388,0.01154015,0.03178343,0.02542339,0.01362795,0.02760744,0.02869071,0.01746765,0.02403156,0.02428275,0.01663742
14000,0.02740043,0.027876,0.02845535,0.04302879,0.05785523,0.01585554,0.03672623,0.02737477,0.03207704,0.03043854,0.02144174,0.01840335,0.02617007,0.01655344,0.03058667,0.01440122,0.02640736,0.01803986,0.02110058,0.03206966,,0.03517774,0.01488985,0.01916177,0.03346752,0.02569348,0.02646459,0.02014811,0.02300172,0.02696854,0.01263863,0.03025811,0.02556107,0.01284102,0.02613551,0.02758472,0.0170219,0.02273467,0.02394778,0.01592597
14100,0.02541981,0.02847344,0.02665436,0.04221585,0.05911209,0.01542433,0.03524328,0.02997012,0.02865854,0.03023466,0.02095985,0.01786155,0.02690643,0.01762082,0.03004782,0.01435504,0.02389716,0.01679531,0.02103608,0.03285599,,0.03401592,0.01354854,0.01719747,0.0293674,0.02863411,0.02334997,0.02051492,0.02220467,0.02556584,0.01236599,0.02932067,0.02602034,0.01377682,0.02707102,0.02672277,0.01864655,0.0247707,0.02569147,0.0166263
14200,0.02524143,0.03073256,0.02594107,0.04404553,0.06390014,0.01491815,0.03413051,0.02773977,0.02997774,0.02967433,0.02041029,0.01816627,0.0256279,0.01672031,0.03016386,0.01430949,0.02459223,0.0182786,0.0209791,0.03169859,,0.03628967,0.01451116,0.01822833,0.0261533,0.02640098,0.0245107,0.02017168,0.02189559,0.02629955,0.01232857,0.02903545,0.02485764,0.01354966,0.02481666,0.02740681,0.01934679,0.02520663,0.02389686,0.01599948
14268,,,,,,,,0.0256,,,,,,,,,,,,,,,,,,,,,,,,,,,,,,,,
14300,0.02591716,0.02834234,0.02565379,0.03918371,0.05958455,0.01486171,0.03445634,,0.02971845,0.03047539,0.0211379,0.01668057,0.02724224,0.0163397,0.02948678,0.01364251,0.02632021,0.01791029,0.02101242,0.03133361,,0.03634486,0.0139205,0.01825452,0.02773906,0.02563963,0.02381947,0.01962063,0.0228916,0.02583153,0.01295769,0.03036081,0.02573279,0.01261435,0.02559462,0.02580447,0.01910151,0.02426938,0.02434282,0.01561046
14400,0.02572432,0.02930149,0.02483189,0.04339955,0.05831025,0.01407589,0.03588008,,0.02890853,0.02904194,0.02147927,0.01808785,0.02728104,0.01614121,0.02988056,0.01365371,0.02639677,0.01782796,0.02096068,0.03204678,,0.03528131,0.01141621,0.01798266,0.02741312,0.02682486,0.02406559,0.02051481,0.02064977,0.02569766,0.01285917,0.02745625,0.02642604,0.01216945,0.02436022,0.02548219,0.01834576,0.02347471,0.02399511,0.01608668
14500,0.02641433,0.03003295,0.02461597,0.03969942,0.0600041,0.01436636,0.03559142,,0.02848726,0.029717,0.02039457,0.01813783,0.02536901,0.01619276,0.03007154,0.01423477,0.0252976,0.0195518,0.0207033,0.03017921,,0.03276114,0.0128492,0.01677336,0.02852279,0.02633144,0.02397489,0.01938395,0.0213325,0.02573615,0.01275038,0.0297928,0.02443936,0.01234369,0.02404549,0.02627078,0.01529777,0.02373089,0.02362354,0.01489009
14600,0.02454184,0.0279689,0.02310321,0.04022301,0.06139828,0.01501433,0.03576305,,0.02522087,0.02944113,0.02251441,0.01785409,0.02446222,0.01569876,0.02898436,0.01423305,0.02611341,0.01776172,0.02154676,0.02963965,,0.03332151,0.01184674,0.01777123,0.02934123,0.02837154,0.02474903,0.02013253,0.01970455,0.02400595,0.01352786,0.03067167,0.02393898,0.01151455,0.02396708,0.02689266,0.01579623,0.02288695,0.0242543,0.01589499
14700,0.02465871,0.02902015,0.02536513,0.03697039,0.0632702,0.01364554,0.03259823,,0.03048974,0.03006263,0.02099427,0.01731649,0.0240487,0.01563857,0.02955816,0.01402346,0.02539094,0.01870163,0.02040501,0.02844841,,0.03448553,0.01208502,0.01638594,0.02575001,0.02587801,0.02144646,0.01885143,0.02176533,0.02502862,0.01193803,0.03097235,0.0240862,0.01180026,0.02498708,0.02544378,0.01637664,0.02448758,0.02393863,0.01392846
14800,0.02473894,0.02868544,0.02482042,0.03927752,0.06120424,0.01462985,0.03451053,,0.02805298,0.02906169,0.02009569,0.01677307,0.0241371,0.0161412,0.03011387,0.01368139,0.02439501,0.01980108,0.02098962,0.02971023,,0.03177837,0.01169206,0.01823608,0.02596792,0.02668114,0.02231802,0.01994442,0.0208082,0.02500616,0.01138701,0.02825829,0.02227009,0.01213465,0.02253732,0.02505382,0.01540848,0.02417381,0.02292401,0.01519464
14900,0.02368788,0.02703633,0.02461336,0.03841019,0.06023215,0.01388938,0.03623984,,0.02845092,0.0298732,0.02046875,0.0161418,0.02314659,0.01630926,0.02998809,0.01358627,0.02448863,0.01945432,0.02070622,0.02851632,,0.03222608,0.01150252,0.01692456,0.02504588,0.0255676,0.02272118,0.01867508,0.02114646,0.02516353,0.01140019,0.03040992,0.02241485,0.01178898,0.0240778,0.02431111,0.01454432,0.02343363,0.02225999,0.01462488
15000,0.02582308,0.02679176,0.02413316,0.03700349,0.05808675,0.01359283,0.03387696,,0.02650696,0.02851463,0.0214601,0.01607424,0.02345116,0.0152684,0.02859637,0.01423108,0.02571151,0.01787799,0.02052511,0.02945582,,0.03316772,0.01152463,0.01726476,0.02576645,0.02669316,0.01960147,0.02036876,0.01996299,0.02395775,0.01183972,0.02913781,0.02188694,0.01105087,0.02434339,0.02424306,0.01292977,0.02275642,0.02264586,0.01451781
15061,,,,,,,,,,,,,,,,,,,,,,,,,0.0221,,,,,,,,,,,,,,,
15067,,,,,,,,,,,,,,,,,,,,,,,0.0113,,,,,,,,,,,,,,,,,
15100,0.02450336,0.02785699,0.02429663,0.03811084,0.05997314,0.0141113,0.03378204,,0.02582805,0.02691318,0.02027544,0.01686716,0.02476821,0.01499032,0.03025231,0.01432184,0.02491584,0.01719056,0.02065211,0.02803,,0.03184386,,0.01644885,,0.02526166,0.01900448,0.0197436,0.01963853,0.02432638,0.01129005,0.03048262,0.02334556,0.01073034,0.02383309,0.02301754,0.0142286,0.02440194,0.0218877,0.0140551
15124,,,,,,,,,,,,,,,0.0297,,,,,,,,,,,,,,,,,,,,,,,,,
15200,0.02412901,0.02651294,0.02331234,0.03536435,0.05943099,0.0135367,0.03386134,,0.02565766,0.02782393,0.02043476,0.0155763,0.02237682,0.01603136,,0.01422898,0.02321395,0.01682959,0.02031789,0.03029095,,0.03214146,,0.01719592,,0.02492105,0.02041876,0.019232,0.01926154,0.02194615,0.01154455,0.02875492,0.02132341,0.01105541,0.02518979,0.02421786,0.01326948,0.0233408,0.0220428,0.01511794
15205,,,,,,,0.0337,,,,,,,,,,,,,,,,,,,,,,,,,,,,,,,,,
15300,0.02339334,0.02595303,0.0240167,0.03658502,0.05972778,0.0140394,,,0.02692704,0.02819565,0.01888961,0.0160157,0.02161221,0.01497253,,0.0138885,0.02384951,0.01860234,0.02191709,0.02745554,,0.03279878,,0.01550869,,0.02389093,0.01956615,0.01945803,0.01993938,0.02446677,0.01096196,0.02941276,0.02085793,0.01067181,0.02263092,0.02355842,0.01218319,0.02376556,0.0213935,0.01433942
15309,,,,,,,,,,,,,,,,,,0.018,,,,,,,,,,,,,,,,,,,,,,
15400,0.02418408,0.02657757,0.02569144,0.03711686,0.06061837,0.01361356,,,0.02464626,0.02836883,0.01968618,0.01611107,0.02326578,0.01568752,,0.01355655,0.02245593,,0.01958539,0.02786031,,0.03346367,,0.0175633,,0.02610035,0.0191274,0.02113711,0.01863283,0.0226407,0.01028629,0.02935797,0.02229281,0.01118977,0.02296527,0.02379747,0.01238889,0.02390491,0.02126124,0.01462655
15421,,,,,,0.0132,,,,,,,,,,,,,,,,,,,,,,,,,,,,,,,,,,
15447,0.0244,,,,,,,,,,,,,,,,,,,,,,,,,,,,,,,,,,,,,,,
15448,,,,,,,,,,,,,,,,,0.0254,,,,,,,,,,,,,,,,,,,,,,,
15500,,0.02608422,0.02439357,0.0378312,0.05706365,,,,0.02645233,0.02733654,0.01979436,0.01557786,0.02293402,0.01562874,,0.01419513,,,0.01999803,0.02770513,,0.02978251,,0.01641132,,0.02307524,0.01894503,0.02073075,0.01981343,0.02266118,0.01115265,0.02753556,0.02177927,0.01071669,0.02334523,0.02415285,0.01587154,0.0237806,0.02191357,0.01413539
15574,,,,,,,,,,,,,,0.0146,,,,,,,,,,,,,,,,,,,,,,,,,,
15600,,0.0256855,0.02375174,0.03756827,0.05829,,,,0.02484632,0.02783505,0.01938104,0.01644053,0.02285793,,,0.01374317,,,0.02173263,0.0264146,,0.03245744,,0.01627784,,0.02552378,0.01840117,0.01831499,0.01835764,0.02213964,0.01036597,0.02898977,0.02229421,0.0104823,0.02200726,0.02282581,0.01309009,0.02392308,0.02152692,0.0139021
15700,,0.02484981,0.02382707,0.03565795,0.05896124,,,,0.02560887,0.02844606,0.01995977,0.01588298,0.0217917,,,0.01354401,,,0.0216307,0.02639206,,0.03145754,,0.01647082,,0.02312526,0.01792938,0.01935889,0.01864922,0.0242078,0.009697141,0.02942682,0.02094831,0.01083511,0.02277278,0.02264401,0.011874,0.02420506,0.02139141,0.01368997
15701,,,,,,,,,,,,,0.0218,,,,,,,,,,,,,,,,,,,,,,,,,,,
15731,,,,,,,,,,,,,,,,,,,,,,,,,,,,,0.02,,,,,,,,,,,
15770,,,,,,,,,,,,0.0159,,,,,,,,,,,,,,,,,,,,,,,,,,,,
15781,,,,,,,,,,,,,,,,,,,,,,,,,,,,,,,,,,,,,0.0123,,,
15800,,0.02563535,0.02237205,0.03525823,0.05643246,,,,0.0265042,0.02842907,0.01814865,,,,,0.01276364,,,0.01995522,0.02616911,,0.03223366,,0.01568727,,0.02389463,0.01716737,0.01943577,,0.02260303,0.00952809,0.02969163,0.02157344,0.01023233,0.02388773,0.0223183,,0.02316003,0.02180671,0.01337368
15862,,,,,,,,,,,,,,,,,,,,,,,,,,,,0.0185,,,,,,,,,,,,
15900,,0.02624882,0.02388274,0.03689121,0.05656496,,,,0.02335889,0.02815084,0.01990874,,,,,0.01318909,,,0.01988837,0.02656878,,0.03268506,,0.01594797,,0.02455362,0.01846665,,,0.02285867,0.009638984,0.0277228,0.0207005,0.0100023,0.02233886,0.02339684,,0.0239937,0.02021802,0.01383915
15966,,,0.0217,,,,,,,,,,,,,,,,,,,,,,,,,,,,,,,,,,,,,
16000,,0.02616237,,0.03686379,0.05202007,,,,0.02392812,0.02681592,0.01995059,,,,,0.01284082,,,0.02298039,0.02601078,,0.03177316,,0.01502771,,0.02489131,0.01786973,,,0.02202637,0.009611025,0.02988134,0.01892672,0.0102166,0.02363425,0.02197392,,0.02372679,0.02119891,0.01318368
16064,,,,,,,,,,,0.0195,,,,,,,,,,,,,,,,,,,,,,,,,,,,,
16100,,0.02633042,,0.03544154,0.05753149,,,,0.02556184,0.02643171,,,,,,0.01323344,,,0.02023123,0.02734881,,0.03296053,,0.01640438,,0.0259672,0.01802437,,,0.02178057,0.009378205,0.03045735,0.01990053,0.009631041,0.02297454,0.02291405,,0.02247411,0.0185897,0.01338714
16136,,,,,,,,,,0.0268,,,,,,,,,,,,,,,,,,,,,,,,,,,,,,
16157,,,,,,,,,,,,,,,,,,,,,,,,,,,,,,,,,,,,,,0.0238,,
16159,,,,,0.0529,,,,,,,,,,,,,,,,,,,,,,,,,,,,,,,,,,,
16200,,0.02447526,,0.03560736,,,,,0.02437624,,,,,,,0.01271091,,,0.02068898,0.02548102,,0.03167652,,0.01606557,,0.02548927,0.01852705,,,0.02109628,0.008949875,0.02863953,0.01952834,0.009929485,0.02300067,0.0212829,,,0.01971436,0.01276096
16279,,,,,,,,,,,,,,,,,,,,,,,,,,,0.0178,,,,,,,,,,,,,
16300,,0.0239607,,0.03336615,,,,,0.02405208,,,,,,,0.01277241,,,0.02004747,0.02586976,,0.02924453,,0.0146876,,0.02503803,,,,0.02129244,0.008398706,0.02894708,0.01966955,0.01024844,0.02288654,0.02048963,,,0.01900551,0.0133745
16400,,0.02570049,,0.03572201,,,,,0.0236306,,,,,,,0.01278341,,,0.01984336,0.02552648,,0.03252494,,0.01503021,,0.02600602,,,,0.02167241,0.008308725,0.02922537,0.01926178,0.009657676,0.02268239,0.01907817,,,0.01994869,0.01267155
16443,,,,,,,,,,,,,,,,,,,,,,,,,,,,,,,0.00831,,,,,,,,,
16484,,,,0.037,,,,,,,,,,,,,,,,,,,,,,,,,,,,,,,,,,,,
16500,,0.0241537,,,,,,,0.02373477,,,,,,,0.01260706,,,0.02080769,0.0254032,,0.03025332,,0.0146481,,0.02441796,,,,0.02077708,,0.03001855,0.01907986,0.009862514,0.02120354,0.02015124,,,0.0192868,0.01311539
16520,,,,,,,,,,,,,,,,,,,,0.0248,,,,,,,,,,,,,,,,,,,,
16557,,,,,,,,,,,,,,,,,,,,,,,,,,,,,,,,,,,,0.0203,,,,
16600,,0.02505643,,,,,,,0.02265927,,,,,,,0.01320685,,,0.02052637,,,0.03315866,,0.01477026,,0.02606483,,,,0.02043388,,0.02876453,0.01866282,0.009275619,0.0215217,,,,0.01856393,0.01290394
16621,,,,,,,,,,,,,,,,,,,,,,,,,,,,,,,,,,,,,,,0.0189,
16636,,,,,,,,,,,,,,,,,,,0.0213,,,,,,,,,,,,,,,,,,,,,
16700,,0.02408286,,,,,,,0.02137452,,,,,,,0.01314159,,,,,,0.03077936,,0.01402408,,0.02603912,,,,0.02081886,,0.02834992,0.01873894,0.009596381,0.0201157,,,,,0.01253806
16733,,,,,,,,,,,,,,,,,,,,,,,,,,,,,,,,,,,0.0215,,,,,
16800,,0.02272559,,,,,,,0.02313625,,,,,,,0.01292351,,,,,,0.03127594,,0.01445285,,0.02605468,,,,0.0199869,,0.02738906,0.01918243,0.009409773,,,,,,0.01284247
16883,,,,,,,,,,,,,,,,,,,,,,,,,,,,,,,,,,,,,,,,0.012
16900,,0.02297723,,,,,,,0.02280295,,,,,,,0.01213668,,,,,,0.02861651,,0.01399586,,0.02600969,,,,0.02188684,,0.02800013,0.01873236,0.009447554,,,,,,
17000,,0.02438625,,,,,,,0.0223472,,,,,,,0.01326038,,,,,,0.03112855,,0.01325297,,0.02593049,,,,0.02102114,,0.02989153,0.01956999,0.00979897,,,,,,
17007,,,,,,,,,,,,,,,,0.012,,,,,,,,,,,,,,,,,,,,,,,,
17012,,,,,,,,,,,,,,,,,,,,,,,,0.0131,,,,,,,,,,,,,,,,
17100,,0.02224945,,,,,,,0.02170602,,,,,,,,,,,,,0.03129884,,,,0.02597562,,,,0.01990278,,0.026778,0.01838763,0.009592902,,,,,,
17200,,0.02239197,,,,,,,0.02034427,,,,,,,,,,,,,0.02952785,,,,0.02626837,,,,0.02048237,,0.02555277,0.01923176,0.008731834,,,,,,
17231,,,,,,,,,,,,,,,,,,,,,,,,,,0.0254,,,,,,,,,,,,,,
17300,,0.02207146,,,,,,,0.02118292,,,,,,,,,,,,,0.03131495,,,,,,,,0.01926931,,0.02676686,0.01761983,0.009023411,,,,,,
17302,,0.0228,,,,,,,,,,,,,,,,,,,,,,,,,,,,,,,,,,,,,,
17333,,,,,,,,,,,,,,,,,,,,,,0.0298,,,,,,,,,,,,,,,,,,
17400,,,,,,,,,0.02206879,,,,,,,,,,,,,,,,,,,,,0.01977011,,0.02600287,0.01736176,0.008852926,,,,,,
17500,,,,,,,,,0.02252508,,,,,,,,,,,,,,,,,,,,,0.0185848,,0.0289049,0.01770601,0.008953641,,,,,,
17600,,,,,,,,,0.02159859,,,,,,,,,,,,,,,,,,,,,0.01889338,,0.02699891,0.01760962,0.009373587,,,,,,
17685,,,,,,,,,,,,,,,,,,,,,,,,,,,,,,,,,,0.00877,,,,,,
17693,,,,,,,,,,,,,,,,,,,,,,,,,,,,,,0.0192,,,,,,,,,,
17700,,,,,,,,,0.02327029,,,,,,,,,,,,,,,,,,,,,,,0.02768857,0.01795316,,,,,,,
17800,,,,,,,,,0.0222287,,,,,,,,,,,,,,,,,,,,,,,0.02773608,0.01698973,,,,,,,
17810,,,,,,,,,0.0222,,,,,,,,,,,,,,,,,,,,,,,,,,,,,,,
17870,,,,,,,,,,,,,,,,,,,,,,,,,,,,,,,,0.0257,,,,,,,,
17900,,,,,,,,,,,,,,,,,,,,,,,,,,,,,,,,,0.01753446,,,,,,,
18000,,,,,,,,,,,,,,,,,,,,,,,,,,,,,,,,,0.01825146,,,,,,,
18100,,,,,,,,,,,,,,,,,,,,,,,,,,,,,,,,,0.01694579,,,,,,,
18200,,,,,,,,,,,,,,,,,,,,,,,,,,,,,,,,,0.01700922,,,,,,,
18300,,,,,,,,,,,,,,,,,,,,,,,,,,,,,,,,,0.0169307,,,,,,,
18400,,,,,,,,,,,,,,,,,,,,,,,,,,,,,,,,,0.01707673,,,,,,,
18500,,,,,,,,,,,,,,,,,,,,,,,,,,,,,,,,,0.01667442,,,,,,,
18514,,,,,,,,,,,,,,,,,,,,,,,,,,,,,,,,,0.0172,,,,,,,
