iteration,DV__seed1__loss,DV__seed1__rel_l2_error,DV__seed2__loss,DV__seed2__rel_l2_error,DV__seed3__loss,DV__seed3__rel_l2_error,DV__seed10__loss,DV__seed10__rel_l2_error,DV__seed42__loss,DV__seed42__rel_l2_error,DV__seed68__loss,DV__seed68__rel_l2_error,DV__seed79__loss,DV__seed79__rel_l2_error,DV__seed88__loss,DV__seed88__rel_l2_error,DV__seed203__loss,DV__seed203__rel_l2_error,DV__seed3407__loss,DV__seed3407__rel_l2_error,PINN__seed1__loss,PINN__seed1__rel_l2_error,PINN__seed2__loss,PINN__seed2__rel_l2_error,PINN__seed3__loss,PINN__seed3__rel_l2_error,PINN__seed10__loss,PINN__seed10__rel_l2_error,PINN__seed42__loss,PINN__seed42__rel_l2_error,PINN__seed68__loss,PINN__seed68__rel_l2_error,PINN__seed79__loss,PINN__seed79__rel_l2_error,PINN__seed88__loss,PINN__seed88__rel_l2_error,PINN__seed203__loss,PINN__seed203__rel_l2_error,PINN__seed3407__loss,PINN__seed3407__rel_l2_error,pinn-rar-s__seed1__loss,pinn-rar-s__seed1__rel_l2_error,pinn-rar-s__seed2__loss,pinn-rar-s__seed2__rel_l2_error,pinn-rar-s__seed3__loss,pinn-rar-s__seed3__rel_l2_error,pinn-rar-s__seed10__loss,pinn-rar-s__seed10__rel_l2_error,pinn-rar-s__seed42__loss,pinn-rar-s__seed42__rel_l2_error,pinn-rar-s__seed68__loss,pinn-rar-s__seed68__rel_l2_error,pinn-rar-s__seed79__loss,pinn-rar-s__seed79__rel_l2_error,pinn-rar-s__seed88__loss,pinn-rar-s__seed88__rel_l2_error,pinn-rar-s__seed203__loss,pinn-rar-s__seed203__rel_l2_error,pinn-rar-s__seed3407__loss,pinn-rar-s__seed3407__rel_l2_error
0,0.00066,1.6,0.00047,1.1,0.0029,1.1,8.9e-05,2.1,3.2e-05,1.5,3.8e-05,3.0,0.00094,1.1,3.2e-06,1.4,0.013,1.9,5.7e-05,1.7,0.0036,1.7,0.025,1.3,0.0028,1.8,0.02,1.3,0.0034,0.99,0.018,1.4,0.045,2.0,0.0034,1.1,0.19,2.7,0.01,1.2,0.0036,1.7,0.025,1.3,0.0028,1.8,0.02,1.3,0.0034,0.99,0.018,1.4,0.045,2.0,0.0034,1.1,0.19,2.7,0.01,1.2
100,0.0031,0.8,0.0032,0.81,0.0041,0.8,0.016,0.79,0.0018,0.77,0.0034,0.84,0.014,0.76,0.0047,0.77,0.0036,0.79,0.0049,0.75,0.0061,0.77,0.0045,0.72,0.0032,0.75,0.0082,0.71,0.0042,0.71,0.0041,0.73,0.0087,0.74,0.0055,0.74,0.0056,0.73,0.0033,0.75,0.0061,0.77,0.0045,0.72,0.0032,0.75,0.0082,0.71,0.0042,0.71,0.0041,0.73,0.0087,0.74,0.0055,0.74,0.0056,0.73,0.0033,0.75
200,0.0022,0.71,0.0043,0.73,0.0038,0.69,0.0052,0.68,0.0027,0.7,0.0025,0.77,0.0099,0.66,0.0033,0.72,0.0039,0.72,0.0058,0.72,0.0046,0.71,0.0033,0.68,0.0033,0.65,0.0035,0.6,0.0042,0.62,0.0048,0.67,0.0059,0.6,0.0052,0.65,0.0045,0.72,0.0048,0.72,0.0046,0.71,0.0033,0.68,0.0033,0.65,0.0035,0.6,0.0042,0.62,0.0048,0.67,0.0059,0.6,0.0052,0.65,0.0045,0.72,0.0048,0.72
300,0.0022,0.63,0.0017,0.61,0.0044,0.66,0.0065,0.57,0.0025,0.61,0.0032,0.7,0.0077,0.59,0.0023,0.63,0.003,0.67,0.008,0.69,0.0034,0.7,0.003,0.62,0.0042,0.55,0.0058,0.55,0.0046,0.56,0.0048,0.59,0.0061,0.49,0.0035,0.57,0.0035,0.64,0.0082,0.61,0.0034,0.7,0.003,0.62,0.0042,0.55,0.0058,0.55,0.0046,0.56,0.0048,0.59,0.0061,0.49,0.0035,0.57,0.0035,0.64,0.0082,0.61
400,0.0026,0.57,0.0039,0.59,0.0043,0.58,0.0061,0.53,0.0018,0.59,0.0036,0.53,0.0067,0.53,0.0065,0.6,0.0053,0.66,0.0087,0.69,0.0028,0.62,0.003,0.6,0.0045,0.5,0.0045,0.48,0.0024,0.53,0.0033,0.52,0.0072,0.44,0.0041,0.51,0.0031,0.57,0.007,0.59,0.0028,0.62,0.003,0.6,0.0045,0.5,0.0045,0.48,0.0024,0.53,0.0033,0.52,0.0072,0.44,0.0041,0.51,0.0031,0.57,0.007,0.59
500,0.0042,0.53,0.0039,0.6,0.0033,0.56,0.0023,0.52,0.0024,0.58,0.0051,0.44,0.0065,0.46,0.0053,0.48,0.003,0.68,0.0093,0.66,0.0032,0.5,0.0044,0.58,0.0049,0.43,0.0033,0.44,0.0058,0.49,0.0052,0.46,0.0069,0.41,0.0042,0.44,0.0035,0.52,0.004,0.54,0.0032,0.5,0.0044,0.58,0.0049,0.43,0.0033,0.44,0.0058,0.49,0.0052,0.46,0.0069,0.41,0.0042,0.44,0.0035,0.52,0.004,0.54
600,0.0033,0.52,0.0043,0.59,0.0041,0.56,0.0045,0.51,0.002,0.55,0.0024,0.37,0.0059,0.43,0.0021,0.36,0.0026,0.66,0.013,0.61,0.0031,0.43,0.0064,0.54,0.0051,0.38,0.0026,0.42,0.0034,0.43,0.0027,0.41,0.0053,0.43,0.0024,0.37,0.0036,0.54,0.0065,0.46,0.0031,0.43,0.0064,0.54,0.0051,0.38,0.0026,0.42,0.0034,0.43,0.0027,0.41,0.0053,0.43,0.0024,0.37,0.0036,0.54,0.0065,0.46
700,0.0061,0.5,0.0039,0.57,0.006,0.54,0.003,0.51,0.0026,0.56,0.0057,0.34,0.0028,0.42,0.004,0.31,0.0027,0.61,0.0074,0.52,0.0044,0.37,0.0052,0.5,0.0053,0.35,0.0043,0.38,0.0043,0.41,0.0068,0.35,0.0064,0.36,0.0045,0.29,0.0039,0.46,0.0058,0.42,0.0044,0.37,0.0052,0.5,0.0053,0.35,0.0043,0.38,0.0043,0.41,0.0068,0.35,0.0064,0.36,0.0045,0.29,0.0039,0.46,0.0058,0.42
800,0.005,0.5,0.0027,0.55,0.0031,0.54,0.0047,0.53,0.0032,0.57,0.0058,0.31,0.0041,0.33,0.0027,0.28,0.0014,0.57,0.016,0.44,0.0041,0.37,0.0052,0.43,0.004,0.33,0.0028,0.41,0.0037,0.38,0.0025,0.3,0.005,0.34,0.002,0.28,0.0043,0.45,0.0073,0.38,0.0041,0.37,0.0052,0.43,0.004,0.33,0.0028,0.41,0.0037,0.38,0.0025,0.3,0.005,0.34,0.002,0.28,0.0043,0.45,0.0073,0.38
900,0.0032,0.46,0.0026,0.55,0.0025,0.54,0.0074,0.51,0.0019,0.54,0.0043,0.3,0.0047,0.33,0.003,0.27,0.0025,0.56,0.0096,0.35,0.0057,0.31,0.0042,0.4,0.0048,0.33,0.0048,0.35,0.0034,0.33,0.0034,0.27,0.0033,0.32,0.0039,0.25,0.0043,0.45,0.0059,0.34,0.0057,0.31,0.0042,0.4,0.0048,0.33,0.0048,0.35,0.0034,0.33,0.0034,0.27,0.0033,0.32,0.0039,0.25,0.0043,0.45,0.0059,0.34
1000,0.0041,0.47,0.0029,0.58,0.0056,0.53,0.0041,0.5,0.0034,0.47,0.0069,0.3,0.0039,0.29,0.0055,0.25,0.0035,0.53,0.002,0.33,0.0031,0.32,0.0054,0.4,0.0079,0.28,0.0069,0.35,0.0037,0.29,0.0042,0.25,0.0031,0.31,0.005,0.24,0.0051,0.41,0.0025,0.32,0.0031,0.32,0.0054,0.4,0.0079,0.28,0.0069,0.35,0.0037,0.29,0.0042,0.25,0.0031,0.31,0.005,0.24,0.0051,0.41,0.0025,0.32
1100,0.0035,0.41,0.0025,0.56,0.0045,0.52,0.0022,0.49,0.0043,0.35,0.0051,0.28,0.0039,0.3,0.0049,0.23,0.002,0.49,0.0037,0.31,0.0029,0.28,0.003,0.38,0.0044,0.28,0.003,0.33,0.0032,0.29,0.003,0.24,0.0053,0.32,0.0027,0.22,0.0024,0.38,0.0046,0.29,0.0029,0.28,0.003,0.38,0.0044,0.28,0.003,0.33,0.0032,0.29,0.003,0.24,0.0053,0.32,0.0027,0.22,0.0024,0.38,0.0046,0.29
1200,0.0051,0.41,0.0021,0.55,0.0043,0.49,0.003,0.5,0.0043,0.3,0.0045,0.27,0.003,0.28,0.006,0.23,0.003,0.46,0.0025,0.28,0.0033,0.29,0.0038,0.38,0.0031,0.26,0.0032,0.32,0.0042,0.26,0.0026,0.22,0.0021,0.35,0.0028,0.23,0.0051,0.37,0.0024,0.3,0.0033,0.29,0.0038,0.38,0.0031,0.26,0.0032,0.32,0.0042,0.26,0.0026,0.22,0.0021,0.35,0.0028,0.23,0.0051,0.37,0.0024,0.3
1300,0.0056,0.38,0.0018,0.55,0.004,0.5,0.0025,0.52,0.0019,0.29,0.0055,0.26,0.003,0.26,0.0021,0.21,0.0034,0.41,0.0025,0.28,0.0045,0.27,0.0026,0.36,0.0044,0.22,0.0051,0.31,0.0024,0.25,0.0042,0.22,0.003,0.3,0.0014,0.22,0.0034,0.34,0.0018,0.27,0.0045,0.27,0.0026,0.36,0.0044,0.22,0.0051,0.31,0.0024,0.25,0.0042,0.22,0.003,0.3,0.0014,0.22,0.0034,0.34,0.0018,0.27
1400,0.0039,0.36,0.0041,0.56,0.0032,0.49,0.0022,0.5,0.0035,0.27,0.0049,0.26,0.0024,0.27,0.0036,0.21,0.0048,0.39,0.003,0.26,0.0034,0.26,0.0053,0.34,0.0041,0.21,0.0035,0.32,0.0024,0.24,0.0022,0.21,0.0029,0.28,0.0038,0.21,0.0055,0.33,0.0037,0.25,0.0034,0.26,0.0053,0.34,0.0041,0.21,0.0035,0.32,0.0024,0.24,0.0022,0.21,0.0029,0.28,0.0038,0.21,0.0055,0.33,0.0037,0.25
1500,0.0022,0.35,0.0033,0.57,0.0048,0.49,0.0049,0.51,0.0075,0.25,0.0054,0.24,0.0024,0.25,0.0037,0.2,0.0026,0.37,0.0021,0.25,0.0039,0.22,0.0041,0.35,0.0032,0.21,0.0024,0.32,0.0073,0.24,0.0016,0.21,0.002,0.3,0.0028,0.2,0.0049,0.34,0.0028,0.24,0.0039,0.22,0.0041,0.35,0.0032,0.21,0.0024,0.32,0.0073,0.24,0.0016,0.21,0.002,0.3,0.0028,0.2,0.0049,0.34,0.0028,0.24
1600,0.0028,0.33,0.0016,0.56,0.0036,0.44,0.0012,0.51,0.0026,0.24,0.0046,0.26,0.0027,0.26,0.0023,0.19,0.0034,0.36,0.0022,0.24,0.0026,0.22,0.0021,0.33,0.0023,0.21,0.0034,0.31,0.0044,0.26,0.0025,0.18,0.0018,0.28,0.0014,0.2,0.0034,0.33,0.0015,0.24,0.0026,0.22,0.0021,0.33,0.0023,0.21,0.0034,0.31,0.0044,0.26,0.0025,0.18,0.0018,0.28,0.0014,0.2,0.0034,0.33,0.0015,0.24
1700,0.0024,0.31,0.0013,0.57,0.0048,0.38,0.0031,0.51,0.0037,0.22,0.0039,0.24,0.0029,0.24,0.0023,0.2,0.0024,0.34,0.0018,0.24,0.0015,0.22,0.005,0.31,0.0035,0.2,0.0036,0.3,0.0035,0.21,0.0018,0.19,0.0017,0.29,0.0017,0.2,0.0029,0.34,0.0016,0.22,0.0015,0.22,0.005,0.31,0.0035,0.2,0.0036,0.3,0.0035,0.21,0.0018,0.19,0.0017,0.29,0.0017,0.2,0.0029,0.34,0.0016,0.22
1800,0.0029,0.29,0.0039,0.55,0.0054,0.37,0.0019,0.5,0.0039,0.23,0.005,0.23,0.0033,0.24,0.0014,0.18,0.0036,0.33,0.0014,0.26,0.0016,0.22,0.0036,0.32,0.0039,0.17,0.0045,0.31,0.0027,0.23,0.0021,0.17,0.0017,0.29,0.0016,0.2,0.004,0.32,0.0022,0.23,0.0016,0.22,0.0036,0.32,0.0039,0.17,0.0045,0.31,0.0027,0.23,0.0021,0.17,0.0017,0.29,0.0016,0.2,0.004,0.32,0.0022,0.23
1900,0.0036,0.28,0.0022,0.56,0.0051,0.35,0.0064,0.48,0.0023,0.22,0.0039,0.21,0.0033,0.23,0.0037,0.19,0.002,0.31,0.002,0.26,0.0026,0.22,0.0024,0.3,0.0024,0.17,0.0032,0.3,0.0033,0.21,0.0027,0.19,0.0028,0.29,0.0027,0.22,0.0026,0.3,0.0026,0.22,0.0026,0.22,0.0024,0.3,0.0024,0.17,0.0032,0.3,0.0033,0.21,0.0027,0.19,0.0028,0.29,0.0027,0.22,0.0026,0.3,0.0026,0.22
2000,0.0034,0.28,0.0032,0.55,0.0031,0.32,0.0035,0.48,0.0028,0.22,0.0044,0.21,0.0035,0.25,0.0026,0.18,0.005,0.3,0.001,0.23,0.0015,0.18,0.0043,0.28,0.0025,0.17,0.0043,0.3,0.0037,0.21,0.0018,0.18,0.0012,0.26,0.0019,0.19,0.0046,0.31,0.0017,0.2,0.0015,0.18,0.0043,0.28,0.0025,0.17,0.0043,0.3,0.0037,0.21,0.0018,0.18,0.0012,0.26,0.0019,0.19,0.0046,0.31,0.0017,0.2
2100,0.0055,0.27,0.0024,0.55,0.0028,0.31,0.0028,0.45,0.0046,0.24,0.008,0.25,0.0064,0.23,0.0051,0.19,0.0033,0.3,0.0032,0.24,0.0025,0.2,0.0019,0.28,0.0021,0.17,0.0039,0.31,0.0035,0.22,0.0033,0.17,0.001,0.25,0.0018,0.18,0.0023,0.3,0.00073,0.19,0.005,0.26,0.0033,0.36,0.0089,0.21,0.007,0.31,0.0069,0.24,0.0077,0.22,0.0035,0.27,0.0025,0.21,0.0047,0.33,0.0024,0.22
2200,0.0034,0.26,0.0017,0.56,0.0043,0.29,0.0037,0.43,0.0024,0.23,0.0069,0.22,0.0051,0.25,0.003,0.19,0.0028,0.3,0.0013,0.25,0.002,0.18,0.0014,0.26,0.0023,0.16,0.0049,0.31,0.0022,0.21,0.0027,0.16,0.0014,0.26,0.0016,0.19,0.0023,0.29,0.001,0.22,0.0053,0.23,0.0024,0.3,0.0056,0.22,0.0032,0.29,0.0036,0.25,0.0046,0.26,0.0031,0.24,0.0023,0.23,0.0043,0.32,0.0016,0.2
2300,0.003,0.27,0.0022,0.56,0.0049,0.27,0.0029,0.43,0.0028,0.21,0.0047,0.21,0.0044,0.23,0.0032,0.19,0.0034,0.29,0.0029,0.25,0.0029,0.19,0.0016,0.26,0.00079,0.16,0.0034,0.28,0.0013,0.21,0.0014,0.16,0.0029,0.25,0.0015,0.18,0.0043,0.28,0.00083,0.2,0.0028,0.2,0.0033,0.29,0.006,0.22,0.0059,0.29,0.0043,0.23,0.0041,0.22,0.0017,0.24,0.0022,0.19,0.0044,0.28,0.0015,0.19
2400,0.0043,0.26,0.0039,0.52,0.0024,0.26,0.0034,0.39,0.0039,0.2,0.0055,0.22,0.0045,0.22,0.0033,0.17,0.0028,0.28,0.0015,0.25,0.0021,0.19,0.0014,0.25,0.0029,0.15,0.0032,0.28,0.0011,0.19,0.0014,0.15,0.0015,0.23,0.001,0.18,0.002,0.26,0.0022,0.18,0.0042,0.2,0.0022,0.28,0.0083,0.21,0.0041,0.28,0.0029,0.2,0.0018,0.22,0.0019,0.24,0.0021,0.17,0.0029,0.26,0.0012,0.19
2500,0.0025,0.23,0.0024,0.53,0.002,0.24,0.0045,0.38,0.0017,0.21,0.0048,0.22,0.0048,0.25,0.0029,0.18,0.0019,0.27,0.0022,0.24,0.0014,0.17,0.0022,0.26,0.0023,0.17,0.0023,0.27,0.0024,0.21,0.0014,0.16,0.001,0.24,0.0014,0.17,0.0027,0.26,0.00097,0.18,0.003,0.19,0.0023,0.26,0.0054,0.18,0.0039,0.27,0.0018,0.2,0.0038,0.21,0.0013,0.27,0.0022,0.17,0.0023,0.24,0.00089,0.18
2600,0.0064,0.24,0.0013,0.47,0.0027,0.24,0.0034,0.36,0.0018,0.19,0.0056,0.19,0.0041,0.23,0.0029,0.18,0.0029,0.27,0.002,0.24,0.0021,0.18,0.002,0.22,0.0015,0.14,0.0031,0.25,0.0022,0.2,0.0014,0.17,0.0014,0.23,0.0006,0.17,0.0017,0.27,0.0015,0.18,0.0025,0.19,0.0038,0.25,0.0027,0.18,0.0038,0.27,0.0022,0.19,0.0018,0.2,0.0017,0.23,0.0017,0.18,0.0027,0.23,0.0017,0.17
2700,0.0022,0.23,0.0058,0.46,0.0042,0.23,0.0025,0.35,0.0026,0.19,0.0034,0.19,0.0031,0.24,0.0035,0.17,0.0024,0.29,0.0012,0.24,0.0012,0.17,0.002,0.23,0.0024,0.14,0.0035,0.26,0.0029,0.19,0.0017,0.16,0.0016,0.23,0.0008,0.16,0.0015,0.24,0.00061,0.21,0.00086,0.19,0.0039,0.25,0.0039,0.18,0.0026,0.27,0.0018,0.2,0.002,0.19,0.0015,0.23,0.0018,0.17,0.0016,0.22,0.0018,0.18
2800,0.0018,0.21,0.0021,0.41,0.005,0.23,0.0028,0.34,0.0028,0.19,0.0044,0.19,0.0018,0.22,0.0029,0.17,0.0027,0.28,0.0014,0.25,0.0015,0.18,0.0017,0.22,0.0015,0.15,0.0033,0.26,0.0023,0.18,0.00088,0.15,0.00094,0.24,0.0012,0.17,0.0018,0.26,0.0009,0.17,0.0017,0.17,0.0023,0.26,0.0048,0.16,0.0027,0.25,0.0025,0.18,0.0027,0.2,0.0017,0.25,0.0018,0.18,0.0027,0.23,0.0011,0.17
2900,0.0032,0.24,0.0039,0.38,0.0015,0.22,0.0025,0.3,0.002,0.18,0.004,0.2,0.0025,0.23,0.0019,0.17,0.0028,0.27,0.0018,0.24,0.002,0.17,0.00093,0.2,0.0011,0.17,0.0031,0.25,0.0039,0.21,0.0016,0.13,0.00094,0.22,0.001,0.15,0.0027,0.22,0.00064,0.17,0.0021,0.17,0.0023,0.25,0.0023,0.16,0.0025,0.24,0.0036,0.18,0.0027,0.17,0.0013,0.22,0.0015,0.17,0.0015,0.21,0.0006,0.16
3000,0.0015,0.23,0.0036,0.37,0.0039,0.22,0.0015,0.29,0.0021,0.19,0.0033,0.19,0.002,0.28,0.0025,0.17,0.002,0.25,0.004,0.23,0.00088,0.18,0.0009,0.2,0.0013,0.14,0.0037,0.25,0.0021,0.19,0.0015,0.14,0.00079,0.22,0.00056,0.15,0.001,0.22,0.0017,0.16,0.0029,0.16,0.0033,0.22,0.0035,0.15,0.0021,0.23,0.0022,0.17,0.0025,0.16,0.0017,0.23,0.0024,0.16,0.0027,0.19,0.00076,0.16
3100,0.0014,0.2,0.0025,0.39,0.0018,0.21,0.0029,0.28,0.0033,0.19,0.005,0.2,0.0027,0.23,0.003,0.17,0.0035,0.27,0.00089,0.22,0.0011,0.18,0.0012,0.19,0.0015,0.14,0.0014,0.23,0.0019,0.18,0.00092,0.14,0.0013,0.21,0.00079,0.16,0.0011,0.22,0.00046,0.17,0.00096,0.19,0.0019,0.23,0.0025,0.16,0.0021,0.23,0.0019,0.16,0.002,0.17,0.0021,0.24,0.0015,0.15,0.0013,0.2,0.00052,0.15
3200,0.0033,0.19,0.0029,0.35,0.0025,0.2,0.0037,0.28,0.0031,0.18,0.0058,0.18,0.0036,0.22,0.0034,0.17,0.0021,0.25,0.0011,0.23,0.0015,0.17,0.0013,0.2,0.0014,0.13,0.0025,0.24,0.0025,0.19,0.0011,0.13,0.001,0.2,0.00084,0.15,0.0016,0.21,0.00085,0.16,0.0024,0.16,0.0019,0.22,0.0029,0.16,0.0025,0.22,0.0032,0.17,0.0019,0.15,0.0019,0.22,0.0014,0.15,0.0015,0.19,0.00064,0.15
3300,0.002,0.21,0.0041,0.36,0.0025,0.22,0.0019,0.27,0.002,0.18,0.0041,0.17,0.0041,0.23,0.0024,0.17,0.0017,0.26,0.0014,0.22,0.0014,0.16,0.0015,0.18,0.0012,0.13,0.00092,0.24,0.0012,0.18,0.0012,0.13,0.00061,0.2,0.00097,0.14,0.001,0.21,0.00044,0.14,0.0023,0.16,0.0027,0.22,0.0019,0.14,0.0015,0.21,0.0024,0.17,0.0025,0.15,0.0019,0.23,0.00096,0.15,0.0021,0.21,0.00091,0.15
3400,0.0016,0.19,0.0037,0.35,0.0035,0.2,0.0034,0.26,0.0026,0.17,0.0057,0.17,0.0027,0.24,0.0017,0.17,0.002,0.26,0.001,0.23,0.0012,0.17,0.0015,0.19,0.0014,0.14,0.00099,0.22,0.0012,0.19,0.0015,0.13,0.0011,0.21,0.00045,0.14,0.0022,0.2,0.00039,0.15,0.0014,0.16,0.0021,0.2,0.0018,0.14,0.0017,0.2,0.0031,0.16,0.0017,0.15,0.0011,0.19,0.0011,0.15,0.0014,0.19,0.0013,0.15
3500,0.0017,0.19,0.005,0.35,0.0038,0.21,0.0034,0.24,0.003,0.18,0.0039,0.17,0.0045,0.21,0.0018,0.16,0.0015,0.24,0.0014,0.21,0.00091,0.18,0.0014,0.18,0.0015,0.13,0.0014,0.22,0.0012,0.18,0.001,0.14,0.0012,0.19,0.00073,0.14,0.0013,0.19,0.00054,0.15,0.0028,0.15,0.0025,0.2,0.0035,0.14,0.0017,0.21,0.0015,0.16,0.002,0.14,0.0017,0.2,0.0011,0.13,0.0011,0.18,0.0012,0.15
3600,0.001,0.19,0.003,0.32,0.0022,0.2,0.0023,0.24,0.0023,0.18,0.0029,0.16,0.004,0.21,0.0026,0.15,0.0022,0.23,0.0014,0.23,0.00098,0.16,0.0009,0.17,0.0019,0.13,0.0011,0.21,0.00058,0.18,0.00087,0.14,0.00076,0.19,0.00085,0.13,0.0029,0.18,0.001,0.15,0.0014,0.15,0.0025,0.2,0.0017,0.13,0.0021,0.2,0.0022,0.24,0.0014,0.14,0.001,0.2,0.0011,0.13,0.00066,0.17,0.0006,0.15
3700,0.0028,0.18,0.0036,0.32,0.0022,0.19,0.003,0.23,0.0023,0.18,0.0048,0.15,0.0018,0.23,0.0013,0.16,0.0042,0.24,0.0014,0.21,0.0013,0.16,0.001,0.17,0.001,0.14,0.0024,0.21,0.0011,0.17,0.001,0.12,0.0006,0.2,0.00083,0.13,0.00089,0.19,0.0005,0.15,0.002,0.14,0.0025,0.2,0.0025,0.13,0.0014,0.18,0.0017,0.16,0.0022,0.15,0.0012,0.19,0.0012,0.14,0.0014,0.19,0.00085,0.13
3800,0.0011,0.18,0.0029,0.32,0.0024,0.21,0.001,0.24,0.0018,0.16,0.004,0.14,0.0023,0.21,0.0027,0.15,0.0029,0.22,0.0013,0.22,0.0011,0.17,0.0011,0.17,0.0011,0.13,0.0012,0.2,0.0016,0.18,0.0017,0.13,0.0007,0.19,0.00042,0.12,0.0012,0.17,0.00042,0.13,0.00077,0.15,0.0015,0.19,0.002,0.13,0.0021,0.18,0.0015,0.15,0.0013,0.15,0.0012,0.22,0.0014,0.12,0.001,0.17,0.00072,0.14
3900,0.0016,0.19,0.0019,0.3,0.002,0.19,0.0013,0.22,0.0023,0.17,0.002,0.15,0.00094,0.22,0.0023,0.15,0.0012,0.22,0.00061,0.22,0.00089,0.16,0.0015,0.18,0.0012,0.14,0.00064,0.22,0.0012,0.18,0.0009,0.12,0.0013,0.18,0.00027,0.12,0.001,0.18,0.0004,0.13,0.00071,0.15,0.0019,0.18,0.00095,0.12,0.0016,0.18,0.0017,0.16,0.0013,0.14,0.00097,0.19,0.0013,0.12,0.00076,0.18,0.00055,0.13
4000,0.0016,0.18,0.0024,0.31,0.0033,0.18,0.0027,0.2,0.0015,0.17,0.0026,0.15,0.0036,0.23,0.0016,0.15,0.003,0.23,0.001,0.22,0.00059,0.15,0.00059,0.17,0.00089,0.13,0.00068,0.19,0.0011,0.17,0.00083,0.12,0.00066,0.18,0.00076,0.12,0.0011,0.18,0.00061,0.13,0.0015,0.14,0.0015,0.19,0.0028,0.15,0.0015,0.17,0.0016,0.15,0.0017,0.14,0.00081,0.18,0.0012,0.11,0.0011,0.19,0.00065,0.13
4100,0.0017,0.18,0.0027,0.3,0.0038,0.18,0.0018,0.22,0.0013,0.16,0.0032,0.15,0.002,0.21,0.0022,0.16,0.0025,0.24,0.001,0.22,0.0012,0.14,0.0019,0.16,0.0008,0.14,0.0011,0.19,0.00098,0.18,0.00046,0.11,0.00066,0.19,0.00038,0.13,0.0009,0.16,0.00054,0.12,0.002,0.15,0.0023,0.2,0.0029,0.15,0.0018,0.18,0.0019,0.17,0.0018,0.14,0.0015,0.19,0.0015,0.12,0.0019,0.19,0.0014,0.15
4200,0.0014,0.19,0.002,0.29,0.0033,0.18,0.0029,0.2,0.0021,0.17,0.003,0.14,0.0027,0.24,0.0026,0.16,0.002,0.23,0.00071,0.21,0.00078,0.15,0.0009,0.17,0.0014,0.12,0.0015,0.18,0.0009,0.19,0.00059,0.13,0.00058,0.18,0.00042,0.11,0.00087,0.22,0.00086,0.16,0.0019,0.17,0.0014,0.2,0.0042,0.16,0.0017,0.17,0.0016,0.17,0.0013,0.15,0.0023,0.2,0.0013,0.13,0.0016,0.19,0.00073,0.14
4300,0.0011,0.17,0.0022,0.28,0.002,0.18,0.0013,0.19,0.0029,0.17,0.0035,0.13,0.0021,0.23,0.0018,0.15,0.0015,0.22,0.0011,0.2,0.00077,0.15,0.00079,0.15,0.00089,0.2,0.00083,0.2,0.00072,0.16,0.00066,0.11,0.00096,0.18,0.00025,0.11,0.00081,0.17,0.00083,0.13,0.0019,0.15,0.0016,0.19,0.002,0.14,0.0021,0.18,0.0021,0.16,0.0015,0.12,0.0014,0.19,0.00097,0.12,0.0015,0.17,0.00088,0.13
4400,0.0013,0.17,0.0018,0.27,0.0035,0.18,0.0018,0.21,0.0013,0.16,0.0021,0.13,0.0017,0.21,0.0016,0.14,0.0015,0.23,0.00058,0.22,0.00064,0.15,0.0015,0.17,0.00097,0.12,0.00053,0.17,0.0014,0.18,0.00088,0.15,0.00053,0.2,0.00049,0.1,0.001,0.15,0.00022,0.13,0.00091,0.15,0.0018,0.19,0.0017,0.14,0.0017,0.17,0.0014,0.15,0.0012,0.13,0.0016,0.18,0.00083,0.13,0.0016,0.24,0.00088,0.14
4500,0.0013,0.16,0.0015,0.27,0.0017,0.18,0.0014,0.19,0.002,0.17,0.0027,0.13,0.0021,0.21,0.001,0.15,0.0027,0.22,0.00073,0.21,0.00073,0.14,0.002,0.16,0.0019,0.13,0.0014,0.16,0.0012,0.17,0.00067,0.12,0.00044,0.17,0.00059,0.11,0.0004,0.18,0.00071,0.12,0.0011,0.14,0.0022,0.22,0.0013,0.12,0.0017,0.16,0.0018,0.16,0.0014,0.15,0.002,0.19,0.00063,0.11,0.002,0.18,0.00084,0.15
4600,0.0014,0.17,0.0022,0.27,0.0022,0.18,0.0018,0.18,0.0019,0.15,0.0038,0.15,0.0021,0.22,0.0023,0.14,0.002,0.23,0.0012,0.21,0.00076,0.14,0.0016,0.15,0.00095,0.14,0.0012,0.17,0.00097,0.18,0.00065,0.12,0.00063,0.17,0.00028,0.097,0.0012,0.15,0.00046,0.11,0.00059,0.14,0.002,0.22,0.0019,0.12,0.0019,0.16,0.0018,0.18,0.0018,0.12,0.0011,0.18,0.001,0.11,0.00088,0.18,0.00081,0.14
4700,0.00079,0.16,0.0033,0.25,0.003,0.18,0.00076,0.19,0.0016,0.15,0.0027,0.12,0.0014,0.2,0.0021,0.16,0.0017,0.22,0.00067,0.2,0.00052,0.15,0.00079,0.16,0.00068,0.12,0.0013,0.17,0.00066,0.17,0.0005,0.13,0.00066,0.18,0.00057,0.099,0.00039,0.14,0.00042,0.12,0.0011,0.13,0.0015,0.17,0.0013,0.12,0.0014,0.16,0.0013,0.15,0.0012,0.12,0.0013,0.18,0.0013,0.11,0.0013,0.17,0.00078,0.13
4800,0.00077,0.17,0.0027,0.25,0.0024,0.19,0.00087,0.19,0.0016,0.15,0.0033,0.15,0.0022,0.21,0.00099,0.14,0.0015,0.24,0.0011,0.2,0.00049,0.15,0.0014,0.15,0.001,0.11,0.00054,0.17,0.00061,0.17,0.00034,0.12,0.00073,0.17,0.00039,0.099,0.00062,0.14,0.00031,0.12,0.0011,0.14,0.0011,0.17,0.0017,0.12,0.0015,0.14,0.0019,0.17,0.00071,0.13,0.0015,0.18,0.0007,0.1,0.0011,0.17,0.0011,0.12
4900,0.0013,0.18,0.0018,0.27,0.0026,0.19,0.0015,0.18,0.00078,0.16,0.0023,0.13,0.0012,0.2,0.0014,0.14,0.0026,0.22,0.0006,0.2,0.0006,0.14,0.0007,0.15,0.0013,0.11,0.0011,0.18,0.00073,0.16,0.0006,0.11,0.00069,0.16,0.0002,0.098,0.0012,0.13,0.00046,0.11,0.00074,0.13,0.0021,0.18,0.0016,0.18,0.0013,0.16,0.0015,0.17,0.0012,0.12,0.0013,0.19,0.00054,0.1,0.00094,0.18,0.00056,0.12
5000,0.00089,0.16,0.0024,0.26,0.0026,0.17,0.0013,0.18,0.0024,0.15,0.0037,0.12,0.002,0.2,0.0012,0.15,0.001,0.21,0.00076,0.21,0.00035,0.13,0.0013,0.16,0.001,0.12,0.0006,0.16,0.00064,0.16,0.00073,0.1,0.00065,0.17,0.00028,0.1,0.00072,0.14,0.00011,0.13,0.00089,0.13,0.0014,0.19,0.0025,0.11,0.002,0.16,0.0017,0.14,0.0015,0.11,0.00073,0.19,0.00059,0.1,0.0011,0.18,0.00083,0.12
5100,0.00086,0.16,0.0021,0.24,0.0023,0.17,0.0011,0.19,0.00082,0.15,0.0013,0.12,0.001,0.2,0.0022,0.14,0.0012,0.21,0.0012,0.21,0.00066,0.14,0.0012,0.15,0.0012,0.12,0.00075,0.16,0.0014,0.16,0.00071,0.11,0.0004,0.16,0.0002,0.092,0.00083,0.13,0.00035,0.11,0.0013,0.15,0.0017,0.18,0.0026,0.13,0.00072,0.16,0.00096,0.14,0.0018,0.14,0.0014,0.18,0.00087,0.092,0.00065,0.16,0.00085,0.13
5200,0.00082,0.16,0.0015,0.23,0.0024,0.17,0.00099,0.17,0.0022,0.15,0.003,0.14,0.0013,0.2,0.0014,0.13,0.0012,0.22,0.00069,0.2,0.00031,0.14,0.0016,0.16,0.0005,0.12,0.0012,0.15,0.00046,0.16,0.00039,0.11,0.00048,0.16,0.00017,0.11,0.00033,0.14,0.00012,0.11,0.00077,0.13,0.0011,0.17,0.0015,0.18,0.0011,0.15,0.0019,0.15,0.00074,0.12,0.0013,0.17,0.00056,0.11,0.00056,0.15,0.00043,0.12
5300,0.00083,0.17,0.0017,0.23,0.0017,0.18,0.001,0.17,0.0012,0.15,0.0039,0.13,0.0017,0.21,0.0013,0.14,0.002,0.21,0.00054,0.2,0.00044,0.14,0.00082,0.16,0.00064,0.11,0.0013,0.16,0.0007,0.16,0.0003,0.11,0.00086,0.17,0.00016,0.11,0.00062,0.16,0.00024,0.11,0.00068,0.14,0.0021,0.2,0.0012,0.11,0.001,0.15,0.002,0.16,0.0007,0.13,0.0011,0.17,0.00034,0.086,0.0017,0.17,0.00059,0.12
5400,0.00083,0.15,0.0016,0.22,0.0015,0.17,0.00082,0.15,0.0017,0.13,0.002,0.15,0.0021,0.2,0.0015,0.13,0.0014,0.19,0.00061,0.2,0.00044,0.13,0.00048,0.17,0.00079,0.11,0.0007,0.14,0.00071,0.17,0.00022,0.11,0.00062,0.15,0.00028,0.098,0.00035,0.14,0.00027,0.1,0.00077,0.13,0.00088,0.16,0.0013,0.1,0.00098,0.14,0.001,0.14,0.00077,0.14,0.0011,0.17,0.001,0.11,0.0007,0.18,0.00065,0.11
5500,0.00069,0.16,0.0014,0.23,0.0031,0.18,0.0014,0.16,0.00084,0.14,0.0023,0.12,0.0018,0.23,0.002,0.13,0.0026,0.2,0.00084,0.21,0.0004,0.13,0.00098,0.15,0.00042,0.11,0.00066,0.15,0.0011,0.18,0.00059,0.11,0.0007,0.17,0.00025,0.092,0.00034,0.13,0.0002,0.1,0.00068,0.12,0.0014,0.15,0.0017,0.1,0.0011,0.15,0.001,0.15,0.00096,0.11,0.0012,0.18,0.00057,0.083,0.00078,0.15,0.00087,0.12
5600,0.00078,0.16,0.0028,0.25,0.0026,0.16,0.0011,0.15,0.0014,0.13,0.0023,0.13,0.0016,0.19,0.0014,0.13,0.0019,0.2,0.00057,0.21,0.00039,0.13,0.00087,0.14,0.00064,0.11,0.00054,0.14,0.00064,0.15,0.00052,0.11,0.00079,0.15,0.00032,0.089,0.00024,0.13,0.00013,0.11,0.00059,0.13,0.001,0.17,0.00086,0.18,0.00099,0.14,0.0012,0.14,0.00076,0.11,0.00096,0.16,0.00062,0.089,0.00076,0.16,0.00089,0.12
5700,0.00092,0.16,0.0016,0.23,0.0011,0.17,0.0016,0.16,0.0012,0.13,0.0012,0.12,0.0014,0.19,0.0014,0.13,0.0018,0.2,0.001,0.19,0.00042,0.13,0.00056,0.15,0.00074,0.1,0.00093,0.13,0.00059,0.15,0.00052,0.11,0.00053,0.16,0.00025,0.092,0.00044,0.12,0.00038,0.1,0.0011,0.12,0.0015,0.15,0.001,0.25,0.001,0.13,0.00096,0.17,0.00063,0.11,0.00066,0.16,0.00084,0.1,0.0012,0.16,0.00065,0.11
5800,0.00033,0.15,0.0012,0.22,0.0021,0.16,0.00076,0.14,0.0013,0.14,0.0021,0.13,0.0014,0.19,0.0016,0.14,0.0022,0.21,0.00066,0.2,0.00025,0.13,0.0013,0.13,0.00078,0.11,0.00032,0.13,0.00071,0.16,0.0004,0.11,0.00041,0.16,0.00019,0.096,0.00061,0.13,0.00018,0.11,0.00083,0.12,0.00081,0.15,0.0013,0.098,0.00068,0.14,0.00089,0.13,0.0009,0.12,0.0011,0.18,0.00054,0.085,0.00083,0.15,0.00049,0.12
5900,0.00062,0.14,0.0014,0.22,0.0014,0.16,0.001,0.14,0.0012,0.15,0.0029,0.11,0.00094,0.19,0.00084,0.14,0.001,0.18,0.00093,0.21,0.00055,0.12,0.0016,0.14,0.00053,0.094,0.00051,0.13,0.00024,0.17,0.00035,0.099,0.00016,0.14,0.00033,0.083,0.00061,0.13,0.00021,0.1,0.00062,0.12,0.0011,0.16,0.0015,0.1,0.00084,0.13,0.00066,0.13,0.00056,0.1,0.00099,0.17,0.00035,0.086,0.00076,0.15,0.00069,0.11
6000,0.00045,0.15,0.0016,0.23,0.00096,0.16,0.00071,0.15,0.00096,0.13,0.0022,0.12,0.0012,0.21,0.0013,0.13,0.0024,0.2,0.00076,0.19,0.00027,0.13,0.0012,0.14,0.0007,0.097,0.00045,0.13,0.00037,0.15,0.00049,0.099,0.00094,0.14,0.00018,0.079,0.00052,0.12,0.0002,0.11,0.00051,0.11,0.0021,0.17,0.0013,0.1,0.0004,0.14,0.00094,0.14,0.00075,0.12,0.00093,0.16,0.00058,0.082,0.00063,0.19,0.00068,0.099
6100,0.0012,0.15,0.0024,0.21,0.002,0.18,0.00052,0.16,0.0014,0.14,0.0029,0.18,0.0016,0.19,0.0016,0.13,0.0011,0.19,0.00057,0.19,0.00025,0.13,0.0014,0.13,0.00048,0.1,0.00078,0.13,0.00028,0.15,0.0003,0.098,0.00038,0.15,0.00032,0.098,0.00027,0.12,0.0003,0.13,0.0011,0.13,0.0023,0.19,0.0018,0.11,0.0011,0.14,0.0016,0.15,0.0017,0.12,0.0012,0.17,0.00097,0.12,0.0011,0.19,0.00095,0.12
6200,0.00041,0.15,0.0017,0.22,0.0015,0.16,0.001,0.14,0.00075,0.13,0.0028,0.13,0.0014,0.19,0.0011,0.13,0.0024,0.2,0.00083,0.2,0.00022,0.12,0.0015,0.13,0.00091,0.095,0.00044,0.13,0.00076,0.16,0.0005,0.096,0.00059,0.15,0.00029,0.088,0.00045,0.15,0.0002,0.1,0.0007,0.13,0.0013,0.16,0.0017,0.11,0.001,0.14,0.0016,0.14,0.00086,0.12,0.0012,0.17,0.0008,0.081,0.0011,0.18,0.00091,0.11
6300,0.00056,0.14,0.0024,0.21,0.0022,0.16,0.00098,0.13,0.00083,0.12,0.0029,0.12,0.0011,0.19,0.0016,0.13,0.0022,0.2,0.0006,0.19,0.00024,0.12,0.001,0.13,0.0004,0.089,0.00044,0.12,0.00062,0.16,0.0003,0.1,0.0004,0.14,0.00029,0.085,0.00039,0.12,0.00021,0.11,0.00072,0.12,0.0015,0.17,0.0013,0.11,0.0013,0.14,0.0011,0.16,0.00087,0.1,0.00097,0.16,0.00085,0.081,0.00068,0.16,0.00069,0.12
6400,0.00096,0.17,0.0014,0.22,0.0019,0.16,0.00098,0.13,0.0016,0.13,0.0027,0.12,0.00089,0.18,0.0014,0.15,0.0018,0.2,0.0006,0.19,0.00038,0.13,0.00097,0.13,0.00042,0.11,0.0003,0.13,0.00071,0.16,0.00042,0.097,0.00051,0.14,0.00015,0.084,0.0005,0.11,0.00019,0.09,0.00069,0.14,0.001,0.16,0.0012,0.1,0.0012,0.15,0.0013,0.14,0.0013,0.14,0.001,0.16,0.00055,0.081,0.0008,0.15,0.00068,0.11
6500,0.00051,0.14,0.0017,0.21,0.00098,0.17,0.0011,0.12,0.0012,0.12,0.0023,0.13,0.0014,0.19,0.0012,0.12,0.001,0.2,0.00096,0.19,0.00033,0.12,0.00066,0.13,0.00085,0.091,0.00043,0.12,0.00046,0.14,0.00039,0.1,0.00021,0.15,0.00023,0.079,0.00042,0.16,0.00019,0.095,0.00085,0.12,0.0013,0.16,0.0014,0.13,0.0013,0.13,0.0011,0.14,0.00083,0.11,0.00078,0.17,0.00053,0.073,0.00075,0.14,0.00071,0.11
6600,0.00057,0.14,0.0017,0.21,0.0015,0.15,0.0011,0.14,0.0011,0.12,0.003,0.14,0.0011,0.18,0.00098,0.13,0.0015,0.2,0.0007,0.19,0.00041,0.13,0.00052,0.13,0.00022,0.099,0.00074,0.12,0.00044,0.14,0.00033,0.1,0.00037,0.13,0.00011,0.075,0.00033,0.11,0.0002,0.098,0.00047,0.11,0.00085,0.18,0.0016,0.093,0.00081,0.14,0.00079,0.14,0.00072,0.11,0.00091,0.15,0.00056,0.079,0.00065,0.15,0.00065,0.12
6700,0.0006,0.14,0.0016,0.2,0.0018,0.15,0.00071,0.11,0.0015,0.12,0.0016,0.13,0.0011,0.19,0.001,0.12,0.0021,0.18,0.00047,0.19,0.00022,0.12,0.00061,0.12,0.0005,0.091,0.00059,0.12,0.00018,0.15,0.00023,0.1,0.00039,0.13,0.00015,0.084,0.00034,0.14,9.5e-05,0.1,0.00072,0.11,0.0015,0.16,0.00085,0.13,0.00074,0.12,0.0014,0.14,0.00048,0.11,0.00073,0.16,0.00035,0.078,0.00092,0.15,0.0006,0.12
6800,0.00073,0.13,0.0014,0.22,0.0015,0.16,0.00058,0.12,0.00073,0.12,0.0018,0.15,0.0014,0.17,0.00095,0.13,0.0025,0.19,0.00063,0.19,0.00019,0.11,0.00091,0.13,0.00053,0.1,0.0005,0.11,0.001,0.15,0.00016,0.089,0.00033,0.14,0.00013,0.09,0.00046,0.12,0.00022,0.094,0.00037,0.12,0.0013,0.18,0.0017,0.096,0.00084,0.12,0.00092,0.13,0.0011,0.1,0.00084,0.15,0.00048,0.09,0.00063,0.15,0.00065,0.12
6900,0.0008,0.13,0.00072,0.19,0.0023,0.15,0.001,0.11,0.00093,0.13,0.0019,0.13,0.0014,0.18,0.0015,0.12,0.0012,0.19,0.00095,0.19,0.0003,0.13,0.00057,0.12,0.00035,0.089,0.00062,0.11,0.00074,0.16,0.00018,0.091,0.00058,0.12,0.00012,0.07,0.00036,0.11,0.00012,0.099,0.00057,0.11,0.0014,0.16,0.0011,0.099,0.00062,0.12,0.0012,0.14,0.00069,0.094,0.00074,0.16,0.00049,0.08,0.00086,0.14,0.00042,0.1
7000,0.00072,0.13,0.0014,0.2,0.0014,0.15,0.00073,0.12,0.00089,0.12,0.0016,0.12,0.00077,0.17,0.0016,0.13,0.0017,0.2,0.0009,0.2,0.00023,0.11,0.0007,0.14,0.00023,0.098,0.00034,0.12,0.00054,0.15,0.00035,0.097,0.00036,0.13,0.00015,0.077,0.00027,0.12,0.00012,0.1,0.00087,0.11,0.00064,0.16,0.001,0.093,0.00048,0.13,0.00089,0.14,0.00087,0.1,0.00061,0.15,0.00055,0.071,0.0012,0.16,0.00058,0.11
7100,0.00065,0.14,0.00089,0.19,0.0019,0.14,0.00069,0.12,0.0012,0.11,0.0014,0.13,0.0011,0.18,0.0016,0.13,0.0013,0.19,0.00061,0.19,0.00037,0.11,0.0005,0.13,0.00042,0.086,0.00028,0.11,0.00029,0.15,0.00025,0.094,0.00038,0.12,0.00026,0.074,0.00057,0.11,0.00032,0.1,0.00076,0.11,0.0013,0.15,0.00059,0.088,0.00053,0.12,0.00083,0.13,0.00081,0.1,0.0007,0.14,0.00051,0.075,0.00061,0.13,0.00038,0.1
7200,0.00053,0.13,0.0013,0.19,0.0018,0.15,0.0011,0.11,0.00072,0.13,0.0012,0.11,0.00088,0.18,0.0013,0.14,0.0015,0.17,0.001,0.18,0.00023,0.12,0.00059,0.12,0.0003,0.089,0.00045,0.12,0.00036,0.16,0.00013,0.094,0.00038,0.14,0.00021,0.091,0.00033,0.1,0.00017,0.093,0.00052,0.1,0.0017,0.16,0.00084,0.1,0.00089,0.12,0.00087,0.13,0.0007,0.11,0.0008,0.14,0.00025,0.065,0.0007,0.14,0.00057,0.11
7300,0.00047,0.13,0.00093,0.19,0.002,0.15,0.0011,0.1,0.00065,0.11,0.0021,0.13,0.00091,0.18,0.0011,0.12,0.0018,0.19,0.0011,0.19,0.0002,0.13,0.0006,0.12,0.00025,0.08,0.00038,0.1,0.00077,0.15,0.00018,0.1,0.00037,0.12,6.8e-05,0.076,0.00058,0.1,0.0001,0.1,0.00036,0.12,0.0011,0.15,0.001,0.092,0.00056,0.13,0.001,0.13,0.00032,0.1,0.00078,0.15,0.00032,0.072,0.00029,0.14,0.00043,0.1
7400,0.00077,0.13,0.0011,0.19,0.0012,0.15,0.0011,0.1,0.001,0.12,0.0017,0.11,0.001,0.17,0.0014,0.14,0.00081,0.19,0.00051,0.19,0.00038,0.12,0.00051,0.12,0.00045,0.093,0.00075,0.11,0.00029,0.14,0.00027,0.089,0.00014,0.12,0.00011,0.088,0.00023,0.1,0.00011,0.099,0.00059,0.1,0.0011,0.14,0.0011,0.095,0.00064,0.12,0.00089,0.13,0.00058,0.094,0.00082,0.15,0.00052,0.085,0.00037,0.14,0.00039,0.098
7500,0.00074,0.14,0.00084,0.17,0.00078,0.15,0.00093,0.1,0.00077,0.12,0.0022,0.12,0.00087,0.17,0.0013,0.12,0.0012,0.19,0.00048,0.19,0.00047,0.13,0.00049,0.11,0.0003,0.086,0.0004,0.12,0.00022,0.16,0.00017,0.11,0.0005,0.23,6.1e-05,0.085,0.00024,0.11,0.00011,0.096,0.00066,0.11,0.00094,0.13,0.00072,0.11,0.0005,0.11,0.0012,0.13,0.00032,0.11,0.00052,0.14,0.00039,0.073,0.00036,0.14,0.00071,0.1
7600,0.00027,0.12,0.0015,0.19,0.0009,0.14,0.0014,0.093,0.00081,0.11,0.0019,0.11,0.00065,0.18,0.00088,0.13,0.0028,0.18,0.00068,0.18,0.00016,0.11,0.00047,0.11,0.0003,0.091,0.00053,0.1,0.00038,0.14,0.00016,0.089,0.0004,0.12,0.00019,0.074,0.00014,0.11,0.00016,0.095,0.00054,0.1,0.00078,0.14,0.0012,0.15,0.00048,0.11,0.00095,0.12,0.00073,0.093,0.00047,0.14,0.00034,0.1,0.00061,0.16,0.00052,0.095
7700,0.00069,0.13,0.0014,0.18,0.00084,0.15,0.001,0.1,0.00062,0.1,0.0016,0.11,0.00072,0.17,0.00069,0.12,0.0016,0.17,0.00068,0.18,0.00014,0.11,0.00075,0.13,0.00014,0.078,0.00029,0.092,0.0002,0.14,0.00018,0.089,0.00018,0.11,0.00013,0.079,0.00034,0.094,0.00018,0.094,0.00045,0.099,0.0015,0.13,0.0007,0.099,0.00067,0.12,0.00063,0.12,0.00073,0.1,0.00044,0.17,0.00048,0.081,0.00045,0.14,0.00036,0.1
7800,0.00042,0.14,0.0016,0.18,0.0015,0.15,0.00092,0.1,0.00061,0.11,0.0024,0.11,0.0015,0.16,0.00065,0.11,0.0011,0.17,0.00071,0.18,0.00015,0.11,0.0006,0.12,0.00023,0.086,0.00036,0.11,0.00024,0.14,0.00034,0.091,0.00038,0.11,9.4e-05,0.08,0.00039,0.099,0.00016,0.089,0.00053,0.099,0.00098,0.14,0.00097,0.087,0.00045,0.11,0.00095,0.12,0.00057,0.092,0.00069,0.14,0.0004,0.066,0.00025,0.13,0.00039,0.091
7900,0.0012,0.12,0.0011,0.19,0.0011,0.14,0.0005,0.098,0.00067,0.11,0.0011,0.12,0.00083,0.17,0.00077,0.11,0.001,0.18,0.00093,0.19,0.00021,0.11,0.0003,0.12,0.00017,0.085,0.00034,0.1,0.00022,0.15,0.00044,0.092,0.00032,0.14,0.00013,0.083,0.00018,0.11,0.00012,0.098,0.00055,0.11,0.00078,0.14,0.00072,0.079,0.00055,0.11,0.00096,0.15,0.00056,0.1,0.00037,0.13,0.00025,0.062,0.00045,0.16,0.0003,0.095
8000,0.00078,0.11,0.0012,0.17,0.00095,0.14,0.00074,0.091,0.00077,0.11,0.0025,0.13,0.0011,0.17,0.00085,0.12,0.00079,0.2,0.00095,0.17,0.00033,0.11,0.0004,0.11,0.00029,0.092,0.00023,0.096,0.00042,0.17,0.00027,0.083,0.00032,0.12,0.00011,0.079,0.00014,0.098,0.0001,0.089,0.0007,0.1,0.0014,0.13,0.00093,0.081,0.00045,0.11,0.00072,0.12,0.00063,0.097,0.00089,0.17,0.00031,0.079,0.00034,0.14,0.00061,0.09
8100,0.00067,0.13,0.00092,0.17,0.0019,0.14,0.00064,0.087,0.00084,0.11,0.0011,0.12,0.0011,0.17,0.0013,0.11,0.00082,0.18,0.00099,0.18,0.00024,0.11,0.00044,0.11,0.00014,0.074,0.00026,0.098,0.00044,0.24,0.00012,0.087,0.00016,0.11,0.00015,0.071,0.00032,0.092,0.00014,0.091,0.00033,0.099,0.0015,0.14,0.0013,0.087,0.00046,0.12,0.0014,0.12,0.00075,0.099,0.00086,0.14,0.00071,0.093,0.0012,0.14,0.00071,0.11
8200,0.00096,0.12,0.00056,0.2,0.0011,0.16,0.0017,0.11,0.0009,0.11,0.0015,0.11,0.0014,0.17,0.0013,0.11,0.0011,0.17,0.0012,0.19,0.00021,0.11,0.00056,0.13,0.0004,0.088,0.00034,0.099,0.00025,0.15,0.00032,0.093,0.00017,0.14,0.0001,0.073,0.00041,0.13,0.0001,0.089,0.00063,0.11,0.00099,0.15,0.0008,0.087,0.00049,0.11,0.0011,0.14,0.00063,0.094,0.0012,0.13,0.00046,0.066,0.00074,0.13,0.00053,0.094
8300,0.00072,0.12,0.0026,0.18,0.0021,0.15,0.0017,0.086,0.00074,0.1,0.0019,0.11,0.00091,0.16,0.0013,0.11,0.0012,0.17,0.001,0.19,0.00028,0.11,0.00031,0.11,0.0002,0.081,0.00048,0.11,0.00021,0.15,0.00012,0.085,0.00026,0.11,0.0002,0.086,0.00045,0.093,9.9e-05,0.09,0.00065,0.095,0.0015,0.15,0.0012,0.098,0.00082,0.1,0.00083,0.12,0.00074,0.1,0.00067,0.14,0.00051,0.095,0.00046,0.13,0.0004,0.11
8400,0.00057,0.12,0.00046,0.18,0.00063,0.13,0.00084,0.093,0.00059,0.096,0.0014,0.11,0.00071,0.17,0.00096,0.11,0.0018,0.17,0.0013,0.18,0.00022,0.1,0.00049,0.1,0.00029,0.078,0.00027,0.095,0.0002,0.14,0.0002,0.088,0.00018,0.12,9.9e-05,0.075,0.00022,0.1,0.00013,0.093,0.00076,0.1,0.0014,0.14,0.0011,0.087,0.00053,0.12,0.00081,0.12,0.00091,0.1,0.00065,0.14,0.00045,0.074,0.00034,0.14,0.00055,0.1
8500,0.00047,0.13,0.0015,0.17,0.00097,0.15,0.0008,0.093,0.00056,0.096,0.0012,0.13,0.0011,0.17,0.00046,0.11,0.00088,0.17,0.00061,0.18,0.00018,0.098,0.00048,0.11,0.00019,0.083,0.00027,0.1,0.00023,0.14,0.0002,0.085,0.00015,0.11,0.00015,0.076,0.0003,0.095,5.2e-05,0.086,0.00061,0.095,0.00091,0.14,0.0012,0.15,0.00099,0.11,0.00079,0.11,0.0012,0.093,0.00075,0.13,0.00038,0.07,0.0008,0.12,0.00036,0.096
8600,0.00048,0.12,0.00063,0.18,0.00054,0.14,0.00047,0.091,0.00053,0.099,0.0017,0.11,0.00075,0.16,0.001,0.12,0.00089,0.18,0.00093,0.17,0.00022,0.1,0.00039,0.11,0.00037,0.074,0.00012,0.093,0.00051,0.17,7e-05,0.084,0.00018,0.12,0.00021,0.1,0.00027,0.11,0.00011,0.094,0.00059,0.1,0.0011,0.13,0.00037,0.088,0.00063,0.11,0.00079,0.12,0.00059,0.093,0.0005,0.13,0.00049,0.066,0.00041,0.13,0.00054,0.092
8700,0.00049,0.13,0.0011,0.18,0.00073,0.15,0.0011,0.094,0.00062,0.11,0.0018,0.11,0.00073,0.15,0.0016,0.11,0.00085,0.16,0.001,0.19,0.00021,0.12,0.00038,0.1,0.00035,0.082,0.00034,0.096,0.00045,0.15,0.00022,0.098,0.00021,0.12,0.00012,0.067,0.0002,0.093,0.00015,0.095,0.00041,0.1,0.00081,0.13,0.00097,0.089,0.00041,0.1,0.00089,0.12,0.00086,0.088,0.00078,0.14,0.00035,0.062,0.00062,0.12,0.0011,0.095
8800,0.00062,0.13,0.0011,0.18,0.0011,0.13,0.00053,0.085,0.00042,0.1,0.0017,0.099,0.00079,0.15,0.00094,0.11,0.0011,0.18,0.0013,0.17,0.00023,0.1,0.00059,0.1,0.00013,0.081,0.00033,0.094,0.00026,0.14,0.00015,0.084,0.00039,0.14,6.8e-05,0.078,0.00013,0.087,7.9e-05,0.097,0.0002,0.091,0.001,0.14,0.00089,0.1,0.00063,0.11,0.00088,0.13,0.00039,0.088,0.00053,0.12,0.00043,0.068,0.00042,0.12,0.00043,0.096
8900,0.00056,0.11,0.0015,0.19,0.00068,0.14,0.00099,0.084,0.00054,0.098,0.0012,0.11,0.00078,0.16,0.001,0.12,0.001,0.17,0.0007,0.19,0.00014,0.12,0.00028,0.12,0.0002,0.072,0.00052,0.099,0.00032,0.15,0.00033,0.086,0.0002,0.11,0.00013,0.065,0.00049,0.13,8.4e-05,0.1,0.00031,0.1,0.001,0.13,0.0013,0.083,0.00063,0.12,0.00071,0.13,0.00065,0.09,0.00049,0.15,0.00045,0.062,0.00066,0.12,0.00038,0.1
9000,0.00026,0.13,0.0016,0.16,0.00071,0.14,0.0004,0.091,0.00044,0.1,0.002,0.11,0.00097,0.16,0.00078,0.12,0.00078,0.17,0.00047,0.17,0.00024,0.11,0.00076,0.11,0.00019,0.082,0.00029,0.086,0.00013,0.14,0.00019,0.083,0.00019,0.11,9.4e-05,0.079,0.00032,0.093,7.7e-05,0.1,0.0004,0.095,0.0014,0.13,0.00077,0.078,0.00081,0.1,0.00086,0.15,0.0005,0.11,0.00052,0.13,0.00017,0.068,0.00053,0.14,0.00084,0.098
9100,0.00041,0.11,0.0011,0.16,0.00045,0.14,0.00078,0.09,0.00068,0.11,0.002,0.11,0.0011,0.15,0.0011,0.11,0.00077,0.18,0.00078,0.18,0.00017,0.1,0.00024,0.1,0.0002,0.086,0.00019,0.088,0.00027,0.15,0.00013,0.084,0.00022,0.11,0.00011,0.07,0.00026,0.087,0.0001,0.08,0.00039,0.098,0.0013,0.14,0.00074,0.087,0.00055,0.12,0.00077,0.11,0.00065,0.09,0.00043,0.13,0.00036,0.061,0.0004,0.12,0.00057,0.099
9200,0.00033,0.12,0.0016,0.18,0.0012,0.13,0.00045,0.084,0.00054,0.11,0.0011,0.11,0.00083,0.18,0.0012,0.11,0.0015,0.16,0.0006,0.16,0.00016,0.11,0.00024,0.097,0.0003,0.077,0.00085,0.1,0.00022,0.15,0.00014,0.086,0.00015,0.11,8e-05,0.068,0.00029,0.11,9.6e-05,0.11,0.00043,0.091,0.0016,0.13,0.00072,0.075,0.00037,0.11,0.00076,0.11,0.00039,0.089,0.00044,0.13,0.00025,0.062,0.00049,0.12,0.00026,0.095
9300,0.00057,0.12,0.0022,0.17,0.00066,0.14,0.00068,0.091,0.00056,0.1,0.0022,0.11,0.00055,0.15,0.00072,0.11,0.00082,0.16,0.0011,0.17,0.00016,0.1,0.00021,0.1,0.00023,0.081,0.00018,0.091,0.00024,0.14,0.00011,0.076,0.00031,0.11,9.9e-05,0.069,0.00023,0.09,0.00016,0.098,0.00027,0.088,0.00097,0.14,0.001,0.084,0.0004,0.096,0.00076,0.11,0.00052,0.079,0.00041,0.14,0.00046,0.067,0.00049,0.11,0.00029,0.092
9400,0.00059,0.13,0.00091,0.16,0.00056,0.13,0.00057,0.085,0.00054,0.1,0.00098,0.11,0.00093,0.15,0.001,0.11,0.0011,0.16,0.00094,0.17,0.00017,0.11,0.0005,0.12,0.00021,0.077,0.00038,0.087,0.00062,0.14,0.00011,0.083,0.00018,0.12,7.1e-05,0.074,0.00022,0.093,0.00011,0.1,0.00034,0.085,0.0012,0.13,0.00061,0.082,0.00037,0.097,0.00065,0.11,0.00047,0.078,0.00038,0.12,0.00027,0.057,0.00043,0.13,0.00042,0.095
9500,0.00047,0.12,0.0012,0.15,0.00088,0.14,0.00061,0.077,0.00052,0.097,0.002,0.1,0.00078,0.15,0.00079,0.11,0.002,0.17,0.00099,0.18,0.00014,0.09,0.00038,0.091,0.0002,0.078,0.00016,0.08,0.00038,0.14,0.00018,0.083,0.00018,0.13,7.9e-05,0.071,9.9e-05,0.091,7.9e-05,0.099,0.00021,0.093,0.00087,0.12,0.00046,0.093,0.00059,0.099,0.00054,0.14,0.00058,0.084,0.00055,0.13,0.00039,0.065,0.00035,0.12,0.00044,0.095
9600,0.00041,0.11,0.0013,0.15,0.0012,0.14,0.0014,0.081,0.00073,0.094,0.0019,0.11,0.0016,0.15,0.00073,0.11,0.00086,0.17,0.00095,0.17,0.00013,0.098,0.00021,0.1,0.00019,0.087,0.00028,0.12,0.00017,0.16,0.00019,0.072,0.00019,0.11,7.9e-05,0.071,0.00012,0.093,9e-05,0.088,0.00024,0.091,0.00075,0.13,0.00058,0.081,0.00038,0.099,0.00061,0.11,0.00043,0.083,0.00072,0.12,0.00047,0.064,0.00045,0.14,0.00035,0.097
9700,0.00058,0.12,0.0011,0.16,0.0012,0.13,0.00037,0.084,0.00054,0.089,0.0016,0.11,0.00051,0.15,0.0013,0.12,0.001,0.16,0.00079,0.18,0.00018,0.098,0.00024,0.093,0.00018,0.077,0.00052,0.091,0.00023,0.13,0.00018,0.11,0.00013,0.11,0.00018,0.099,0.00011,0.086,7.7e-05,0.084,0.00044,0.11,0.0011,0.12,0.00091,0.073,0.00032,0.088,0.00058,0.12,0.00041,0.082,0.00033,0.13,0.0003,0.064,0.00052,0.12,0.00061,0.09
9800,0.00038,0.11,0.00091,0.18,0.0012,0.13,0.0011,0.081,0.00042,0.089,0.00091,0.17,0.00066,0.15,0.00075,0.11,0.0015,0.16,0.00054,0.16,0.00019,0.099,0.00023,0.091,0.0003,0.11,0.00021,0.088,0.00021,0.16,0.00028,0.085,8.4e-05,0.11,8.7e-05,0.068,0.00014,0.087,9.6e-05,0.084,0.00032,0.1,0.00079,0.12,0.00052,0.081,0.00048,0.091,0.00076,0.13,0.00062,0.088,0.0004,0.14,0.0006,0.068,0.00033,0.12,0.00035,0.084
9900,0.00078,0.1,0.0007,0.17,0.002,0.13,0.0007,0.079,0.00055,0.09,0.0015,0.11,0.00035,0.14,0.001,0.11,0.00078,0.16,0.00079,0.17,0.00015,0.097,0.00028,0.091,0.00025,0.074,0.00016,0.11,0.00049,0.13,0.00014,0.08,0.00016,0.11,0.00015,0.069,0.00017,0.089,3e-05,0.1,0.0003,0.09,0.0012,0.13,0.00056,0.088,0.00019,0.11,0.00084,0.11,0.00044,0.089,0.00044,0.15,0.00034,0.065,0.0002,0.12,0.00022,0.093
10000,0.001588255,,0.003293024,,0.003154919,,0.001073278,,0.00112466,,0.002354894,,0.002284111,,0.001656044,,0.002846834,,0.00285919,,0.0004598841,,0.0006750025,,0.0005352122,,0.0005699256,,0.0009651534,,0.0004329522,,0.0006107487,,0.0002479581,,0.0004278109,,0.0001957235,,0.0007085087,,0.001907744,,0.0007458249,,0.001045679,,0.001151269,,0.0007665821,,0.0009793434,,0.0008098013,,0.0008033343,,0.0008450834,
10100,0.0006282477,0.06837567,0.001635146,0.1081216,0.0009345326,0.08104427,0.0005696637,0.05430404,0.0004274453,0.0684493,0.001144059,0.09099611,0.001204578,0.1227424,0.000853074,0.1018377,0.001363823,0.1309791,0.0008991635,0.1052189,0.0001727105,0.07504298,0.00024179,0.07280056,0.0001976522,0.05814187,0.0002541145,0.07323309,0.0003831164,0.120634,0.0001826704,0.05411636,0.0003455104,0.07985818,0.0001098051,0.05268313,0.0001924422,0.06367169,0.0001021905,0.06782208,0.0002631347,0.06351967,0.0006436449,0.07630662,0.0002637948,0.04976513,0.0004001455,0.06573125,0.000487123,0.07035592,0.000260241,0.057358,0.0004949257,0.08790332,0.0001864053,0.04870314,0.0003290691,0.07562755,0.0002029814,0.0670555
10200,0.0003616879,0.05664888,0.0008015463,0.07269903,0.0004728331,0.06142903,0.0003963213,0.04600077,0.000225345,0.05144501,0.0007787519,0.07848574,0.0008506512,0.1135968,0.0005817224,0.08713934,0.0006929087,0.0907511,0.0004387737,0.08867516,0.0001242911,0.06517021,0.0001562761,0.06713321,0.0001299595,0.049268,0.0001534169,0.06410347,0.0002689971,0.1235015,0.0001205004,0.0504986,0.0002333775,0.06926386,6.628707e-05,0.03860664,0.0001354089,0.05927488,6.926042e-05,0.05949164,0.0001561645,0.05802849,0.0002950125,0.05246802,0.0001378257,0.04244568,0.0002206056,0.05396106,0.000278089,0.05556314,0.0001512219,0.04759771,0.000335588,0.07518822,0.0001061588,0.03756347,0.0001883611,0.05725338,0.0001125637,0.05985774
10300,0.0002373961,0.04890015,0.0004615075,0.06090387,0.0003089271,0.05612688,0.0002495411,0.0414322,0.0001432805,0.04530961,0.0005366758,0.06500309,0.0006038618,0.1006056,0.0004341479,0.07787136,0.0005021198,0.08049154,0.0002630438,0.0689776,9.398376e-05,0.05678462,0.0001107837,0.04934252,9.284008e-05,0.04851332,0.0001105167,0.0668687,0.0001856851,0.109175,8.707583e-05,0.04352043,0.0001587746,0.05947778,4.982995e-05,0.03693933,0.0001023089,0.05796361,5.23059e-05,0.05817584,0.0001138868,0.05830504,0.0001879373,0.04594491,8.151059e-05,0.04011915,0.0001385447,0.04921246,0.0001807631,0.05552306,9.571113e-05,0.0378118,0.000227885,0.06573457,7.163476e-05,0.03388324,0.0001260368,0.04770931,7.780959e-05,0.05037182
10400,0.0001682711,0.04483805,0.000303018,0.05253806,0.0002440191,0.05402983,0.0001564062,0.02942176,0.0001074326,0.04107921,0.0003888693,0.05618045,0.0004485291,0.09977577,0.0003364819,0.0723682,0.0004057819,0.07780308,0.0001910949,0.05617075,7.482982e-05,0.05137963,8.691682e-05,0.0499186,6.698987e-05,0.04706943,8.173825e-05,0.05747001,0.000137105,0.0918213,6.360332e-05,0.03980542,0.0001097539,0.05904759,4.069509e-05,0.03614517,8.348032e-05,0.05385407,4.242145e-05,0.05227052,8.257892e-05,0.05001841,0.0001369497,0.03715022,5.821604e-05,0.03924418,9.988534e-05,0.04349045,0.0001294919,0.05181536,6.580284e-05,0.03042604,0.0001640709,0.0605516,5.324709e-05,0.03379493,9.078064e-05,0.04794953,5.960104e-05,0.04613084
10500,0.0001237258,0.04161622,0.0002305928,0.05253773,0.0001972948,0.05347237,0.0001168594,0.02511758,8.764606e-05,0.03950248,0.0003004005,0.04910832,0.0003535292,0.09109229,0.0002714577,0.06272793,0.0003337456,0.06860128,0.0001500277,0.05292191,6.184474e-05,0.04879789,6.879048e-05,0.04569354,5.001069e-05,0.04533783,6.385531e-05,0.05686761,0.0001077963,0.08459686,4.682868e-05,0.03665181,8.121226e-05,0.05567509,3.402129e-05,0.03321907,7.068322e-05,0.05384775,3.599136e-05,0.05360342,6.487311e-05,0.04550152,0.0001049808,0.03642537,4.680084e-05,0.04131985,7.78583e-05,0.03935597,0.0001047999,0.05436043,4.87349e-05,0.02982157,0.0001309056,0.05568797,4.088175e-05,0.03169914,7.396455e-05,0.0419531,4.742249e-05,0.0438033
10600,9.538961e-05,0.03775444,0.0001926745,0.04734759,0.0001642608,0.05154854,9.422871e-05,0.02351077,7.14004e-05,0.04051775,0.0002494846,0.04437044,0.0002908848,0.08367728,0.0002114855,0.05405907,0.0002845375,0.07041563,0.000119409,0.05294196,5.269633e-05,0.04381818,5.568171e-05,0.04443138,4.080316e-05,0.04238863,5.291395e-05,0.05272753,9.069896e-05,0.07874015,3.541398e-05,0.03446278,6.429187e-05,0.05485816,2.893604e-05,0.03080356,6.252237e-05,0.05165096,3.029201e-05,0.05294573,5.452324e-05,0.04939331,8.209317e-05,0.03169804,3.778869e-05,0.04004642,6.458579e-05,0.03778259,8.990721e-05,0.05362983,3.907407e-05,0.02812432,0.0001053683,0.05261176,3.291812e-05,0.02987069,6.328575e-05,0.04447152,3.975865e-05,0.04367993
10700,7.701296e-05,0.03412879,0.000158812,0.04374763,0.0001329858,0.04865841,7.94411e-05,0.02290038,6.169711e-05,0.03672932,0.0002142449,0.04559926,0.0002528044,0.0806791,0.0001729651,0.04958052,0.0002387195,0.06517492,0.0001013015,0.05322208,4.497541e-05,0.04294974,4.728395e-05,0.03787223,3.402886e-05,0.04236381,4.483464e-05,0.05375998,7.659477e-05,0.08320109,3.014718e-05,0.0330924,5.207016e-05,0.05304596,2.555317e-05,0.031626,5.649765e-05,0.05104316,2.592126e-05,0.04822182,4.56222e-05,0.04339378,6.771141e-05,0.02992326,3.230028e-05,0.03911413,5.216389e-05,0.0390047,7.98362e-05,0.05231383,3.085872e-05,0.02559231,8.612317e-05,0.05189358,2.780609e-05,0.02963421,5.535916e-05,0.03907527,3.305554e-05,0.04319698
10800,6.685805e-05,0.03134802,0.0001306715,0.04392467,0.0001091137,0.0444648,6.733702e-05,0.02368065,5.368212e-05,0.04115812,0.0001853263,0.04503527,0.0002234605,0.07429493,0.0001447336,0.04900413,0.000202968,0.06482521,8.763312e-05,0.0487974,3.778877e-05,0.04150565,4.072588e-05,0.03791244,2.962809e-05,0.04315444,3.92276e-05,0.05031846,6.757117e-05,0.08096801,2.500624e-05,0.03274013,4.289065e-05,0.05105876,2.229253e-05,0.03116966,5.124628e-05,0.04722245,2.232933e-05,0.0478368,3.73844e-05,0.04481087,5.712057e-05,0.03124468,2.836905e-05,0.03773034,4.454518e-05,0.04021322,6.948082e-05,0.05017573,2.529872e-05,0.02406144,7.051234e-05,0.04709496,2.414215e-05,0.02932824,4.91901e-05,0.04036605,2.806419e-05,0.04272978
10900,5.73972e-05,0.02952224,0.0001097589,0.03938538,9.065151e-05,0.0442909,5.863835e-05,0.02215541,4.71831e-05,0.03846359,0.0001629562,0.04363592,0.0001931526,0.07503871,0.0001215343,0.04555514,0.0001762164,0.05881061,7.378597e-05,0.04189129,3.277208e-05,0.03880993,3.520711e-05,0.03956161,2.628733e-05,0.04193055,3.489328e-05,0.05393851,6.151878e-05,0.07876682,2.148889e-05,0.03337993,3.62166e-05,0.0500542,1.957212e-05,0.03229321,4.63887e-05,0.04566207,1.952987e-05,0.04696711,3.176839e-05,0.04567332,4.809591e-05,0.02835556,2.440993e-05,0.03816081,3.846011e-05,0.03882433,6.068291e-05,0.04406947,2.106553e-05,0.02430906,5.923049e-05,0.04387155,2.143543e-05,0.02749242,4.34668e-05,0.03787779,2.412955e-05,0.04129653
11000,5.020785e-05,0.02817906,9.007613e-05,0.03909745,7.813168e-05,0.04323925,5.159546e-05,0.0217332,4.240949e-05,0.03731335,0.0001462544,0.04408911,0.0001720871,0.0666055,0.0001053061,0.04534953,0.0001578251,0.05551467,6.402588e-05,0.03736861,2.943664e-05,0.03843687,3.143338e-05,0.03925063,2.352901e-05,0.04070015,3.120707e-05,0.04967748,5.533934e-05,0.07708052,1.823178e-05,0.03083028,3.148396e-05,0.05103234,1.735452e-05,0.0307214,4.173279e-05,0.05068058,1.743344e-05,0.04745105,2.736736e-05,0.03971171,4.317011e-05,0.02743753,2.191165e-05,0.03799179,3.348886e-05,0.03676023,5.471739e-05,0.04268561,1.743659e-05,0.02108697,5.100204e-05,0.04195774,1.879274e-05,0.02716409,3.876169e-05,0.0372508,2.113968e-05,0.03990028
11100,4.377968e-05,0.02544025,7.974414e-05,0.03801091,6.991932e-05,0.04320931,4.688229e-05,0.02104854,3.9149e-05,0.03659622,0.0001319874,0.0436563,0.000154729,0.06738355,9.288172e-05,0.04078803,0.0001395176,0.0576377,5.504224e-05,0.03515227,2.664794e-05,0.03676892,2.926094e-05,0.03893989,2.098767e-05,0.03864748,2.805607e-05,0.05033102,5.094822e-05,0.07701793,1.588029e-05,0.03090392,2.701553e-05,0.04980672,1.562582e-05,0.03099608,3.790078e-05,0.04042662,1.557827e-05,0.0462201,2.376985e-05,0.03485478,3.767388e-05,0.02640438,1.972889e-05,0.0364085,2.96025e-05,0.0360906,4.992452e-05,0.04233856,1.468048e-05,0.02033182,4.496262e-05,0.03924448,1.676697e-05,0.02699228,3.501116e-05,0.03933109,1.910088e-05,0.0406561
11200,3.853277e-05,0.02430953,7.265639e-05,0.03827566,6.324593e-05,0.03849466,4.278862e-05,0.02106872,3.645112e-05,0.03680683,0.0001197756,0.04157444,0.0001350717,0.06145553,8.234238e-05,0.03813506,0.0001213291,0.05040349,4.808538e-05,0.03146198,2.41316e-05,0.03647719,2.676609e-05,0.03806648,1.912827e-05,0.03795156,2.541753e-05,0.04909762,4.77473e-05,0.07654143,1.41403e-05,0.02848402,2.338787e-05,0.05044825,1.434874e-05,0.03022159,3.475723e-05,0.04415129,1.415543e-05,0.04635445,2.113604e-05,0.03608267,3.356912e-05,0.02638252,1.829319e-05,0.03429772,2.701023e-05,0.03557994,4.497642e-05,0.04076511,1.283659e-05,0.02016152,3.965501e-05,0.03708206,1.509736e-05,0.02584535,3.113043e-05,0.03452061,1.72771e-05,0.03728673
11300,3.451169e-05,0.02325974,6.519762e-05,0.03618848,5.746558e-05,0.03560735,4.003121e-05,0.02034809,3.416156e-05,0.03328817,0.000108681,0.04053418,0.0001223984,0.06318571,7.324352e-05,0.03479373,0.0001027737,0.04946652,4.216442e-05,0.02928471,2.222888e-05,0.03449983,2.465423e-05,0.03821909,1.763121e-05,0.03928861,2.354262e-05,0.05002347,4.424392e-05,0.08110766,1.284958e-05,0.02955935,2.06301e-05,0.04874103,1.292535e-05,0.03153271,3.172641e-05,0.04427689,1.271153e-05,0.04618842,1.938134e-05,0.03662086,3.070052e-05,0.0263334,1.696744e-05,0.0331485,2.459997e-05,0.03345344,4.124799e-05,0.03807781,1.129941e-05,0.01825663,3.358009e-05,0.03633869,1.35036e-05,0.02572333,2.769199e-05,0.03626325,1.507533e-05,0.03491609
11400,3.097599e-05,0.02196986,5.93676e-05,0.0381648,5.301327e-05,0.04124799,3.711766e-05,0.02009652,3.189212e-05,0.03235636,9.908396e-05,0.03950833,0.0001083222,0.05337757,6.553706e-05,0.03472049,8.950634e-05,0.04640309,3.8456e-05,0.02813162,2.01706e-05,0.03657199,2.285592e-05,0.03675963,1.630446e-05,0.04047608,2.180614e-05,0.04866913,4.149786e-05,0.08219056,1.170617e-05,0.02573675,1.822736e-05,0.04597897,1.177994e-05,0.03062978,2.861232e-05,0.04384668,1.176601e-05,0.04437384,1.800443e-05,0.0352498,2.798368e-05,0.02607853,1.564043e-05,0.03831096,2.243084e-05,0.03470945,3.753897e-05,0.04030934,1.012936e-05,0.01842826,2.961973e-05,0.0346069,1.235467e-05,0.02448728,2.471118e-05,0.03502974,1.330256e-05,0.03276603
11500,2.79475e-05,0.02063415,5.407903e-05,0.03589437,4.878746e-05,0.03809683,3.497791e-05,0.01958259,2.946404e-05,0.03278642,8.928064e-05,0.03966758,9.490976e-05,0.04733191,6.070844e-05,0.03546232,7.964957e-05,0.04746573,3.543398e-05,0.02898797,1.850425e-05,0.03523273,2.120282e-05,0.03628342,1.491711e-05,0.03771236,2.030884e-05,0.04954572,3.838355e-05,0.08587304,1.080282e-05,0.02677669,1.644511e-05,0.046209,1.092089e-05,0.0308106,2.590094e-05,0.03754031,1.083986e-05,0.04228767,1.627092e-05,0.03495955,2.564918e-05,0.0243113,1.439763e-05,0.03296929,2.086503e-05,0.03116583,3.449274e-05,0.03571581,9.192839e-06,0.01818423,2.582373e-05,0.03285678,1.114305e-05,0.02596852,2.273842e-05,0.03525201,1.196034e-05,0.03329419
11600,2.497737e-05,0.02129333,5.002703e-05,0.03643167,4.530233e-05,0.03873299,3.266461e-05,0.01955768,2.783242e-05,0.03162117,8.092468e-05,0.04044046,8.484913e-05,0.04830461,5.639442e-05,0.03388299,7.183463e-05,0.04758994,3.257367e-05,0.02778514,1.71343e-05,0.0354338,1.99716e-05,0.03690291,1.371314e-05,0.03463553,1.893002e-05,0.04772693,3.538541e-05,0.07670423,1.000334e-05,0.02669329,1.505496e-05,0.04848815,1.021849e-05,0.03212366,2.408078e-05,0.03955853,1.012999e-05,0.04289019,1.479456e-05,0.03364265,2.338009e-05,0.02518266,1.332742e-05,0.03369861,1.939692e-05,0.03193026,3.155262e-05,0.03406192,8.337576e-06,0.01834973,2.34219e-05,0.03329325,1.004881e-05,0.0241027,2.102747e-05,0.03603771,1.074352e-05,0.03192881
11700,2.28274e-05,0.01776293,4.580516e-05,0.035175,4.124428e-05,0.03937439,3.056093e-05,0.01795539,2.652748e-05,0.02937648,7.538674e-05,0.04047993,7.426515e-05,0.04930553,5.194662e-05,0.03387102,6.449947e-05,0.04467515,2.983866e-05,0.0269524,1.585418e-05,0.03576771,1.880082e-05,0.03710744,1.269779e-05,0.034435,1.751196e-05,0.04789499,3.294411e-05,0.0831269,9.344076e-06,0.02590731,1.399282e-05,0.04744364,9.492352e-06,0.03083569,2.251632e-05,0.0377741,9.572307e-06,0.04249142,1.366708e-05,0.0307197,2.140439e-05,0.02530004,1.232831e-05,0.03548069,1.81825e-05,0.02924443,2.935738e-05,0.03563742,7.617011e-06,0.01820664,2.106739e-05,0.03652003,9.040885e-06,0.0241518,1.964145e-05,0.03430936,9.761519e-06,0.03212604
11800,2.064996e-05,0.01908441,4.228331e-05,0.03682218,3.83511e-05,0.03696755,2.875587e-05,0.01761163,2.484764e-05,0.02934906,7.127133e-05,0.03894224,6.434954e-05,0.04152794,4.766837e-05,0.0316051,5.732896e-05,0.04151162,2.736346e-05,0.02671311,1.466641e-05,0.03564683,1.769093e-05,0.03533787,1.172e-05,0.03409809,1.64313e-05,0.04752865,3.094439e-05,0.07813434,8.594494e-06,0.02403,1.295815e-05,0.0473997,8.884415e-06,0.03385205,2.091879e-05,0.03507183,9.00074e-06,0.04012707,1.275574e-05,0.03304702,1.983366e-05,0.02617525,1.161445e-05,0.03297132,1.722506e-05,0.02777728,2.724799e-05,0.03343859,7.053757e-06,0.01867131,1.921996e-05,0.03487906,8.34851e-06,0.02297756,1.836573e-05,0.03354147,9.06841e-06,0.03337254
11900,1.880133e-05,0.01744823,3.997283e-05,0.0367768,3.584638e-05,0.0357962,2.712542e-05,0.01826856,2.371643e-05,0.03110803,6.741847e-05,0.0396637,5.643905e-05,0.03619639,4.491615e-05,0.03226705,5.135912e-05,0.0421959,2.536654e-05,0.02455992,1.341159e-05,0.0311547,1.67335e-05,0.03624376,1.094765e-05,0.0334492,1.534075e-05,0.04674658,2.920509e-05,0.07395503,8.042261e-06,0.02423389,1.197831e-05,0.04447635,8.358101e-06,0.03039192,1.957747e-05,0.03563751,8.460433e-06,0.04303909,1.194267e-05,0.03214757,1.852822e-05,0.02525576,1.08787e-05,0.03335985,1.631825e-05,0.02798052,2.566404e-05,0.0375494,6.547818e-06,0.01787764,1.770954e-05,0.03269964,7.546678e-06,0.02349718,1.704934e-05,0.03322452,8.416075e-06,0.03024099
12000,1.715959e-05,0.01744193,3.762008e-05,0.03575537,3.33668e-05,0.03453569,2.574438e-05,0.01726333,2.247285e-05,0.03102002,6.399707e-05,0.03768621,5.065063e-05,0.03645433,4.287626e-05,0.03179668,4.667904e-05,0.04164119,2.313301e-05,0.02413599,1.250305e-05,0.03154119,1.559702e-05,0.03458716,1.034555e-05,0.03327858,1.430256e-05,0.04828526,2.72538e-05,0.07736654,7.597512e-06,0.02513456,1.114004e-05,0.04585593,7.865837e-06,0.02957631,1.833416e-05,0.03751407,8.033017e-06,0.04203281,1.123124e-05,0.0322792,1.749464e-05,0.02497669,1.011565e-05,0.03151188,1.560265e-05,0.02745743,2.406258e-05,0.03494455,6.132394e-06,0.01833679,1.645603e-05,0.03244758,7.034368e-06,0.02345113,1.585757e-05,0.03210801,7.708387e-06,0.03162447
12100,1.603576e-05,0.01621544,3.551129e-05,0.03718982,3.095037e-05,0.03548715,2.426585e-05,0.01665251,2.146467e-05,0.02992216,6.087757e-05,0.03862019,4.395029e-05,0.03331463,4.008643e-05,0.02932655,4.281311e-05,0.03909417,2.119504e-05,0.02405993,1.179389e-05,0.03411376,1.473973e-05,0.03406616,9.794414e-06,0.03363365,1.363642e-05,0.0464844,2.576406e-05,0.07703505,7.022429e-06,0.02335784,1.046065e-05,0.04410154,7.26312e-06,0.03109783,1.703732e-05,0.03566236,7.603061e-06,0.04186581,1.047416e-05,0.03201408,1.665503e-05,0.02432197,9.255094e-06,0.03170841,1.441253e-05,0.0260761,2.242436e-05,0.03334884,5.665121e-06,0.01798203,1.53104e-05,0.03205575,6.568939e-06,0.02147875,1.465007e-05,0.02981834,7.167581e-06,0.03121186
12200,1.469665e-05,0.01540753,3.344045e-05,0.03625885,2.896463e-05,0.03484647,2.274105e-05,0.01648607,2.022623e-05,0.0293285,5.732696e-05,0.03753671,3.812154e-05,0.03320632,3.769658e-05,0.03012754,3.964389e-05,0.03527129,1.983841e-05,0.02198301,1.104038e-05,0.03194898,1.388126e-05,0.03444777,9.245936e-06,0.03152508,1.299933e-05,0.04811556,2.434974e-05,0.07311042,6.588439e-06,0.02223428,9.852641e-06,0.04146064,6.78924e-06,0.02983309,1.597762e-05,0.03455946,7.160657e-06,0.0436543,9.854323e-06,0.02962867,1.583161e-05,0.0249917,8.522034e-06,0.03167977,1.351423e-05,0.0259544,2.093374e-05,0.03371602,5.231446e-06,0.01806145,1.412778e-05,0.02970657,6.181721e-06,0.0209667,1.363596e-05,0.02882897,6.714282e-06,0.03280557
12300,1.364018e-05,0.01623639,3.17474e-05,0.03769741,2.755661e-05,0.03472075,2.159628e-05,0.01641537,1.928058e-05,0.02932377,5.402194e-05,0.03847453,3.365413e-05,0.02937462,3.552203e-05,0.02930135,3.731615e-05,0.03904929,1.836379e-05,0.0209014,1.033964e-05,0.03404865,1.312179e-05,0.03421211,8.80303e-06,0.03116646,1.216671e-05,0.04569124,2.306547e-05,0.07226858,6.211615e-06,0.02066042,9.388595e-06,0.04217871,6.357253e-06,0.02955263,1.49322e-05,0.03543113,6.640721e-06,0.04275451,9.392884e-06,0.02988229,1.500537e-05,0.02496136,7.995303e-06,0.0322425,1.280356e-05,0.02493389,1.988166e-05,0.03414844,4.929993e-06,0.01893433,1.294541e-05,0.03097619,5.77868e-06,0.01993844,1.280327e-05,0.03003363,6.27366e-06,0.03071207
12400,1.287472e-05,0.01655377,2.981928e-05,0.03924251,2.612635e-05,0.03294682,2.06441e-05,0.01710079,1.845913e-05,0.03108736,5.154916e-05,0.03737286,3.068503e-05,0.03151749,3.33142e-05,0.02747415,3.529619e-05,0.03511395,1.720071e-05,0.0210555,9.740941e-06,0.03167362,1.243686e-05,0.03286641,8.360441e-06,0.03218837,1.154102e-05,0.04442717,2.20175e-05,0.07201485,5.885866e-06,0.0202747,8.860029e-06,0.04168814,5.922293e-06,0.03109694,1.413313e-05,0.03190231,6.23069e-06,0.03937006,8.943446e-06,0.03007196,1.416424e-05,0.02403648,7.479963e-06,0.03001218,1.190483e-05,0.02496007,1.898711e-05,0.03533624,4.681707e-06,0.01782375,1.210961e-05,0.02981433,5.427712e-06,0.01940354,1.205601e-05,0.02765357,5.869397e-06,0.03072073
12500,1.220055e-05,0.01672396,2.851381e-05,0.03633014,2.489301e-05,0.03250954,1.967889e-05,0.01646439,1.758085e-05,0.0312889,4.937227e-05,0.03639013,2.796225e-05,0.02992624,3.147691e-05,0.02977339,3.330055e-05,0.0343616,1.574166e-05,0.02046741,9.234203e-06,0.0331765,1.182799e-05,0.03500891,8.033815e-06,0.03261836,1.097033e-05,0.0461132,2.088447e-05,0.07334514,5.561915e-06,0.02061239,8.336888e-06,0.03916014,5.538141e-06,0.03086948,1.341239e-05,0.03345514,5.923904e-06,0.04008505,8.510508e-06,0.0303585,1.352999e-05,0.02384651,6.98949e-06,0.03075262,1.114764e-05,0.02305606,1.799819e-05,0.03453872,4.402621e-06,0.01668924,1.130875e-05,0.02902825,5.117254e-06,0.02014676,1.119601e-05,0.02721659,5.512943e-06,0.03021239
12600,1.143205e-05,0.01495694,2.727074e-05,0.03782372,2.398592e-05,0.03388802,1.845742e-05,0.01440195,1.686339e-05,0.02943271,4.711938e-05,0.03461178,2.553787e-05,0.02485163,3.004288e-05,0.02954639,3.148719e-05,0.03360936,1.455582e-05,0.01906393,8.638981e-06,0.03047808,1.134162e-05,0.03278095,7.712321e-06,0.02972738,1.053353e-05,0.04591197,1.982434e-05,0.06902909,5.337276e-06,0.02022198,7.890559e-06,0.04235316,5.212336e-06,0.02909187,1.268317e-05,0.0324441,5.654298e-06,0.0363422,8.015059e-06,0.02620474,1.279497e-05,0.02457084,6.604659e-06,0.03084153,1.053186e-05,0.0211045,1.71922e-05,0.03427723,4.100954e-06,0.016256,1.043942e-05,0.02887709,4.855498e-06,0.01943194,1.045676e-05,0.02609543,5.136587e-06,0.03140928
12700,1.067797e-05,0.01477597,2.594532e-05,0.03998737,2.271812e-05,0.03084645,1.768169e-05,0.01515887,1.595574e-05,0.02889086,4.492686e-05,0.03340355,2.324104e-05,0.02521867,2.855191e-05,0.02751462,2.970489e-05,0.03388163,1.366679e-05,0.01920854,8.065612e-06,0.02871492,1.071417e-05,0.03111348,7.427681e-06,0.0288353,1.020129e-05,0.04644447,1.891722e-05,0.06660566,5.113651e-06,0.01823744,7.392002e-06,0.04064468,4.93609e-06,0.02898459,1.201653e-05,0.03282499,5.302217e-06,0.03693334,7.621431e-06,0.02660321,1.232014e-05,0.02372538,6.217351e-06,0.02866024,9.937241e-06,0.02096544,1.649023e-05,0.0325906,3.817466e-06,0.01665811,9.618666e-06,0.02923265,4.550826e-06,0.01843456,9.740634e-06,0.02559355,4.759129e-06,0.03147075
12800,9.97452e-06,0.0158071,2.47214e-05,0.03659186,2.150988e-05,0.03495708,1.688964e-05,0.01476604,1.523855e-05,0.0294495,4.227414e-05,0.0337874,2.176842e-05,0.02366314,2.734361e-05,0.02775382,2.820908e-05,0.03462861,1.2713e-05,0.01940791,7.676237e-06,0.02995828,1.024451e-05,0.03120115,7.064076e-06,0.02924339,9.873827e-06,0.04490356,1.789965e-05,0.07325708,4.899733e-06,0.01921909,6.992303e-06,0.03764,4.693558e-06,0.02924369,1.149877e-05,0.03158001,4.930296e-06,0.03677132,7.195432e-06,0.02761634,1.167094e-05,0.02173924,5.869364e-06,0.03185852,9.395619e-06,0.02029947,1.569652e-05,0.03153022,3.571288e-06,0.01585369,9.022258e-06,0.02787885,4.283516e-06,0.01941734,9.156895e-06,0.02551804,4.449042e-06,0.03065181
12900,9.269163e-06,0.01432889,2.383818e-05,0.03678843,2.031565e-05,0.02929432,1.584619e-05,0.01522287,1.45714e-05,0.02804956,4.038142e-05,0.03507394,2.032119e-05,0.02613442,2.627901e-05,0.02793559,2.681027e-05,0.03557682,1.169756e-05,0.01784811,7.288652e-06,0.029401,9.740293e-06,0.03068109,6.754681e-06,0.02831769,9.631778e-06,0.04500138,1.712201e-05,0.06771699,4.676941e-06,0.01824478,6.585483e-06,0.03918617,4.449323e-06,0.02857604,1.10067e-05,0.03283684,4.575404e-06,0.03544241,6.802538e-06,0.02571183,1.113415e-05,0.02262582,5.542475e-06,0.02965619,8.989645e-06,0.02020994,1.510457e-05,0.03063388,3.407427e-06,0.01736254,8.34417e-06,0.03016989,4.064108e-06,0.01761608,8.564962e-06,0.02636901,4.134827e-06,0.03005542
13000,8.5233e-06,0.01512363,2.274989e-05,0.03599309,1.879845e-05,0.02965789,1.521302e-05,0.0150037,1.379424e-05,0.02796425,3.861172e-05,0.03199789,1.894504e-05,0.02283059,2.521458e-05,0.02600483,2.516805e-05,0.0338072,1.104176e-05,0.01904631,6.92606e-06,0.02903111,9.31917e-06,0.03034771,6.44368e-06,0.02889621,9.376959e-06,0.04407196,1.636833e-05,0.06638203,4.483566e-06,0.01859183,6.272231e-06,0.0366332,4.220813e-06,0.0296398,1.052642e-05,0.02765957,4.29181e-06,0.03733711,6.508573e-06,0.02569164,1.048403e-05,0.02228472,5.247515e-06,0.02821854,8.557359e-06,0.01905399,1.448829e-05,0.03317264,3.245465e-06,0.01653526,7.763862e-06,0.02814535,3.825387e-06,0.0190275,8.100733e-06,0.02517774,3.89152e-06,0.03172445
13100,8.0523e-06,0.0150394,2.183195e-05,0.03628568,1.765775e-05,0.02896869,1.469623e-05,0.01498377,1.312277e-05,0.0288556,3.727225e-05,0.03209385,1.735969e-05,0.02421183,2.434452e-05,0.02572623,2.388924e-05,0.03171102,1.043797e-05,0.0184403,6.571395e-06,0.02816707,8.885801e-06,0.03119423,6.20862e-06,0.02854981,9.083767e-06,0.0452546,1.570725e-05,0.06684281,4.310373e-06,0.01785952,5.925988e-06,0.03869948,4.026093e-06,0.02970082,1.012613e-05,0.03140577,3.988436e-06,0.03526145,6.253712e-06,0.02584226,9.96515e-06,0.02224931,4.977807e-06,0.02835284,8.174045e-06,0.01970794,1.389843e-05,0.03097917,3.125427e-06,0.01624802,7.309928e-06,0.02878017,3.577891e-06,0.01811654,7.66667e-06,0.0233129,3.64546e-06,0.03291741
13200,7.733187e-06,0.01513532,2.099489e-05,0.03522591,1.670735e-05,0.02847904,1.395015e-05,0.01507314,1.252139e-05,0.02904803,3.575776e-05,0.03175107,1.633145e-05,0.0232009,2.326938e-05,0.02562509,2.271846e-05,0.03047052,9.810179e-06,0.01830977,6.271098e-06,0.02833452,8.558662e-06,0.02870215,6.001359e-06,0.02850272,8.811388e-06,0.04214003,1.51276e-05,0.06623299,4.137517e-06,0.01746901,5.69023e-06,0.03915454,3.858013e-06,0.02880816,9.735007e-06,0.02963835,3.728223e-06,0.03608003,6.001353e-06,0.02483428,9.510045e-06,0.0231848,4.706295e-06,0.02881728,7.777607e-06,0.01929781,1.329146e-05,0.0317326,2.983513e-06,0.01590587,6.960996e-06,0.02760101,3.371782e-06,0.01892564,7.197524e-06,0.02329159,3.419856e-06,0.03375941
13300,7.459167e-06,0.0148024,2.004836e-05,0.03642402,1.572868e-05,0.02759299,1.328197e-05,0.01470078,1.160018e-05,0.02786832,3.45969e-05,0.03161149,1.534417e-05,0.02140302,2.205991e-05,0.02490786,2.158871e-05,0.0292915,9.159303e-06,0.01814808,6.014483e-06,0.02839124,8.18087e-06,0.0271844,5.81671e-06,0.02868243,8.439901e-06,0.04527432,1.43971e-05,0.06359541,3.971525e-06,0.01770968,5.412466e-06,0.03976192,3.708827e-06,0.02902677,9.265425e-06,0.02977308,3.472866e-06,0.03424442,5.755931e-06,0.0250032,9.095424e-06,0.02371552,4.484023e-06,0.02585268,7.350293e-06,0.01905671,1.272825e-05,0.0312596,2.879793e-06,0.01594302,6.668269e-06,0.0280018,3.209203e-06,0.01816808,6.891795e-06,0.02242267,3.266258e-06,0.03574023
13400,7.215659e-06,0.01434731,1.924353e-05,0.03494416,1.483784e-05,0.02692534,1.256639e-05,0.01452166,1.092667e-05,0.02968181,3.325205e-05,0.03166376,1.431852e-05,0.01919007,2.106519e-05,0.02354593,2.052265e-05,0.02885665,8.647276e-06,0.01705468,5.746178e-06,0.02932053,7.789036e-06,0.02949284,5.55548e-06,0.0292342,8.092293e-06,0.04434308,1.388852e-05,0.06817728,3.821677e-06,0.01677735,5.161974e-06,0.03816271,3.514088e-06,0.02860899,8.912773e-06,0.02921647,3.263419e-06,0.03419252,5.509576e-06,0.02390463,8.736351e-06,0.02115635,4.290744e-06,0.02761905,6.995512e-06,0.01888963,1.214604e-05,0.0325891,2.781043e-06,0.01525799,6.418712e-06,0.02653276,3.051341e-06,0.01725741,6.539513e-06,0.02301471,3.109818e-06,0.03499796
13500,6.864788e-06,0.01381038,1.838951e-05,0.03224687,1.38229e-05,0.02517731,1.216234e-05,0.01422796,1.049629e-05,0.02775042,3.229109e-05,0.03053145,1.354363e-05,0.02233239,2.038172e-05,0.02444692,1.962719e-05,0.02712485,8.093016e-06,0.01711593,5.534076e-06,0.02762187,7.510722e-06,0.02917525,5.267115e-06,0.02720855,7.82265e-06,0.04244064,1.346685e-05,0.06859636,3.670121e-06,0.01598352,4.926806e-06,0.03675168,3.354279e-06,0.02928846,8.563798e-06,0.02931756,3.097269e-06,0.0331744,5.264792e-06,0.02315418,8.350345e-06,0.02133584,4.123074e-06,0.02583108,6.678399e-06,0.0181701,1.167127e-05,0.03142101,2.66286e-06,0.01561128,6.021653e-06,0.02871205,2.88342e-06,0.01736831,6.165514e-06,0.02160078,2.963593e-06,0.03357725
13600,6.554216e-06,0.01286944,1.767914e-05,0.03039866,1.315021e-05,0.02644234,1.159808e-05,0.0132924,9.991999e-06,0.02706847,3.111274e-05,0.03152112,1.297649e-05,0.02053815,1.963955e-05,0.02302655,1.862277e-05,0.02746883,7.675452e-06,0.01669948,5.319545e-06,0.02889288,7.195827e-06,0.03006202,5.083974e-06,0.02678996,7.556428e-06,0.04154063,1.307283e-05,0.06626918,3.532288e-06,0.01739372,4.729279e-06,0.03939261,3.213174e-06,0.02688853,8.157371e-06,0.0314059,2.943805e-06,0.03279873,5.039062e-06,0.02152395,8.006562e-06,0.01821958,3.983013e-06,0.02703574,6.421879e-06,0.01749565,1.12566e-05,0.02988828,2.548533e-06,0.01552951,5.6539e-06,0.02697121,2.71859e-06,0.01763067,5.90464e-06,0.0221568,2.811041e-06,0.0339495
13700,6.245379e-06,0.01327374,1.7098e-05,0.03511973,1.260814e-05,0.02629879,1.092889e-05,0.01372442,9.585629e-06,0.02696542,3.002326e-05,0.02903507,1.222255e-05,0.02001337,1.88848e-05,0.02451611,1.781476e-05,0.02499141,7.373473e-06,0.01644514,5.148235e-06,0.02730202,6.922862e-06,0.02909651,4.884329e-06,0.02946842,7.299317e-06,0.0446129,1.25462e-05,0.06517058,3.369727e-06,0.01566236,4.523431e-06,0.03617508,3.103605e-06,0.02916211,7.82941e-06,0.03153474,2.819774e-06,0.03240563,4.832473e-06,0.02175217,7.690489e-06,0.02049078,3.859318e-06,0.02671955,6.177448e-06,0.01723266,1.086308e-05,0.03067954,2.426799e-06,0.01492464,5.430491e-06,0.02618006,2.576296e-06,0.01811925,5.616802e-06,0.02115884,2.664174e-06,0.03196572
13800,5.965046e-06,0.01289638,1.654718e-05,0.03292217,1.201085e-05,0.02676549,1.0406e-05,0.01382176,9.248341e-06,0.02721039,2.887962e-05,0.03058945,1.157932e-05,0.0185352,1.817182e-05,0.0238299,1.703005e-05,0.02504242,6.987663e-06,0.01668563,4.973409e-06,0.02806763,6.647893e-06,0.02960553,4.687281e-06,0.02763018,7.043045e-06,0.04143403,1.210069e-05,0.06541583,3.219409e-06,0.0162503,4.312245e-06,0.03627678,2.996598e-06,0.02809247,7.486357e-06,0.02866494,2.684245e-06,0.03194695,4.667915e-06,0.02261868,7.399178e-06,0.01850645,3.717088e-06,0.02810541,5.874251e-06,0.01739217,1.043562e-05,0.03175269,2.311839e-06,0.01546251,5.154127e-06,0.02597095,2.41998e-06,0.01966277,5.337505e-06,0.02213535,2.539026e-06,0.03283582
13900,5.781462e-06,0.01154015,1.591455e-05,0.03178343,1.144576e-05,0.02542339,1.008863e-05,0.01362795,8.878812e-06,0.02760744,2.776091e-05,0.02869071,1.09024e-05,0.01746765,1.728198e-05,0.02403156,1.622597e-05,0.02428275,6.666122e-06,0.01663742,4.781436e-06,0.02789725,6.394632e-06,0.02900819,4.553918e-06,0.02591749,6.798873e-06,0.04186076,1.161975e-05,0.06274097,3.082999e-06,0.01488296,4.130919e-06,0.0350356,2.882113e-06,0.02574337,7.242582e-06,0.03009071,2.55181e-06,0.03044926,4.469925e-06,0.02109505,7.056187e-06,0.01850185,3.592549e-06,0.02600368,5.609666e-06,0.01739762,9.999413e-06,0.03033854,2.201444e-06,0.01496376,4.893839e-06,0.02621864,2.302346e-06,0.01884151,5.089169e-06,0.0204308,2.43087e-06,0.03209683
14000,5.609065e-06,0.01263863,1.526943e-05,0.03025811,1.100734e-05,0.02556107,9.725567e-06,0.01284102,8.404033e-06,0.02613551,2.676291e-05,0.02758472,1.034709e-05,0.0170219,1.642998e-05,0.02273467,1.565269e-05,0.02394778,6.416947e-06,0.01592597,4.616288e-06,0.02740043,6.120899e-06,0.027876,4.395168e-06,0.02845535,6.571127e-06,0.04302879,1.113012e-05,0.05785523,2.982361e-06,0.01585554,3.978953e-06,0.03672623,2.770671e-06,0.02737477,7.058434e-06,0.03207704,2.434804e-06,0.03043854,4.276359e-06,0.02144174,6.741326e-06,0.01840335,3.486125e-06,0.02617007,5.341763e-06,0.01655344,9.558455e-06,0.03058667,2.088855e-06,0.01440122,4.697819e-06,0.02640736,2.209746e-06,0.01803986,4.885495e-06,0.02110058,2.310476e-06,0.03206966
14100,5.430886e-06,0.01236599,1.473981e-05,0.02932067,1.057246e-05,0.02602034,9.457381e-06,0.01377682,8.03888e-06,0.02707102,2.588677e-05,0.02672277,9.806336e-06,0.01864655,1.57767e-05,0.0247707,1.51992e-05,0.02569147,6.200753e-06,0.0166263,4.478718e-06,0.02541981,5.876773e-06,0.02847344,4.220598e-06,0.02665436,6.376988e-06,0.04221585,1.071237e-05,0.05911209,2.887012e-06,0.01542433,3.820546e-06,0.03524328,2.659105e-06,0.02997012,6.813281e-06,0.02865854,2.33544e-06,0.03023466,4.104427e-06,0.02095985,6.436924e-06,0.01786155,3.374916e-06,0.02690643,5.165209e-06,0.01762082,9.225349e-06,0.03004782,2.00799e-06,0.01435504,4.475335e-06,0.02389716,2.113645e-06,0.01679531,4.716164e-06,0.02103608,2.190246e-06,0.03285599
14200,5.214798e-06,0.01232857,1.415335e-05,0.02903545,1.003566e-05,0.02485764,9.23368e-06,0.01354966,7.641122e-06,0.02481666,2.494532e-05,0.02740681,9.29422e-06,0.01934679,1.523964e-05,0.02520663,1.467807e-05,0.02389686,5.931242e-06,0.01599948,4.347784e-06,0.02524143,5.667834e-06,0.03073256,4.054364e-06,0.02594107,6.197763e-06,0.04404553,1.031217e-05,0.06390014,2.788138e-06,0.01491815,3.689181e-06,0.03413051,2.554366e-06,0.02773977,6.584967e-06,0.02997774,2.198379e-06,0.02967433,3.962001e-06,0.02041029,6.229468e-06,0.01816627,3.277762e-06,0.0256279,4.942282e-06,0.01672031,8.914029e-06,0.03016386,1.922125e-06,0.01430949,4.313543e-06,0.02459223,2.03908e-06,0.0182786,4.519287e-06,0.0209791,2.089545e-06,0.03169859
14300,5.032196e-06,0.01295769,1.361506e-05,0.03036081,9.544833e-06,0.02573279,8.964677e-06,0.01261435,7.30367e-06,0.02559462,2.408761e-05,0.02580447,8.880529e-06,0.01910151,1.467121e-05,0.02426938,1.412893e-05,0.02434282,5.715954e-06,0.01561046,4.195511e-06,0.02591716,5.483133e-06,0.02834234,3.898572e-06,0.02565379,6.045395e-06,0.03918371,9.906691e-06,0.05958455,2.693326e-06,0.01486171,3.578013e-06,0.03445634,,,6.36791e-06,0.02971845,2.080079e-06,0.03047539,3.797009e-06,0.0211379,6.03679e-06,0.01668057,3.173936e-06,0.02724224,4.742429e-06,0.0163397,8.600239e-06,0.02948678,1.856142e-06,0.01364251,4.121893e-06,0.02632021,1.952547e-06,0.01791029,4.321129e-06,0.02101242,2.008969e-06,0.03133361
14400,4.873377e-06,0.01285917,1.324015e-05,0.02745625,9.164687e-06,0.02642604,8.732411e-06,0.01216945,7.069166e-06,0.02436022,2.309261e-05,0.02548219,8.576376e-06,0.01834576,1.426417e-05,0.02347471,1.366784e-05,0.02399511,5.539638e-06,0.01608668,4.026472e-06,0.02572432,5.29111e-06,0.02930149,3.751185e-06,0.02483189,5.895081e-06,0.04339955,9.517574e-06,0.05831025,2.564915e-06,0.01407589,3.467946e-06,0.03588008,,,6.181358e-06,0.02890853,1.981187e-06,0.02904194,3.68016e-06,0.02147927,5.841041e-06,0.01808785,3.051843e-06,0.02728104,4.605266e-06,0.01614121,8.335864e-06,0.02988056,1.810136e-06,0.01365371,3.977555e-06,0.02639677,1.865625e-06,0.01782796,4.114038e-06,0.02096068,1.916128e-06,0.03204678
14500,4.740111e-06,0.01275038,1.28018e-05,0.0297928,8.780335e-06,0.02443936,8.438771e-06,0.01234369,6.777826e-06,0.02404549,2.212313e-05,0.02627078,8.272275e-06,0.01529777,1.371424e-05,0.02373089,1.307818e-05,0.02362354,5.328856e-06,0.01489009,3.861729e-06,0.02641433,5.061087e-06,0.03003295,3.638006e-06,0.02461597,5.741705e-06,0.03969942,9.259107e-06,0.0600041,2.459296e-06,0.01436636,3.366485e-06,0.03559142,,,6.032958e-06,0.02848726,1.896266e-06,0.029717,3.557332e-06,0.02039457,5.65377e-06,0.01813783,2.926301e-06,0.02536901,4.431304e-06,0.01619276,8.102234e-06,0.03007154,1.75173e-06,0.01423477,3.858137e-06,0.0252976,1.794145e-06,0.0195518,3.913386e-06,0.0207033,1.831351e-06,0.03017921
14600,4.61527e-06,0.01352786,1.241941e-05,0.03067167,8.387941e-06,0.02393898,8.179524e-06,0.01151455,6.490946e-06,0.02396708,2.123023e-05,0.02689266,7.94917e-06,0.01579623,1.328689e-05,0.02288695,1.248769e-05,0.0242543,5.164348e-06,0.01589499,3.71991e-06,0.02454184,4.883289e-06,0.0279689,3.506325e-06,0.02310321,5.583933e-06,0.04022301,9.02942e-06,0.06139828,2.366923e-06,0.01501433,3.267872e-06,0.03576305,,,5.808104e-06,0.02522087,1.828743e-06,0.02944113,3.467047e-06,0.02251441,5.484379e-06,0.01785409,2.832031e-06,0.02446222,4.27253e-06,0.01569876,7.85955e-06,0.02898436,1.67722e-06,0.01423305,3.73684e-06,0.02611341,1.723569e-06,0.01776172,3.720026e-06,0.02154676,1.756335e-06,0.02963965
14700,4.473194e-06,0.01193803,1.206525e-05,0.03097235,8.043578e-06,0.0240862,7.882517e-06,0.01180026,6.204941e-06,0.02498708,2.05483e-05,0.02544378,7.510616e-06,0.01637664,1.290928e-05,0.02448758,1.20596e-05,0.02393863,4.999707e-06,0.01392846,3.588106e-06,0.02465871,4.672848e-06,0.02902015,3.373823e-06,0.02536513,5.447568e-06,0.03697039,8.807909e-06,0.0632702,2.283399e-06,0.01364554,3.16364e-06,0.03259823,,,5.543689e-06,0.03048974,1.769789e-06,0.03006263,3.362622e-06,0.02099427,5.302249e-06,0.01731649,2.731373e-06,0.0240487,4.141508e-06,0.01563857,7.633026e-06,0.02955816,1.625334e-06,0.01402346,3.618324e-06,0.02539094,1.660656e-06,0.01870163,3.537313e-06,0.02040501,1.683046e-06,0.02844841
14800,4.33626e-06,0.01138701,1.17005e-05,0.02825829,7.751803e-06,0.02227009,7.411038e-06,0.01213465,5.956885e-06,0.02253732,1.981257e-05,0.02505382,7.171989e-06,0.01540848,1.264455e-05,0.02417381,1.158193e-05,0.02292401,4.853482e-06,0.01519464,3.477481e-06,0.02473894,4.47702e-06,0.02868544,3.264236e-06,0.02482042,5.307077e-06,0.03927752,8.536112e-06,0.06120424,2.212599e-06,0.01462985,3.061002e-06,0.03451053,,,5.377974e-06,0.02805298,1.711676e-06,0.02906169,3.259035e-06,0.02009569,5.165682e-06,0.01677307,2.625605e-06,0.0241371,3.999674e-06,0.0161412,7.360285e-06,0.03011387,1.56126e-06,0.01368139,3.527165e-06,0.02439501,1.602051e-06,0.01980108,3.408411e-06,0.02098962,1.619257e-06,0.02971023
14900,4.23146e-06,0.01140019,1.133581e-05,0.03040992,7.503415e-06,0.02241485,7.134221e-06,0.01178898,5.756659e-06,0.0240778,1.925034e-05,0.02431111,6.870291e-06,0.01454432,1.24084e-05,0.02343363,1.123687e-05,0.02225999,4.739818e-06,0.01462488,3.371037e-06,0.02368788,4.296764e-06,0.02703633,3.164918e-06,0.02461336,5.20255e-06,0.03841019,8.270512e-06,0.06023215,2.137831e-06,0.01388938,2.959604e-06,0.03623984,,,5.209248e-06,0.02845092,1.658868e-06,0.0298732,3.166273e-06,0.02046875,4.950987e-06,0.0161418,2.538066e-06,0.02314659,3.898644e-06,0.01630926,7.100023e-06,0.02998809,1.507822e-06,0.01358627,3.431525e-06,0.02448863,1.534251e-06,0.01945432,3.260286e-06,0.02070622,1.556508e-06,0.02851632
15000,4.113117e-06,0.01183972,1.097738e-05,0.02913781,7.254137e-06,0.02188694,6.821494e-06,0.01105087,5.563414e-06,0.02434339,1.859399e-05,0.02424306,6.564916e-06,0.01292977,1.205577e-05,0.02275642,1.082791e-05,0.02264586,4.616635e-06,0.01451781,3.234481e-06,0.02582308,4.139843e-06,0.02679176,3.057239e-06,0.02413316,5.109641e-06,0.03700349,8.025875e-06,0.05808675,2.073126e-06,0.01359283,2.874592e-06,0.03387696,,,5.052342e-06,0.02650696,1.609384e-06,0.02851463,3.060427e-06,0.0214601,4.758063e-06,0.01607424,2.453454e-06,0.02345116,3.805925e-06,0.0152684,6.874083e-06,0.02859637,1.460672e-06,0.01423108,3.336577e-06,0.02571151,1.470606e-06,0.01787799,3.101809e-06,0.02052511,1.488541e-06,0.02945582
15100,4.015846e-06,0.01129005,1.066682e-05,0.03048262,6.990879e-06,0.02334556,6.561331e-06,0.01073034,5.402015e-06,0.02383309,1.774984e-05,0.02301754,6.356806e-06,0.0142286,1.16979e-05,0.02440194,1.052509e-05,0.0218877,4.49909e-06,0.0140551,3.115089e-06,0.02450336,4.017259e-06,0.02785699,2.911429e-06,0.02429663,4.985498e-06,0.03811084,7.818328e-06,0.05997314,2.024613e-06,0.0141113,2.784498e-06,0.03378204,,,4.886951e-06,0.02582805,1.560423e-06,0.02691318,2.98177e-06,0.02027544,4.555055e-06,0.01686716,2.380478e-06,0.02476821,3.699136e-06,0.01499032,6.673964e-06,0.03025231,1.413776e-06,0.01432184,3.246444e-06,0.02491584,1.414031e-06,0.01719056,2.980595e-06,0.02065211,1.438437e-06,0.02803
15200,3.897555e-06,0.01154455,1.043087e-05,0.02875492,6.752203e-06,0.02132341,6.358314e-06,0.01105541,5.275796e-06,0.02518979,1.697371e-05,0.02421786,6.176538e-06,0.01326948,1.136164e-05,0.0233408,1.020183e-05,0.0220428,4.413183e-06,0.01511794,3.035788e-06,0.02412901,3.911468e-06,0.02651294,2.794752e-06,0.02331234,4.859384e-06,0.03536435,7.620137e-06,0.05943099,1.975001e-06,0.0135367,2.708186e-06,0.03386134,,,4.736968e-06,0.02565766,1.510451e-06,0.02782393,2.901873e-06,0.02043476,4.393674e-06,0.0155763,2.28346e-06,0.02237682,3.59441e-06,0.01603136,,,1.360945e-06,0.01422898,3.142397e-06,0.02321395,1.369479e-06,0.01682959,2.85788e-06,0.02031789,1.386889e-06,0.03029095
15300,3.726603e-06,0.01096196,1.02047e-05,0.02941276,6.548179e-06,0.02085793,6.15448e-06,0.01067181,5.138569e-06,0.02263092,1.638506e-05,0.02355842,6.024514e-06,0.01218319,1.103036e-05,0.02376556,9.808326e-06,0.0213935,4.333245e-06,0.01433942,2.956807e-06,0.02339334,3.800452e-06,0.02595303,2.695748e-06,0.0240167,4.732656e-06,0.03658502,7.417633e-06,0.05972778,1.91329e-06,0.0140394,,,,,4.578544e-06,0.02692704,1.466517e-06,0.02819565,2.802025e-06,0.01888961,4.249025e-06,0.0160157,2.195465e-06,0.02161221,3.478618e-06,0.01497253,,,1.318058e-06,0.0138885,3.048156e-06,0.02384951,1.328651e-06,0.01860234,2.744466e-06,0.02191709,1.327832e-06,0.02745554
15400,3.597808e-06,0.01028629,9.955708e-06,0.02935797,6.398024e-06,0.02229281,6.00697e-06,0.01118977,4.990396e-06,0.02296527,1.585666e-05,0.02379747,5.814757e-06,0.01238889,1.061819e-05,0.02390491,9.519652e-06,0.02126124,4.2244e-06,0.01462655,2.88895e-06,0.02418408,3.691782e-06,0.02657757,2.598649e-06,0.02569144,4.604721e-06,0.03711686,7.212e-06,0.06061837,1.868926e-06,0.01361356,,,,,4.422137e-06,0.02464626,1.42635e-06,0.02836883,2.691735e-06,0.01968618,4.122437e-06,0.01611107,2.119766e-06,0.02326578,3.405481e-06,0.01568752,,,1.275358e-06,0.01355655,2.94533e-06,0.02245593,,,2.666525e-06,0.01958539,1.294188e-06,0.02786031
15500,3.484107e-06,0.01115265,9.748123e-06,0.02753556,6.251205e-06,0.02177927,5.877878e-06,0.01071669,4.831546e-06,0.02334523,1.540962e-05,0.02415285,5.570015e-06,0.01587154,1.029215e-05,0.0237806,9.290337e-06,0.02191357,4.116976e-06,0.01413539,,,3.586924e-06,0.02608422,2.49401e-06,0.02439357,4.488152e-06,0.0378312,6.990972e-06,0.05706365,,,,,,,4.278324e-06,0.02645233,1.389502e-06,0.02733654,2.617248e-06,0.01979436,4.003825e-06,0.01557786,2.045926e-06,0.02293402,3.315377e-06,0.01562874,,,1.231402e-06,0.01419513,,,,,2.582902e-06,0.01999803,1.247926e-06,0.02770513
15600,3.338449e-06,0.01036597,9.453869e-06,0.02898977,6.055241e-06,0.02229421,5.741869e-06,0.0104823,4.68503e-06,0.02200726,1.49697e-05,0.02282581,5.355066e-06,0.01309009,1.003651e-05,0.02392308,9.130753e-06,0.02152692,4.016137e-06,0.0139021,,,3.48945e-06,0.0256855,2.41858e-06,0.02375174,4.389911e-06,0.03756827,6.821086e-06,0.05829,,,,,,,4.149902e-06,0.02484632,1.347098e-06,0.02783505,2.534961e-06,0.01938104,3.908051e-06,0.01644053,1.961605e-06,0.02285793,,,,,1.184719e-06,0.01374317,,,,,2.489581e-06,0.02173263,1.209578e-06,0.0264146
15700,3.232605e-06,0.009697141,9.268604e-06,0.02942682,5.84785e-06,0.02094831,5.61695e-06,0.01083511,4.534177e-06,0.02277278,1.440498e-05,0.02264401,5.16488e-06,0.011874,9.832016e-06,0.02420506,8.979307e-06,0.02139141,3.89567e-06,0.01368997,,,3.396427e-06,0.02484981,2.348487e-06,0.02382707,4.290694e-06,0.03565795,6.64361e-06,0.05896124,,,,,,,4.022913e-06,0.02560887,1.305315e-06,0.02844606,2.467938e-06,0.01995977,3.813133e-06,0.01588298,1.900478e-06,0.0217917,,,,,1.145611e-06,0.01354401,,,,,2.404048e-06,0.0216307,1.172014e-06,0.02639206
15800,3.048255e-06,0.00952809,9.042944e-06,0.02969163,5.676648e-06,0.02157344,5.491131e-06,0.01023233,4.429056e-06,0.02388773,1.39801e-05,0.0223183,,,9.623249e-06,0.02316003,8.804069e-06,0.02180671,3.783273e-06,0.01337368,,,3.276352e-06,0.02563535,2.285451e-06,0.02237205,4.182768e-06,0.03525823,6.458421e-06,0.05643246,,,,,,,3.893638e-06,0.0265042,1.276323e-06,0.02842907,2.401042e-06,0.01814865,,,,,,,,,1.093386e-06,0.01276364,,,,,2.320889e-06,0.01995522,1.141104e-06,0.02616911
15900,2.937813e-06,0.009638984,8.820347e-06,0.0277228,5.513616e-06,0.0207005,5.367685e-06,0.0100023,4.313207e-06,0.02233886,1.359085e-05,0.02339684,,,9.328805e-06,0.0239937,8.611914e-06,0.02021802,3.683724e-06,0.01383915,,,3.194052e-06,0.02624882,2.246635e-06,0.02388274,4.070835e-06,0.03689121,6.302416e-06,0.05656496,,,,,,,3.76521e-06,0.02335889,1.240571e-06,0.02815084,2.338546e-06,0.01990874,,,,,,,,,1.05837e-06,0.01318909,,,,,2.246398e-06,0.01988837,1.109004e-06,0.02656878
16000,2.792827e-06,0.009611025,8.633944e-06,0.02988134,5.388777e-06,0.01892672,5.234787e-06,0.0102166,4.21085e-06,0.02363425,1.314363e-05,0.02197392,,,9.073691e-06,0.02372679,8.397214e-06,0.02119891,3.590856e-06,0.01318368,,,3.119379e-06,0.02616237,,,3.976356e-06,0.03686379,6.154463e-06,0.05202007,,,,,,,3.636075e-06,0.02392812,1.205703e-06,0.02681592,2.256478e-06,0.01995059,,,,,,,,,1.022311e-06,0.01284082,,,,,2.18536e-06,0.02298039,1.0845e-06,0.02601078
16100,2.692461e-06,0.009378205,8.446976e-06,0.03045735,5.269175e-06,0.01990053,5.112953e-06,0.009631041,4.142621e-06,0.02297454,1.283789e-05,0.02291405,,,8.923987e-06,0.02247411,8.181722e-06,0.0185897,3.488936e-06,0.01338714,,,3.04852e-06,0.02633042,,,3.862581e-06,0.03544154,5.971394e-06,0.05753149,,,,,,,3.52347e-06,0.02556184,1.182658e-06,0.02643171,,,,,,,,,,,9.992266e-07,0.01323344,,,,,2.124687e-06,0.02023123,1.053356e-06,0.02734881
16200,2.590857e-06,0.008949875,8.279825e-06,0.02863953,5.158161e-06,0.01952834,4.987324e-06,0.009929485,4.082456e-06,0.02300067,1.247131e-05,0.0212829,,,,,7.998345e-06,0.01971436,3.422627e-06,0.01276096,,,2.961849e-06,0.02447526,,,3.73292e-06,0.03560736,,,,,,,,,3.423158e-06,0.02437624,,,,,,,,,,,,,9.689315e-07,0.01271091,,,,,2.056218e-06,0.02068898,1.019594e-06,0.02548102
16300,2.482009e-06,0.008398706,8.095938e-06,0.02894708,5.024441e-06,0.01966955,4.839354e-06,0.01024844,3.988062e-06,0.02288654,1.201869e-05,0.02048963,,,,,7.835435e-06,0.01900551,3.343308e-06,0.0133745,,,2.883661e-06,0.0239607,,,3.656107e-06,0.03336615,,,,,,,,,3.34371e-06,0.02405208,,,,,,,,,,,,,9.421238e-07,0.01277241,,,,,1.99313e-06,0.02004747,9.896244e-07,0.02586976
16400,2.402725e-06,0.008308725,7.89489e-06,0.02922537,4.879212e-06,0.01926178,4.726917e-06,0.009657676,3.884004e-06,0.02268239,1.161829e-05,0.01907817,,,,,7.641028e-06,0.01994869,3.286838e-06,0.01267155,,,2.811724e-06,0.02570049,,,3.587895e-06,0.03572201,,,,,,,,,3.222802e-06,0.0236306,,,,,,,,,,,,,9.22023e-07,0.01278341,,,,,1.946372e-06,0.01984336,9.595241e-07,0.02552648
16500,,,7.689086e-06,0.03001855,4.764212e-06,0.01907986,4.622402e-06,0.009862514,3.810055e-06,0.02120354,1.132012e-05,0.02015124,,,,,7.428001e-06,0.0192868,3.215288e-06,0.01311539,,,2.729865e-06,0.0241537,,,,,,,,,,,,,3.107126e-06,0.02373477,,,,,,,,,,,,,9.002735e-07,0.01260706,,,,,1.889969e-06,0.02080769,9.352511e-07,0.0254032
16600,,,7.496032e-06,0.02876453,4.659099e-06,0.01866282,4.519553e-06,0.009275619,3.715074e-06,0.0215217,,,,,,,7.247188e-06,0.01856393,3.134315e-06,0.01290394,,,2.63151e-06,0.02505643,,,,,,,,,,,,,2.980288e-06,0.02265927,,,,,,,,,,,,,8.757789e-07,0.01320685,,,,,1.833857e-06,0.02052637,,
16700,,,7.306681e-06,0.02834992,4.527808e-06,0.01873894,4.422683e-06,0.009596381,3.655538e-06,0.0201157,,,,,,,,,3.070299e-06,0.01253806,,,2.566075e-06,0.02408286,,,,,,,,,,,,,2.892781e-06,0.02137452,,,,,,,,,,,,,8.512109e-07,0.01314159,,,,,,,,
16800,,,7.143485e-06,0.02738906,4.43191e-06,0.01918243,4.313338e-06,0.009409773,,,,,,,,,,,2.992033e-06,0.01284247,,,2.498556e-06,0.02272559,,,,,,,,,,,,,2.809906e-06,0.02313625,,,,,,,,,,,,,8.315845e-07,0.01292351,,,,,,,,
16900,,,7.017105e-06,0.02800013,4.338771e-06,0.01873236,4.194918e-06,0.009447554,,,,,,,,,,,,,,,2.424908e-06,0.02297723,,,,,,,,,,,,,2.734737e-06,0.02280295,,,,,,,,,,,,,8.15111e-07,0.01213668,,,,,,,,
17000,,,6.877903e-06,0.02989153,4.25545e-06,0.01956999,4.106188e-06,0.00979897,,,,,,,,,,,,,,,2.365188e-06,0.02438625,,,,,,,,,,,,,2.63255e-06,0.0223472,,,,,,,,,,,,,8.011569e-07,0.01326038,,,,,,,,
17100,,,6.751206e-06,0.026778,4.179292e-06,0.01838763,4.022622e-06,0.009592902,,,,,,,,,,,,,,,2.3043e-06,0.02224945,,,,,,,,,,,,,2.542979e-06,0.02170602,,,,,,,,,,,,,,,,,,,,,,
17200,,,6.607391e-06,0.02555277,4.089008e-06,0.01923176,3.923797e-06,0.008731834,,,,,,,,,,,,,,,2.255034e-06,0.02239197,,,,,,,,,,,,,2.426616e-06,0.02034427,,,,,,,,,,,,,,,,,,,,,,
17300,,,6.474209e-06,0.02676686,4.025816e-06,0.01761983,3.844433e-06,0.009023411,,,,,,,,,,,,,,,2.205289e-06,0.02207146,,,,,,,,,,,,,2.340448e-06,0.02118292,,,,,,,,,,,,,,,,,,,,,,
17400,,,6.320277e-06,0.02600287,3.954264e-06,0.01736176,3.775764e-06,0.008852926,,,,,,,,,,,,,,,,,,,,,,,,,,,,,2.261101e-06,0.02206879,,,,,,,,,,,,,,,,,,,,,,
17500,,,6.180476e-06,0.0289049,3.893986e-06,0.01770601,3.714018e-06,0.008953641,,,,,,,,,,,,,,,,,,,,,,,,,,,,,2.204708e-06,0.02252508,,,,,,,,,,,,,,,,,,,,,,
17600,,,6.061312e-06,0.02699891,3.81207e-06,0.01760962,3.656033e-06,0.009373587,,,,,,,,,,,,,,,,,,,,,,,,,,,,,2.127876e-06,0.02159859,,,,,,,,,,,,,,,,,,,,,,
17700,,,5.939903e-06,0.02768857,3.750661e-06,0.01795316,,,,,,,,,,,,,,,,,,,,,,,,,,,,,,,2.068836e-06,0.02327029,,,,,,,,,,,,,,,,,,,,,,
17800,,,5.839043e-06,0.02773608,3.679866e-06,0.01698973,,,,,,,,,,,,,,,,,,,,,,,,,,,,,,,2.017855e-06,0.0222287,,,,,,,,,,,,,,,,,,,,,,
17900,,,,,3.607471e-06,0.01753446,,,,,,,,,,,,,,,,,,,,,,,,,,,,,,,,,,,,,,,,,,,,,,,,,,,,,,
18000,,,,,3.519875e-06,0.01825146,,,,,,,,,,,,,,,,,,,,,,,,,,,,,,,,,,,,,,,,,,,,,,,,,,,,,,
18100,,,,,3.457475e-06,0.01694579,,,,,,,,,,,,,,,,,,,,,,,,,,,,,,,,,,,,,,,,,,,,,,,,,,,,,,
18200,,,,,3.395751e-06,0.01700922,,,,,,,,,,,,,,,,,,,,,,,,,,,,,,,,,,,,,,,,,,,,,,,,,,,,,,
18300,,,,,3.332808e-06,0.0169307,,,,,,,,,,,,,,,,,,,,,,,,,,,,,,,,,,,,,,,,,,,,,,,,,,,,,,
18400,,,,,3.263318e-06,0.01707673,,,,,,,,,,,,,,,,,,,,,,,,,,,,,,,,,,,,,,,,,,,,,,,,,,,,,,
18500,,,,,3.205972e-06,0.01667442,,,,,,,,,,,,,,,,,,,,,,,,,,,,,,,,,,,,,,,,,,,,,,,,,,,,,,
