iteration,DV__seed2__loss,DV__seed2__rel_l2_error,DV__seed3__loss,DV__seed3__rel_l2_error,DV__seed20__loss,DV__seed20__rel_l2_error,DV__seed42__loss,DV__seed42__rel_l2_error,DV__seed88__loss,DV__seed88__rel_l2_error,DV__seed123__loss,DV__seed123__rel_l2_error,DV__seed456__loss,DV__seed456__rel_l2_error,DV__seed487__loss,DV__seed487__rel_l2_error,DV__seed578__loss,DV__seed578__rel_l2_error,DV__seed965__loss,DV__seed965__rel_l2_error,PINN__seed2__loss,PINN__seed2__rel_l2_error,PINN__seed3__loss,PINN__seed3__rel_l2_error,PINN__seed20__loss,PINN__seed20__rel_l2_error,PINN__seed42__loss,PINN__seed42__rel_l2_error,PINN__seed88__loss,PINN__seed88__rel_l2_error,PINN__seed123__loss,PINN__seed123__rel_l2_error,PINN__seed456__loss,PINN__seed456__rel_l2_error,PINN__seed487__loss,PINN__seed487__rel_l2_error,PINN__seed578__loss,PINN__seed578__rel_l2_error,PINN__seed965__loss,PINN__seed965__rel_l2_error,pinn-rar-s__seed2__loss,pinn-rar-s__seed2__rel_l2_error,pinn-rar-s__seed3__loss,pinn-rar-s__seed3__rel_l2_error,pinn-rar-s__seed20__loss,pinn-rar-s__seed20__rel_l2_error,pinn-rar-s__seed42__loss,pinn-rar-s__seed42__rel_l2_error,pinn-rar-s__seed88__loss,pinn-rar-s__seed88__rel_l2_error,pinn-rar-s__seed123__loss,pinn-rar-s__seed123__rel_l2_error,pinn-rar-s__seed456__loss,pinn-rar-s__seed456__rel_l2_error,pinn-rar-s__seed487__loss,pinn-rar-s__seed487__rel_l2_error,pinn-rar-s__seed578__loss,pinn-rar-s__seed578__rel_l2_error,pinn-rar-s__seed965__loss,pinn-rar-s__seed965__rel_l2_error
0,2.4e-05,1.0,7.9e-05,1.0,0.00062,1.1,0.00045,0.99,0.00036,1.0,0.0016,1.0,0.0012,1.0,9.7e-06,1.0,4.8e-05,1.2,2.5e-05,0.99,0.0044,0.81,0.0006,0.88,0.17,0.95,0.21,1.5,0.026,1.0,0.099,1.2,0.0055,1.1,0.022,0.89,0.04,0.85,0.29,1.3,0.0044,0.81,0.0006,0.88,0.17,0.95,0.21,1.5,0.026,1.0,0.099,1.2,0.0055,1.1,0.022,0.89,0.04,0.85,0.29,1.3
100,0.04,0.39,0.053,0.2,0.013,0.77,0.021,0.52,0.015,0.86,0.067,0.38,0.0098,0.64,0.066,0.52,0.026,0.52,0.075,0.17,0.0082,0.27,0.012,0.29,0.017,0.28,0.012,0.58,0.038,0.26,0.04,0.4,0.036,0.13,0.039,0.41,0.0046,0.12,0.023,0.58,0.0082,0.27,0.012,0.29,0.017,0.28,0.012,0.58,0.038,0.26,0.04,0.4,0.036,0.13,0.039,0.41,0.0046,0.12,0.023,0.58
200,0.011,0.073,0.011,0.062,0.011,0.066,0.021,0.073,0.012,0.12,0.016,0.077,0.011,0.093,0.01,0.16,0.014,0.092,0.021,0.075,0.00093,0.076,0.0045,0.15,0.0048,0.067,0.012,0.076,0.0098,0.14,0.0053,0.11,0.0071,0.067,0.0023,0.078,0.0021,0.054,0.011,0.14,0.00093,0.076,0.0045,0.15,0.0048,0.067,0.012,0.076,0.0098,0.14,0.0053,0.11,0.0071,0.067,0.0023,0.078,0.0021,0.054,0.011,0.14
300,0.0045,0.028,0.0057,0.029,0.0028,0.026,0.0053,0.047,0.0021,0.067,0.0052,0.027,0.005,0.051,0.0049,0.051,0.0061,0.032,0.0052,0.048,0.00075,0.067,0.0022,0.053,0.0025,0.061,0.002,0.045,0.0047,0.075,0.0028,0.035,0.0062,0.048,0.0013,0.066,0.0015,0.034,0.0023,0.052,0.00075,0.067,0.0022,0.053,0.0025,0.061,0.002,0.045,0.0047,0.075,0.0028,0.035,0.0062,0.048,0.0013,0.066,0.0015,0.034,0.0023,0.052
400,0.0012,0.017,0.0016,0.02,0.0011,0.018,0.0021,0.032,0.00069,0.035,0.0022,0.018,0.0021,0.025,0.0029,0.022,0.002,0.031,0.0037,0.027,0.00072,0.033,0.001,0.061,0.00082,0.037,0.0013,0.059,0.0036,0.067,0.0017,0.051,0.0032,0.06,0.0012,0.027,0.0014,0.033,0.0016,0.045,0.00072,0.033,0.001,0.061,0.00082,0.037,0.0013,0.059,0.0036,0.067,0.0017,0.051,0.0032,0.06,0.0012,0.027,0.0014,0.033,0.0016,0.045
500,0.00052,0.012,0.0015,0.018,0.001,0.015,0.0016,0.02,0.00079,0.024,0.0014,0.016,0.0012,0.019,0.0021,0.017,0.0014,0.018,0.0018,0.018,0.00076,0.033,0.00091,0.055,0.00078,0.043,0.0009,0.03,0.002,0.057,0.0011,0.051,0.0033,0.037,0.00072,0.057,0.00083,0.032,0.00059,0.055,0.00076,0.033,0.00091,0.055,0.00078,0.043,0.0009,0.03,0.002,0.057,0.0011,0.051,0.0033,0.037,0.00072,0.057,0.00083,0.032,0.00059,0.055
600,0.00052,0.011,0.00091,0.012,0.00042,0.018,0.0011,0.028,0.00059,0.019,0.00056,0.016,0.0008,0.017,0.00084,0.023,0.00058,0.015,0.0013,0.017,0.00046,0.034,0.00081,0.045,0.0006,0.042,0.00087,0.041,0.0014,0.051,0.00048,0.024,0.0026,0.026,0.00052,0.032,0.00055,0.026,0.00091,0.036,0.00046,0.034,0.00081,0.045,0.0006,0.042,0.00087,0.041,0.0014,0.051,0.00048,0.024,0.0026,0.026,0.00052,0.032,0.00055,0.026,0.00091,0.036
700,0.00056,0.016,0.0012,0.014,0.00038,0.013,0.0013,0.023,0.00061,0.024,0.00039,0.02,0.0006,0.015,0.00046,0.013,0.00069,0.013,0.0011,0.015,0.0004,0.042,0.00099,0.04,0.00063,0.026,0.0011,0.022,0.0024,0.035,0.0005,0.05,0.0018,0.038,0.00052,0.023,0.00041,0.021,0.00056,0.035,0.0004,0.042,0.00099,0.04,0.00063,0.026,0.0011,0.022,0.0024,0.035,0.0005,0.05,0.0018,0.038,0.00052,0.023,0.00041,0.021,0.00056,0.035
800,0.00064,0.0085,0.00084,0.011,0.00022,0.014,0.00081,0.025,0.00022,0.013,0.00027,0.014,0.00054,0.016,0.00062,0.013,0.00045,0.013,0.00066,0.012,0.0004,0.031,0.00037,0.035,0.00045,0.022,0.0006,0.085,0.0019,0.03,0.00077,0.035,0.0016,0.043,0.00041,0.025,0.00048,0.019,0.00065,0.039,0.0004,0.031,0.00037,0.035,0.00045,0.022,0.0006,0.085,0.0019,0.03,0.00077,0.035,0.0016,0.043,0.00041,0.025,0.00048,0.019,0.00065,0.039
900,0.00038,0.0091,0.0004,0.012,0.00021,0.011,0.00042,0.016,0.0005,0.02,0.00039,0.016,0.0004,0.012,0.00044,0.0098,0.00038,0.011,0.00069,0.011,0.00035,0.031,0.0005,0.044,0.00045,0.027,0.00055,0.023,0.0014,0.056,0.00056,0.044,0.001,0.037,0.00048,0.021,0.00031,0.023,0.00033,0.072,0.00035,0.031,0.0005,0.044,0.00045,0.027,0.00055,0.023,0.0014,0.056,0.00056,0.044,0.001,0.037,0.00048,0.021,0.00031,0.023,0.00033,0.072
1000,0.00047,0.0095,0.00091,0.013,0.00011,0.0098,0.0006,0.021,0.00029,0.011,0.0003,0.015,0.00052,0.01,0.00035,0.0088,0.00038,0.015,0.00065,0.013,0.00065,0.043,0.00053,0.022,0.00036,0.039,0.00061,0.08,0.0017,0.024,0.00074,0.02,0.00064,0.058,0.00065,0.06,0.00028,0.016,0.00036,0.038,0.00065,0.043,0.00053,0.022,0.00036,0.039,0.00061,0.08,0.0017,0.024,0.00074,0.02,0.00064,0.058,0.00065,0.06,0.00028,0.016,0.00036,0.038
1100,0.00029,0.0075,0.00046,0.008,0.00014,0.0089,0.00046,0.013,0.00019,0.011,0.00035,0.015,0.00026,0.013,0.00026,0.013,0.00023,0.0081,0.00045,0.01,0.00055,0.042,0.00042,0.045,0.00021,0.019,0.00052,0.022,0.0013,0.032,0.00044,0.023,0.0006,0.017,0.00072,0.12,0.00021,0.021,0.00032,0.035,0.00055,0.042,0.00042,0.045,0.00021,0.019,0.00052,0.022,0.0013,0.032,0.00044,0.023,0.0006,0.017,0.00072,0.12,0.00021,0.021,0.00032,0.035
1200,0.00026,0.011,0.00043,0.0078,0.00014,0.0096,0.00064,0.015,0.00019,0.013,0.0003,0.018,0.00033,0.014,0.00036,0.011,0.00019,0.013,0.00039,0.01,0.00044,0.044,0.00072,0.027,0.00022,0.017,0.00073,0.047,0.0015,0.035,0.0003,0.018,0.00067,0.036,0.00063,0.052,0.00024,0.028,0.00032,0.029,0.00044,0.044,0.00072,0.027,0.00022,0.017,0.00073,0.047,0.0015,0.035,0.0003,0.018,0.00067,0.036,0.00063,0.052,0.00024,0.028,0.00032,0.029
1300,0.00025,0.0099,0.00035,0.0082,0.00015,0.0085,0.00052,0.015,0.00016,0.013,0.00025,0.012,0.00027,0.014,0.00031,0.0087,0.00014,0.0096,0.00047,0.0077,0.00051,0.017,0.00038,0.025,0.00029,0.015,0.00058,0.019,0.00091,0.022,0.00054,0.016,0.00041,0.018,0.00042,0.02,0.00014,0.015,0.0005,0.047,0.00051,0.017,0.00038,0.025,0.00029,0.015,0.00058,0.019,0.00091,0.022,0.00054,0.016,0.00041,0.018,0.00042,0.02,0.00014,0.015,0.0005,0.047
1400,0.00031,0.0085,0.00041,0.0079,0.0002,0.0084,0.00042,0.013,0.00024,0.011,0.00036,0.012,0.00025,0.013,0.00032,0.009,0.00017,0.0073,0.00028,0.0081,0.00076,0.024,0.00041,0.021,0.00019,0.031,0.0006,0.032,0.00066,0.03,0.00044,0.032,0.00042,0.037,0.00026,0.014,0.0001,0.013,0.00022,0.019,0.00076,0.024,0.00041,0.021,0.00019,0.031,0.0006,0.032,0.00066,0.03,0.00044,0.032,0.00042,0.037,0.00026,0.014,0.0001,0.013,0.00022,0.019
1500,0.00018,0.0075,0.00028,0.006,0.00019,0.012,0.00035,0.017,0.00024,0.0089,0.00012,0.013,0.00033,0.015,0.00025,0.0084,0.00026,0.009,0.00038,0.0082,0.0004,0.018,0.00033,0.017,0.00022,0.013,0.00051,0.026,0.00078,0.071,0.00032,0.032,0.00043,0.034,0.00039,0.047,0.00011,0.016,0.00044,0.017,0.0004,0.018,0.00033,0.017,0.00022,0.013,0.00051,0.026,0.00078,0.071,0.00032,0.032,0.00043,0.034,0.00039,0.047,0.00011,0.016,0.00044,0.017
1600,0.00027,0.012,0.00031,0.0076,7.6e-05,0.0088,0.0003,0.014,0.0001,0.0068,0.00021,0.017,0.00027,0.011,0.0002,0.0087,0.00019,0.0055,0.00028,0.015,0.00055,0.035,0.00037,0.041,0.00017,0.015,0.00048,0.017,0.001,0.13,0.00056,0.031,0.0006,0.023,0.00048,0.031,0.00014,0.023,0.0004,0.035,0.00055,0.035,0.00037,0.041,0.00017,0.015,0.00048,0.017,0.001,0.13,0.00056,0.031,0.0006,0.023,0.00048,0.031,0.00014,0.023,0.0004,0.035
1700,0.00019,0.0064,0.00042,0.0058,0.00015,0.0072,0.00041,0.022,7.6e-05,0.0067,0.00014,0.015,0.00017,0.011,0.00016,0.0092,0.00015,0.0063,0.00036,0.0075,0.00047,0.015,0.0006,0.021,0.0002,0.013,0.00075,0.018,0.00051,0.05,0.00028,0.014,0.00025,0.014,0.00019,0.029,0.00014,0.012,0.00038,0.02,0.00047,0.015,0.0006,0.021,0.0002,0.013,0.00075,0.018,0.00051,0.05,0.00028,0.014,0.00025,0.014,0.00019,0.029,0.00014,0.012,0.00038,0.02
1800,0.00019,0.0054,0.00017,0.0075,0.00017,0.0081,0.00031,0.01,0.00012,0.0063,0.00016,0.0078,0.00024,0.012,0.00019,0.01,0.00011,0.0054,0.00024,0.0095,0.00043,0.014,0.00039,0.015,0.00022,0.0091,0.00037,0.035,0.0013,0.072,0.00032,0.017,0.00051,0.014,0.00033,0.014,9.8e-05,0.016,0.00025,0.02,0.00043,0.014,0.00039,0.015,0.00022,0.0091,0.00037,0.035,0.0013,0.072,0.00032,0.017,0.00051,0.014,0.00033,0.014,9.8e-05,0.016,0.00025,0.02
1900,0.00011,0.0058,9e-05,0.0052,8.2e-05,0.014,0.00055,0.018,7.3e-05,0.011,0.00014,0.0076,0.0003,0.009,0.00026,0.0063,6.5e-05,0.0075,0.00015,0.006,0.00038,0.011,0.00029,0.026,0.00012,0.01,0.00074,0.084,0.0004,0.055,0.00025,0.012,0.00054,0.012,0.00052,0.038,5.9e-05,0.011,0.00023,0.022,0.00038,0.011,0.00029,0.026,0.00012,0.01,0.00074,0.084,0.0004,0.055,0.00025,0.012,0.00054,0.012,0.00052,0.038,5.9e-05,0.011,0.00023,0.022
2000,0.0001,0.0071,0.00019,0.0056,0.00012,0.0065,0.00026,0.0079,0.00021,0.0068,0.0002,0.012,0.00021,0.011,0.00016,0.0071,0.00013,0.0073,0.00022,0.012,0.00028,0.021,0.00057,0.032,0.00026,0.014,0.00034,0.026,0.0007,0.058,0.0002,0.015,0.00023,0.02,0.00024,0.013,0.00016,0.019,0.00023,0.048,0.00028,0.021,0.00057,0.032,0.00026,0.014,0.00034,0.026,0.0007,0.058,0.0002,0.015,0.00023,0.02,0.00024,0.013,0.00016,0.019,0.00023,0.048
2100,0.0001,0.0055,0.00032,0.0058,0.00014,0.011,0.00022,0.008,9.1e-05,0.011,9.6e-05,0.011,0.00022,0.012,0.00013,0.0072,0.00012,0.0063,0.00023,0.0094,0.00044,0.021,0.00046,0.024,0.00014,0.0076,0.00041,0.02,0.0008,0.032,0.00037,0.036,0.00025,0.032,0.00036,0.011,9.4e-05,0.022,0.00029,0.015,0.00034,0.019,0.00059,0.069,0.00025,0.012,0.00057,0.043,0.0006,0.033,0.00045,0.022,0.00038,0.061,0.00052,0.025,0.00019,0.024,0.00023,0.038
2200,0.00013,0.0045,0.00018,0.0058,0.00018,0.0063,0.00016,0.012,6.2e-05,0.0053,6.3e-05,0.0066,0.00013,0.012,0.00011,0.0087,0.00015,0.0066,0.00014,0.011,0.00039,0.01,0.00023,0.065,0.00018,0.0096,0.00047,0.013,0.00044,0.052,0.00022,0.041,0.00026,0.015,0.00031,0.026,9.1e-05,0.017,0.00021,0.034,0.00033,0.016,0.00069,0.11,0.0002,0.014,0.00042,0.048,0.00044,0.044,0.00031,0.018,0.00052,0.026,0.00034,0.043,0.00015,0.011,0.00026,0.014
2300,7.2e-05,0.0091,7.2e-05,0.009,0.00012,0.0058,0.00013,0.0092,5.9e-05,0.0093,0.0001,0.0087,9.8e-05,0.008,9e-05,0.0067,0.00013,0.0066,0.00011,0.0076,0.00029,0.03,0.00033,0.012,9.3e-05,0.0055,0.00045,0.015,0.00078,0.036,0.00019,0.022,0.00041,0.024,0.00017,0.011,6.3e-05,0.034,0.00025,0.022,0.0011,0.052,0.00039,0.033,0.00012,0.0076,0.00057,0.021,0.00054,0.027,0.00058,0.091,0.0003,0.025,0.00026,0.023,0.00014,0.028,0.00023,0.02
2400,6.7e-05,0.0056,0.00011,0.005,6.3e-05,0.006,0.00023,0.0075,0.0001,0.0063,9.2e-05,0.0086,0.00014,0.0058,0.00024,0.0091,0.00014,0.005,0.00015,0.013,0.00033,0.017,0.00038,0.015,0.00024,0.019,0.00035,0.013,0.00044,0.023,0.00019,0.015,0.00024,0.02,0.00035,0.033,0.00012,0.011,0.00024,0.011,0.00037,0.013,0.00036,0.018,0.00019,0.01,0.00052,0.02,0.00053,0.02,0.00062,0.098,0.00034,0.011,0.00034,0.029,0.00013,0.027,0.00021,0.018
2500,0.00012,0.0042,6.6e-05,0.0043,9.7e-05,0.0055,0.00021,0.0088,7.7e-05,0.0064,0.00012,0.0072,0.00015,0.0088,0.00012,0.0069,0.00015,0.0044,0.00014,0.0049,0.00041,0.012,0.00028,0.013,7.2e-05,0.0061,0.00027,0.018,0.00055,0.064,0.00022,0.0094,0.00028,0.012,0.00036,0.015,9.9e-05,0.019,0.00028,0.022,0.00042,0.013,0.00028,0.033,0.00019,0.013,0.00046,0.02,0.00062,0.02,0.00035,0.016,0.00028,0.02,0.00027,0.017,0.00017,0.025,0.00019,0.019
2600,5.2e-05,0.01,0.0001,0.0078,0.00011,0.0043,8.5e-05,0.0092,7e-05,0.0088,7.6e-05,0.011,0.00018,0.013,0.00015,0.0067,0.00013,0.0088,0.0001,0.014,0.0003,0.0078,0.00026,0.018,5e-05,0.0065,0.00082,0.014,0.00046,0.018,0.00014,0.02,0.00019,0.0089,0.00016,0.016,0.0001,0.011,0.0002,0.0095,0.00032,0.015,0.0003,0.012,0.00022,0.0078,0.00033,0.023,0.00044,0.05,0.00025,0.016,0.00024,0.013,0.0003,0.018,0.00011,0.024,0.00017,0.012
2700,5.4e-05,0.0056,0.00014,0.0068,9e-05,0.0066,9.5e-05,0.009,0.00011,0.0058,0.00011,0.0065,7.9e-05,0.0059,0.00011,0.0047,6.7e-05,0.0076,5.8e-05,0.0087,0.00028,0.024,0.00027,0.01,9.9e-05,0.0091,0.00032,0.035,0.00058,0.018,0.0001,0.011,0.00015,0.018,0.00038,0.032,0.00014,0.011,0.00017,0.0095,0.00027,0.012,0.00044,0.014,6e-05,0.018,0.00028,0.021,0.00041,0.02,0.00021,0.015,0.00016,0.023,0.00027,0.028,0.00017,0.023,0.00013,0.023
2800,4.4e-05,0.0086,6.5e-05,0.004,8.5e-05,0.0067,0.00015,0.0079,0.00015,0.0077,7.1e-05,0.0053,9.8e-05,0.0069,0.00012,0.0065,6.7e-05,0.0081,0.00012,0.0063,0.00036,0.019,0.00024,0.027,5.4e-05,0.0057,0.00033,0.021,0.00039,0.025,0.00011,0.014,0.00011,0.0099,0.00049,0.1,5.7e-05,0.02,0.00019,0.019,0.00019,0.008,0.00035,0.025,0.00011,0.016,0.00043,0.022,0.00036,0.017,0.00024,0.026,7.8e-05,0.011,0.00023,0.025,0.00012,0.015,0.00014,0.013
2900,6.2e-05,0.0057,4.3e-05,0.0033,0.00011,0.0057,9.8e-05,0.0099,8.9e-05,0.0084,5.1e-05,0.011,7.9e-05,0.0066,0.00013,0.0082,0.00017,0.0055,8.6e-05,0.0098,0.00018,0.0098,0.0004,0.059,8.1e-05,0.0084,0.00026,0.014,0.0005,0.035,6.9e-05,0.0081,0.00019,0.012,0.00041,0.016,6.2e-05,0.019,0.00018,0.0094,0.00019,0.0085,0.00035,0.012,0.00015,0.0082,0.0003,0.022,0.00052,0.023,0.00011,0.016,0.00017,0.011,0.00032,0.043,0.0001,0.016,0.00015,0.029
3000,5.3e-05,0.0069,7.4e-05,0.007,7.2e-05,0.0061,0.00011,0.0086,8.9e-05,0.0094,6.1e-05,0.012,9.4e-05,0.0078,8.5e-05,0.008,3.8e-05,0.007,8.1e-05,0.0092,0.0003,0.038,0.00023,0.029,6.4e-05,0.0065,0.00026,0.068,0.00055,0.014,0.00015,0.018,0.00014,0.016,0.00016,0.011,0.00013,0.018,0.00011,0.014,0.0002,0.014,0.00027,0.012,0.00012,0.026,0.00027,0.021,0.00034,0.017,0.00012,0.013,0.00011,0.021,0.00012,0.048,9.6e-05,0.014,0.00019,0.027
3100,4.7e-05,0.0035,6.9e-05,0.0063,8.1e-05,0.0079,8.1e-05,0.0071,6e-05,0.0068,4.2e-05,0.007,0.00011,0.012,4.5e-05,0.0048,9.4e-05,0.0085,8.7e-05,0.0059,0.0002,0.0063,0.00031,0.0098,7.5e-05,0.014,0.0002,0.041,0.00039,0.013,0.00014,0.016,0.00013,0.03,0.00024,0.011,5.9e-05,0.0078,0.00023,0.023,0.00022,0.012,0.00027,0.0087,7.5e-05,0.015,0.00037,0.025,0.00024,0.043,0.00012,0.0087,9.6e-05,0.019,0.00023,0.064,8.5e-05,0.024,9e-05,0.017
3200,8.3e-05,0.0073,0.00012,0.0057,6.7e-05,0.0066,0.00011,0.0052,5.2e-05,0.0048,0.00012,0.0087,0.00011,0.0095,8.1e-05,0.0043,4.8e-05,0.0046,0.00014,0.0069,0.00012,0.026,0.00017,0.014,0.00017,0.018,0.00023,0.017,0.00036,0.055,0.00021,0.013,0.00016,0.0087,0.00017,0.018,7.9e-05,0.0091,0.00022,0.0097,0.0002,0.011,0.00046,0.013,6.4e-05,0.013,0.00021,0.046,0.00038,0.019,0.00011,0.0086,5.5e-05,0.0079,0.00019,0.012,0.00011,0.0094,0.00018,0.026
3300,3.8e-05,0.0063,6.2e-05,0.0044,3.3e-05,0.0062,0.00013,0.0052,8.9e-05,0.0063,6.7e-05,0.0086,5.8e-05,0.0068,7.9e-05,0.0093,5.3e-05,0.005,7.9e-05,0.0074,0.00026,0.019,0.00018,0.013,5.5e-05,0.01,0.0003,0.031,0.00046,0.018,0.00017,0.0096,0.00012,0.018,0.00016,0.024,8.6e-05,0.0081,0.00016,0.043,0.00022,0.015,0.00038,0.012,8.6e-05,0.014,0.00026,0.013,0.00026,0.018,8e-05,0.0069,6.4e-05,0.0061,0.00017,0.01,8.9e-05,0.014,0.00011,0.027
3400,3.3e-05,0.0048,9.1e-05,0.011,8.9e-05,0.0069,0.00011,0.0067,8.2e-05,0.0082,4.9e-05,0.0045,7e-05,0.0058,9.6e-05,0.0042,0.00012,0.0055,0.00011,0.0054,0.00015,0.014,0.00016,0.013,0.00015,0.0035,0.00021,0.013,0.00031,0.016,6.1e-05,0.011,9.3e-05,0.012,0.00012,0.017,7.9e-05,0.0061,0.00011,0.013,0.00016,0.021,0.00031,0.023,0.0001,0.01,0.00017,0.031,0.0004,0.013,0.00014,0.012,4.5e-05,0.017,0.00013,0.015,7e-05,0.0058,0.00012,0.0082
3500,2.8e-05,0.0036,6.4e-05,0.0081,6.6e-05,0.0056,7.8e-05,0.0074,6.7e-05,0.0078,7.9e-05,0.0049,7.9e-05,0.0093,6.1e-05,0.0066,8.3e-05,0.0042,0.0001,0.0086,0.00015,0.015,0.00034,0.024,0.00011,0.0059,0.0002,0.017,0.00037,0.02,0.00015,0.012,6.4e-05,0.0062,0.00015,0.01,8.4e-05,0.009,0.00015,0.0086,0.00019,0.0088,0.00041,0.045,0.00016,0.016,0.00022,0.013,0.00021,0.02,0.00011,0.015,7.7e-05,0.007,0.00016,0.01,8.8e-05,0.015,0.00013,0.018
3600,4.1e-05,0.0045,8.7e-05,0.0051,7.5e-05,0.0072,0.00015,0.0066,7e-05,0.0057,6.4e-05,0.0036,8.8e-05,0.0049,7e-05,0.0043,7.5e-05,0.0048,9.1e-05,0.011,0.00015,0.02,0.00043,0.023,6.5e-05,0.0041,0.00015,0.017,0.00023,0.015,8.9e-05,0.0075,9.8e-05,0.014,0.00015,0.011,3.9e-05,0.015,9.6e-05,0.028,0.00013,0.0069,0.00029,0.038,4.9e-05,0.0046,0.00029,0.014,0.00023,0.015,0.00013,0.028,5.2e-05,0.014,0.00016,0.014,5.9e-05,0.011,0.00014,0.012
3700,2.8e-05,0.0029,2.8e-05,0.0056,4.4e-05,0.0035,5.9e-05,0.0057,6.5e-05,0.006,5.9e-05,0.0088,6.9e-05,0.0059,0.00011,0.0058,5.6e-05,0.004,7.7e-05,0.0055,0.00019,0.018,0.0002,0.012,7.4e-05,0.013,0.00018,0.012,0.00044,0.011,7.7e-05,0.016,5.8e-05,0.021,0.00021,0.024,0.00011,0.039,0.00011,0.018,0.00013,0.0077,0.00033,0.083,5e-05,0.0042,0.00019,0.018,0.00034,0.019,0.00014,0.015,3.4e-05,0.0071,0.00018,0.012,0.00011,0.018,0.0001,0.012
3800,7.2e-05,0.0042,2.9e-05,0.0028,4.6e-05,0.0043,0.00012,0.0083,4.2e-05,0.0041,3.9e-05,0.0045,5.1e-05,0.0064,5.7e-05,0.01,9.7e-05,0.0053,8.3e-05,0.0057,9e-05,0.0096,0.00021,0.046,6.2e-05,0.006,0.00023,0.012,0.00044,0.015,5.4e-05,0.013,4.9e-05,0.0063,0.00016,0.018,5.8e-05,0.0071,9.1e-05,0.0085,0.00022,0.01,0.00018,0.015,0.00012,0.01,0.00026,0.013,9.7e-05,0.032,0.0001,0.022,3.4e-05,0.009,9.2e-05,0.033,9.8e-05,0.02,0.0001,0.014
3900,2.7e-05,0.0049,4.9e-05,0.0048,7.1e-05,0.0076,0.00016,0.0055,8.7e-05,0.0046,5.8e-05,0.0083,3.9e-05,0.0045,5.7e-05,0.0051,5.3e-05,0.0061,0.00011,0.0032,0.00011,0.011,0.00049,0.057,0.00011,0.013,0.00021,0.013,0.00029,0.01,8.6e-05,0.014,6.7e-05,0.006,0.00021,0.021,3.2e-05,0.017,0.00017,0.017,0.00013,0.013,0.00024,0.019,9.2e-05,0.0083,0.00027,0.026,0.00025,0.018,0.00012,0.022,7.5e-05,0.0081,0.00012,0.011,0.0001,0.012,0.00012,0.016
4000,4.8e-05,0.0042,5.3e-05,0.0065,4.1e-05,0.0045,4.8e-05,0.0059,5.9e-05,0.0066,7.7e-05,0.0064,7.9e-05,0.0048,9.8e-05,0.0051,5.9e-05,0.0038,9.7e-05,0.0027,0.00012,0.0063,0.00029,0.095,6e-05,0.011,0.00014,0.022,0.00019,0.018,8.8e-05,0.021,5.7e-05,0.0061,0.00012,0.041,5.3e-05,0.01,9.3e-05,0.011,0.00015,0.012,0.00028,0.014,6.5e-05,0.0067,0.00011,0.01,0.00017,0.013,0.00015,0.029,4.8e-05,0.0084,0.00013,0.011,7.4e-05,0.0075,0.00012,0.02
4100,5.4e-05,0.0045,4.8e-05,0.0042,6.1e-05,0.0032,0.00011,0.012,4.5e-05,0.005,6.8e-05,0.0062,6.9e-05,0.0043,5.2e-05,0.0074,8.3e-05,0.0046,5e-05,0.0045,0.00014,0.016,0.00018,0.014,4.7e-05,0.011,0.00018,0.015,0.00022,0.011,7.4e-05,0.011,3.1e-05,0.014,0.00013,0.0078,9.6e-05,0.01,5.8e-05,0.016,0.00014,0.0079,0.00038,0.012,8e-05,0.016,0.00082,0.18,0.00033,0.015,0.00024,0.028,6.1e-05,0.011,0.00017,0.016,0.00017,0.0058,8.1e-05,0.013
4200,2.7e-05,0.0032,4.3e-05,0.0042,4.5e-05,0.01,0.00011,0.0096,2.8e-05,0.0068,4.7e-05,0.005,4.4e-05,0.0064,0.00011,0.0063,8.5e-05,0.003,6.6e-05,0.0032,0.00018,0.012,0.00025,0.015,6.6e-05,0.0049,0.00022,0.013,0.00011,0.017,7.2e-05,0.014,6.1e-05,0.016,0.00015,0.0095,4.4e-05,0.0062,0.0001,0.0043,0.00014,0.0061,0.00021,0.013,0.00017,0.018,0.00055,0.06,0.00027,0.02,0.00011,0.011,6.9e-05,0.0047,0.00022,0.023,0.00015,0.034,0.00012,0.016
4300,4.4e-05,0.0065,4.4e-05,0.0042,5.9e-05,0.0062,0.00013,0.006,4.5e-05,0.006,2.8e-05,0.0064,6.1e-05,0.0077,7.1e-05,0.0058,9.6e-05,0.0064,0.0001,0.0053,0.0001,0.011,0.00034,0.011,4.1e-05,0.0064,0.00018,0.049,0.00027,0.0098,0.00011,0.0064,4.6e-05,0.012,0.00017,0.019,7.9e-05,0.0073,0.00016,0.011,0.00014,0.015,0.00029,0.013,8e-05,0.0064,0.00018,0.028,0.00039,0.023,9.3e-05,0.019,0.00016,0.017,0.00013,0.012,9.3e-05,0.016,0.00012,0.01
4400,4.1e-05,0.0046,5e-05,0.0042,3.8e-05,0.0073,8.1e-05,0.0052,8.1e-05,0.005,0.0001,0.0049,5.1e-05,0.0064,4.8e-05,0.0049,8.3e-05,0.0065,8.1e-05,0.0078,0.00011,0.0051,0.00024,0.014,0.0001,0.015,0.00012,0.0073,0.00041,0.023,0.00012,0.011,3.3e-05,0.0056,0.0001,0.019,6.4e-05,0.016,0.00011,0.0098,0.00011,0.014,0.00027,0.01,9.6e-05,0.0094,0.0001,0.018,0.00023,0.048,0.00017,0.025,4.6e-05,0.021,0.00015,0.015,9.2e-05,0.028,9.6e-05,0.0084
4500,2.8e-05,0.0038,5.4e-05,0.0076,5.6e-05,0.0049,0.00012,0.01,4.4e-05,0.0061,6e-05,0.0073,4.2e-05,0.0058,5.7e-05,0.0051,5.9e-05,0.004,8.9e-05,0.0056,0.0001,0.015,0.00019,0.02,7.7e-05,0.0082,0.00017,0.014,0.00026,0.012,7.8e-05,0.0084,4.9e-05,0.013,0.00011,0.012,7.4e-05,0.014,8e-05,0.0056,0.00012,0.0087,0.00023,0.027,7.8e-05,0.007,0.00018,0.029,0.00023,0.018,0.0001,0.012,6.5e-05,0.0095,0.00013,0.017,5.9e-05,0.026,9.4e-05,0.013
4600,3.8e-05,0.0052,5.1e-05,0.0046,5e-05,0.0037,9.4e-05,0.0058,3e-05,0.0043,5.4e-05,0.0091,3.3e-05,0.0095,6.5e-05,0.0052,7.3e-05,0.0037,7.6e-05,0.0088,8.2e-05,0.0056,0.00016,0.0068,6.6e-05,0.0064,0.00015,0.013,0.00035,0.02,5.5e-05,0.012,4.3e-05,0.0076,0.00012,0.008,6.1e-05,0.02,8e-05,0.022,0.00013,0.012,0.0003,0.0082,8.6e-05,0.0094,0.00057,0.053,0.00022,0.013,0.00013,0.0097,3.9e-05,0.039,0.00019,0.027,7.3e-05,0.017,6.6e-05,0.0065
4700,5.7e-05,0.0062,3.8e-05,0.0048,5.1e-05,0.0033,5.9e-05,0.0045,5.6e-05,0.0073,9.9e-05,0.011,8.4e-05,0.0034,2.9e-05,0.0081,5e-05,0.007,0.00011,0.0074,0.00011,0.0049,0.00013,0.013,4.4e-05,0.0073,0.0003,0.01,0.00023,0.011,4e-05,0.01,4.9e-05,0.0044,0.00011,0.011,6.6e-05,0.016,4.1e-05,0.0057,0.00015,0.013,0.00021,0.013,7e-05,0.0063,0.00011,0.013,0.00031,0.013,3.6e-05,0.0091,4.7e-05,0.011,0.00012,0.014,0.0001,0.01,0.00012,0.0074
4800,4.2e-05,0.0045,2.9e-05,0.0047,2.4e-05,0.0047,0.00012,0.0044,4.6e-05,0.0056,7.5e-05,0.0081,2.8e-05,0.008,3e-05,0.0077,4.4e-05,0.0046,6.2e-05,0.0032,0.0001,0.0062,0.00024,0.007,2.6e-05,0.011,0.00025,0.018,0.0002,0.014,6.1e-05,0.015,4.4e-05,0.01,9e-05,0.0086,5.7e-05,0.0054,8.1e-05,0.016,9.7e-05,0.0074,0.00026,0.011,5.9e-05,0.0054,0.00013,0.0094,0.00034,0.0083,9.3e-05,0.0066,4.5e-05,0.018,0.00012,0.027,0.00012,0.011,9.5e-05,0.016
4900,2.6e-05,0.0029,2.6e-05,0.0021,4e-05,0.0064,0.00012,0.008,4.9e-05,0.0055,6.2e-05,0.0041,4.5e-05,0.0067,7.6e-05,0.0065,6.3e-05,0.0081,6.2e-05,0.008,6.2e-05,0.013,0.0002,0.012,5.1e-05,0.014,0.00013,0.013,0.00021,0.015,5.3e-05,0.0096,4e-05,0.0045,0.00011,0.011,8.8e-05,0.011,5.4e-05,0.016,0.00017,0.01,0.00024,0.027,0.00017,0.015,0.00019,0.021,0.00023,0.009,7.9e-05,0.0056,4.5e-05,0.02,0.00019,0.021,9.6e-05,0.033,5.8e-05,0.011
5000,2.4e-05,0.0053,2e-05,0.0083,2.3e-05,0.0026,0.00014,0.009,7.3e-05,0.0055,5.4e-05,0.0067,6.2e-05,0.0047,5.3e-05,0.0043,8.9e-05,0.0042,6.9e-05,0.0082,5.6e-05,0.0086,0.00019,0.028,3.8e-05,0.019,0.00022,0.0062,0.00013,0.019,0.00011,0.046,3.1e-05,0.0094,9.8e-05,0.015,0.00034,0.18,4.6e-05,0.029,0.00012,0.0073,0.00016,0.007,0.00012,0.0055,0.0001,0.0066,0.00015,0.0099,8.9e-05,0.021,6.3e-05,0.012,0.00013,0.017,6.6e-05,0.0058,0.0001,0.028
5100,4.5e-05,0.0039,2e-05,0.0023,4.3e-05,0.0039,6.8e-05,0.0056,4e-05,0.0051,5.6e-05,0.0077,5.4e-05,0.0074,5.5e-05,0.0037,7.1e-05,0.0056,5.9e-05,0.011,7.6e-05,0.01,0.00015,0.0048,8e-05,0.021,8.3e-05,0.026,0.0003,0.032,4.4e-05,0.0076,3.9e-05,0.011,0.00016,0.022,5.9e-05,0.017,5.9e-05,0.015,9.2e-05,0.019,0.00026,0.014,6.6e-05,0.0082,0.00015,0.019,0.00025,0.0073,6.5e-05,0.011,4.7e-05,0.0073,0.00013,0.014,7.1e-05,0.013,7.3e-05,0.014
5200,3.4e-05,0.0042,2.4e-05,0.0034,3.5e-05,0.0054,6e-05,0.0053,3.9e-05,0.0059,4.7e-05,0.0054,4.3e-05,0.0068,4.4e-05,0.0056,4.3e-05,0.0045,5.9e-05,0.0033,7.4e-05,0.016,0.00016,0.014,2.8e-05,0.0059,0.00014,0.013,0.00016,0.018,5.6e-05,0.015,3.6e-05,0.0077,7.8e-05,0.011,9e-05,0.0063,5.4e-05,0.009,8.5e-05,0.0086,0.00016,0.0075,7.5e-05,0.0081,6.5e-05,0.009,0.00016,0.019,6.3e-05,0.01,4.3e-05,0.02,0.00012,0.011,6.1e-05,0.0059,5.9e-05,0.015
5300,2.6e-05,0.0056,3.4e-05,0.0027,3.9e-05,0.0027,9.8e-05,0.0048,4.8e-05,0.0054,4.8e-05,0.012,3.8e-05,0.0074,5.3e-05,0.0089,4e-05,0.0064,6.3e-05,0.0051,5.8e-05,0.011,6.4e-05,0.014,8.6e-05,0.008,0.00014,0.022,0.00025,0.007,7.8e-05,0.0061,4.1e-05,0.011,0.0001,0.0073,3.5e-05,0.0063,4.8e-05,0.0099,6.2e-05,0.011,0.00021,0.018,9.8e-05,0.016,0.00021,0.039,0.00016,0.01,8.5e-05,0.013,2.9e-05,0.0037,0.00013,0.018,7.2e-05,0.011,8.5e-05,0.0068
5400,1.8e-05,0.0049,3.3e-05,0.005,3.9e-05,0.0075,0.00015,0.0045,4.1e-05,0.0072,3.1e-05,0.0055,3.3e-05,0.0089,5.8e-05,0.0042,5e-05,0.0057,5.2e-05,0.0049,5.5e-05,0.0065,0.00012,0.0099,5.4e-05,0.0072,8.2e-05,0.012,0.00019,0.02,4.3e-05,0.02,2.2e-05,0.0056,7.7e-05,0.014,4.9e-05,0.0037,8e-05,0.018,0.00012,0.0062,0.00025,0.011,3.5e-05,0.011,0.00022,0.033,0.00024,0.01,0.00013,0.04,3.1e-05,0.013,0.0001,0.017,5.8e-05,0.0059,4.8e-05,0.025
5500,3.9e-05,0.0042,1.9e-05,0.0036,3.4e-05,0.0031,7.3e-05,0.0039,6.2e-05,0.0084,3.5e-05,0.0064,3.9e-05,0.013,3.5e-05,0.0043,3.1e-05,0.0046,6.6e-05,0.012,7.9e-05,0.0063,8.8e-05,0.014,3.4e-05,0.011,7.5e-05,0.012,0.00019,0.017,6.5e-05,0.011,2.4e-05,0.0085,0.00012,0.0069,4.5e-05,0.0054,4.8e-05,0.027,8.2e-05,0.011,0.00018,0.015,8.7e-05,0.011,0.00011,0.011,0.00028,0.0091,6.4e-05,0.0066,5.3e-05,0.012,9.3e-05,0.013,4.2e-05,0.011,7.5e-05,0.021
5600,3.4e-05,0.0092,1.7e-05,0.0058,3.5e-05,0.0036,7.5e-05,0.0073,3.6e-05,0.0046,6.5e-05,0.0049,4.2e-05,0.0043,3.3e-05,0.0039,5.9e-05,0.0089,6.7e-05,0.0084,7e-05,0.01,0.00015,0.0071,4.1e-05,0.011,0.0001,0.0075,0.00013,0.021,6.6e-05,0.0037,3.3e-05,0.0087,0.00012,0.015,8.1e-05,0.013,7.6e-05,0.022,8.8e-05,0.014,0.00013,0.014,0.00011,0.013,9.8e-05,0.0067,0.0002,0.0099,7.8e-05,0.0092,4.7e-05,0.022,0.0001,0.01,4.7e-05,0.006,4.7e-05,0.01
5700,3.9e-05,0.0073,2.7e-05,0.0039,2.8e-05,0.0069,0.00012,0.0096,3.9e-05,0.0062,5.2e-05,0.0084,1.9e-05,0.0041,3.2e-05,0.003,2.9e-05,0.0047,8.9e-05,0.012,8.7e-05,0.018,0.00018,0.011,6.5e-05,0.0081,0.00017,0.013,0.00023,0.023,2.3e-05,0.014,4.8e-05,0.01,8.8e-05,0.0077,4e-05,0.016,3.9e-05,0.0038,0.00011,0.011,0.00023,0.016,5.9e-05,0.0034,8.9e-05,0.0084,0.00011,0.013,7e-05,0.016,2.8e-05,0.0034,0.00014,0.024,6.5e-05,0.019,7.6e-05,0.0036
5800,6.3e-05,0.0045,2.8e-05,0.004,3.2e-05,0.0048,6.6e-05,0.0042,4.6e-05,0.008,5.4e-05,0.0051,2.6e-05,0.004,5.3e-05,0.0076,4.6e-05,0.0022,6.1e-05,0.0061,6.6e-05,0.0058,0.00015,0.013,6.5e-05,0.014,6.5e-05,0.011,0.00026,0.035,7.3e-05,0.0044,4.7e-05,0.015,6.7e-05,0.012,5.9e-05,0.0077,4.8e-05,0.0065,0.00011,0.0071,0.00017,0.011,8e-05,0.011,4.7e-05,0.0077,0.00014,0.014,0.0001,0.018,0.0001,0.004,0.00015,0.0079,3.7e-05,0.0061,4.8e-05,0.015
5900,1.9e-05,0.003,3.6e-05,0.0059,3.6e-05,0.0033,7.6e-05,0.0081,5.7e-05,0.0045,3.2e-05,0.0063,4e-05,0.0033,2.6e-05,0.0047,6.2e-05,0.0023,5.1e-05,0.0089,9.3e-05,0.0083,0.00011,0.0074,4e-05,0.016,9e-05,0.0082,0.00018,0.0074,6.1e-05,0.0096,4.5e-05,0.0038,0.00037,0.066,3.4e-05,0.0032,5.3e-05,0.0054,8e-05,0.022,0.00019,0.019,8.1e-05,0.024,0.00013,0.015,0.00026,0.0067,0.00013,0.0096,4.4e-05,0.016,0.00012,0.024,8.9e-05,0.012,0.00017,0.058
6000,2.8e-05,0.0079,2.1e-05,0.0049,3.1e-05,0.0052,0.00011,0.004,3.8e-05,0.0044,4.4e-05,0.0046,4.5e-05,0.005,1.5e-05,0.0039,6.9e-05,0.01,6.5e-05,0.0024,6.8e-05,0.017,9.8e-05,0.015,3.1e-05,0.0056,9.2e-05,0.009,5e-05,0.012,6.9e-05,0.015,3.4e-05,0.0072,0.0013,0.085,8.5e-05,0.019,4.2e-05,0.0033,7.2e-05,0.0084,0.00019,0.024,3.8e-05,0.016,0.00013,0.022,0.00027,0.019,0.00017,0.017,2.7e-05,0.0092,9.1e-05,0.0079,0.00015,0.034,8.5e-05,0.026
6100,1.9e-05,0.0025,2.5e-05,0.0085,3.4e-05,0.0021,9.1e-05,0.0056,5.3e-05,0.0048,3.6e-05,0.0076,4.1e-05,0.0058,1.4e-05,0.0042,1.5e-05,0.0033,5.7e-05,0.0088,5.3e-05,0.0051,0.00013,0.0097,2.7e-05,0.012,8.3e-05,0.024,0.00014,0.0079,7.6e-05,0.0072,3.2e-05,0.013,0.00025,0.02,6.9e-05,0.0032,4.1e-05,0.011,9.8e-05,0.0077,0.0002,0.023,6.9e-05,0.011,0.00024,0.0064,0.00014,0.016,5.4e-05,0.0081,6.9e-05,0.011,0.00015,0.013,5.7e-05,0.011,4.3e-05,0.0071
6200,3.1e-05,0.0045,2.2e-05,0.0049,3.4e-05,0.0057,6.3e-05,0.0068,2.7e-05,0.0035,2.8e-05,0.011,2.6e-05,0.0027,2.4e-05,0.0056,2.6e-05,0.003,6.2e-05,0.0044,6.2e-05,0.0081,0.00015,0.0082,4.8e-05,0.0048,0.00015,0.012,7.7e-05,0.0092,4.5e-05,0.01,2.3e-05,0.0099,0.00019,0.015,6.2e-05,0.0093,6.6e-05,0.014,0.00013,0.0035,0.00019,0.0076,6.2e-05,0.011,0.00015,0.019,0.00018,0.02,0.00014,0.024,3.7e-05,0.0081,0.00012,0.01,5.4e-05,0.0077,4.8e-05,0.0052
6300,2.5e-05,0.006,2.9e-05,0.008,6.2e-05,0.0055,9.6e-05,0.0076,5.2e-05,0.0072,6.6e-05,0.0063,2.3e-05,0.0076,5e-05,0.0029,3.7e-05,0.0058,3.8e-05,0.011,3.8e-05,0.012,0.00015,0.012,0.0001,0.0071,7.1e-05,0.034,0.00011,0.0063,8.1e-05,0.017,4.5e-05,0.016,9.1e-05,0.0065,3.8e-05,0.017,6.8e-05,0.0063,7.9e-05,0.014,0.00017,0.016,8.7e-05,0.016,0.00015,0.015,0.00017,0.017,7.7e-05,0.012,5e-05,0.0064,0.00011,0.025,4.9e-05,0.0037,7.8e-05,0.011
6400,1.9e-05,0.0063,4.9e-05,0.0052,3.2e-05,0.0021,0.00011,0.006,2.8e-05,0.0045,7.4e-05,0.0096,3.3e-05,0.0063,3.4e-05,0.0043,5.1e-05,0.005,4.3e-05,0.0065,3.5e-05,0.0055,6.6e-05,0.026,5.5e-05,0.018,6.3e-05,0.012,0.00018,0.016,8.4e-05,0.019,6.1e-05,0.012,0.00011,0.0091,3.7e-05,0.013,0.00013,0.17,6.9e-05,0.0036,0.00014,0.016,6e-05,0.014,9e-05,0.014,0.00015,0.0091,0.00011,0.012,4.9e-05,0.013,0.00011,0.012,4e-05,0.014,6.3e-05,0.0088
6500,3e-05,0.0053,4.3e-05,0.0089,2.6e-05,0.0056,5.9e-05,0.0078,3.7e-05,0.0048,5.7e-05,0.0033,1.8e-05,0.0045,5.3e-05,0.0071,4.1e-05,0.0038,5e-05,0.0047,3e-05,0.0054,0.00015,0.011,0.00044,0.12,3e-05,0.0096,0.00014,0.0091,7.2e-05,0.008,2.5e-05,0.0087,0.00013,0.006,4.5e-05,0.0043,8.9e-05,0.0054,0.00011,0.0086,0.00013,0.018,4.5e-05,0.005,7.7e-05,0.007,0.00014,0.01,0.0001,0.011,5.2e-05,0.0077,9.9e-05,0.0086,4.8e-05,0.0036,5.5e-05,0.014
6600,1.8e-05,0.0057,1.9e-05,0.005,3.9e-05,0.0055,8.3e-05,0.0073,3.2e-05,0.0077,4e-05,0.0035,1.8e-05,0.0057,1.6e-05,0.0043,4.8e-05,0.003,7.7e-05,0.01,3.8e-05,0.0042,0.00026,0.042,6e-05,0.0051,7.7e-05,0.016,0.00011,0.0069,4.2e-05,0.0085,4.4e-05,0.014,0.00015,0.0063,5.3e-05,0.0094,4.2e-05,0.0049,6.9e-05,0.012,0.00016,0.0062,5.9e-05,0.012,8.8e-05,0.014,0.00012,0.01,6.9e-05,0.0048,5.1e-05,0.0067,0.00011,0.026,3.9e-05,0.02,5.8e-05,0.017
6700,2.9e-05,0.0042,1.8e-05,0.0058,3.3e-05,0.0037,5.5e-05,0.006,3.1e-05,0.0049,4.7e-05,0.011,5.4e-05,0.0069,3e-05,0.006,4.7e-05,0.0029,4.9e-05,0.0041,4.4e-05,0.0034,7.4e-05,0.015,6.4e-05,0.011,0.00025,0.036,9.5e-05,0.0066,7.3e-05,0.015,3e-05,0.0089,0.0001,0.0063,4.1e-05,0.019,7.3e-05,0.0065,6.7e-05,0.0048,0.0001,0.009,5.5e-05,0.0066,6.7e-05,0.022,0.00014,0.0077,9.6e-05,0.0077,5.6e-05,0.012,0.0001,0.0076,5.3e-05,0.0027,6.1e-05,0.012
6800,1.6e-05,0.0055,2.6e-05,0.0066,3.2e-05,0.0029,0.00012,0.0033,3e-05,0.005,4.4e-05,0.004,1.6e-05,0.0044,2.3e-05,0.0051,2.3e-05,0.0022,5.3e-05,0.012,4.5e-05,0.016,7.3e-05,0.013,4.1e-05,0.002,7.3e-05,0.005,9.7e-05,0.0071,5.4e-05,0.013,2.7e-05,0.014,8.9e-05,0.015,3e-05,0.008,3e-05,0.0035,5.9e-05,0.0071,0.00018,0.007,5.5e-05,0.0032,0.00012,0.024,0.00014,0.017,4.6e-05,0.0057,5.1e-05,0.0076,0.00012,0.012,3.5e-05,0.012,5.7e-05,0.01
6900,2.3e-05,0.0063,3.5e-05,0.0088,3.1e-05,0.0058,4.5e-05,0.0086,4.3e-05,0.0041,6.7e-05,0.0052,2.6e-05,0.0062,1.9e-05,0.0066,4e-05,0.0024,6.9e-05,0.008,2.6e-05,0.0035,0.00019,0.01,5.8e-05,0.0039,7e-05,0.011,8.8e-05,0.0057,3.8e-05,0.0056,3.4e-05,0.0037,7.2e-05,0.0093,2.9e-05,0.012,5.7e-05,0.0039,4.9e-05,0.006,0.00019,0.0097,5.4e-05,0.011,6.1e-05,0.015,0.00011,0.0084,0.00016,0.027,5.6e-05,0.0093,0.00012,0.028,6.4e-05,0.004,4.9e-05,0.0036
7000,1.7e-05,0.003,2.3e-05,0.0046,2.4e-05,0.0023,5.3e-05,0.0056,2.8e-05,0.0031,3.9e-05,0.0038,3.7e-05,0.011,2.6e-05,0.0044,4e-05,0.0067,4.4e-05,0.0041,4.1e-05,0.0068,0.00014,0.0095,4.1e-05,0.004,8e-05,0.016,9.3e-05,0.019,3.8e-05,0.011,6.4e-05,0.029,5.9e-05,0.0077,2e-05,0.012,3.3e-05,0.0038,5.1e-05,0.0047,0.00012,0.0067,6.2e-05,0.011,7.3e-05,0.024,0.0001,0.0091,6.8e-05,0.024,3.2e-05,0.0075,0.00013,0.024,4e-05,0.009,3.9e-05,0.003
7100,1.6e-05,0.0028,2.8e-05,0.0036,3.5e-05,0.01,5.8e-05,0.006,6.6e-05,0.0041,5.2e-05,0.015,5.1e-05,0.0071,1.3e-05,0.0063,3.3e-05,0.0026,5.3e-05,0.0054,4.5e-05,0.0051,6.6e-05,0.011,7.1e-05,0.0045,7.3e-05,0.0093,0.00015,0.014,3.6e-05,0.0086,2.8e-05,0.011,9.1e-05,0.014,2.6e-05,0.01,4.5e-05,0.0096,5.2e-05,0.0044,0.00012,0.017,9.3e-05,0.0025,6.2e-05,0.0059,0.00014,0.016,6.4e-05,0.0067,6.1e-05,0.0077,7.9e-05,0.013,3.4e-05,0.008,5.3e-05,0.0034
7200,2.2e-05,0.0045,4.1e-05,0.0069,3e-05,0.0026,5.9e-05,0.0085,2.4e-05,0.0038,4.4e-05,0.0097,1.9e-05,0.0065,3.3e-05,0.0028,2.9e-05,0.011,6.1e-05,0.0026,2.6e-05,0.02,6.4e-05,0.009,9.1e-05,0.025,8.2e-05,0.0064,0.00013,0.0064,3.1e-05,0.0049,1.5e-05,0.0042,9.1e-05,0.0072,0.00017,0.052,4.7e-05,0.0066,4.9e-05,0.0073,0.00013,0.0098,7e-05,0.0037,0.0001,0.0058,0.00011,0.0096,6e-05,0.004,3.2e-05,0.016,9.7e-05,0.015,5.2e-05,0.0041,4.2e-05,0.0028
7300,1.3e-05,0.006,2.4e-05,0.0043,1.2e-05,0.0048,8.9e-05,0.011,4.4e-05,0.0062,3.7e-05,0.0052,2.7e-05,0.0076,2.2e-05,0.0059,3.6e-05,0.0033,5.3e-05,0.0025,5.3e-05,0.0062,8e-05,0.017,6.8e-05,0.01,0.00011,0.037,7.6e-05,0.0072,5.9e-05,0.0074,3.5e-05,0.022,6.8e-05,0.014,4.8e-05,0.0027,4.2e-05,0.0096,5.1e-05,0.0069,0.00011,0.0098,5.7e-05,0.012,8.1e-05,0.0059,0.00013,0.015,8e-05,0.017,6.5e-05,0.028,8.7e-05,0.013,7.2e-05,0.0065,4.8e-05,0.011
7400,1.8e-05,0.0037,7e-05,0.011,1.5e-05,0.0046,6.3e-05,0.0046,2.4e-05,0.0086,3.9e-05,0.0071,3.1e-05,0.0045,2.3e-05,0.0078,5.5e-05,0.0038,6.1e-05,0.01,5.1e-05,0.0077,0.0001,0.007,7.2e-05,0.018,7.9e-05,0.0051,0.00018,0.017,4.4e-05,0.0067,2.2e-05,0.0072,9e-05,0.0095,2.4e-05,0.0029,2.8e-05,0.0083,3.9e-05,0.011,0.00016,0.012,4.9e-05,0.011,7.2e-05,0.012,0.00013,0.0096,6.3e-05,0.023,5.1e-05,0.018,0.00017,0.018,7.1e-05,0.012,3.8e-05,0.0063
7500,2.1e-05,0.0036,3e-05,0.0037,1.4e-05,0.0033,8.3e-05,0.0072,3.8e-05,0.01,2.5e-05,0.0037,2.1e-05,0.0037,2.2e-05,0.0085,3.7e-05,0.0056,3.9e-05,0.0036,4.7e-05,0.0061,9.1e-05,0.011,3.4e-05,0.0029,3.1e-05,0.0035,0.00016,0.011,2.8e-05,0.012,2.5e-05,0.018,6.9e-05,0.0071,2.9e-05,0.0022,5.1e-05,0.0067,5.1e-05,0.021,0.00011,0.014,5e-05,0.012,7.7e-05,0.0094,0.00014,0.016,6.7e-05,0.016,4.4e-05,0.0047,0.00014,0.021,4.6e-05,0.013,3.7e-05,0.012
7600,1.4e-05,0.0035,2.9e-05,0.0068,1.6e-05,0.0021,6.6e-05,0.0059,2.5e-05,0.0054,3.5e-05,0.0048,2.5e-05,0.0067,2.6e-05,0.0046,4.2e-05,0.0079,5.4e-05,0.0045,4.3e-05,0.0035,0.00011,0.0092,3.2e-05,0.0037,5.3e-05,0.0067,0.00016,0.017,4.1e-05,0.014,4.7e-05,0.014,7.4e-05,0.014,3.1e-05,0.0047,4.1e-05,0.0045,7e-05,0.0066,0.00011,0.016,6.6e-05,0.0057,5.6e-05,0.014,0.00015,0.015,9.5e-05,0.011,4.2e-05,0.0056,0.00011,0.01,2.9e-05,0.017,3.4e-05,0.051
7700,2.1e-05,0.0074,3e-05,0.0071,1.5e-05,0.0053,4.7e-05,0.0095,3.3e-05,0.006,3e-05,0.0026,1.4e-05,0.0053,2e-05,0.0069,4.1e-05,0.0064,3.6e-05,0.0085,7.4e-05,0.0047,6.3e-05,0.013,2.6e-05,0.0066,4.2e-05,0.0035,0.00017,0.02,2.9e-05,0.0098,1.5e-05,0.0095,7.3e-05,0.0049,2.2e-05,0.006,3.7e-05,0.017,7.7e-05,0.016,0.00011,0.011,4.9e-05,0.005,6.9e-05,0.017,7.2e-05,0.012,7.1e-05,0.02,3.1e-05,0.0029,0.00011,0.016,5.8e-05,0.014,3.7e-05,0.0082
7800,1.5e-05,0.0046,3e-05,0.0021,1.8e-05,0.0041,5e-05,0.0067,3.7e-05,0.0058,4.5e-05,0.0038,1.5e-05,0.0063,2.2e-05,0.0035,5.4e-05,0.0036,3.6e-05,0.0039,2.4e-05,0.0051,0.00011,0.015,2e-05,0.0087,4.2e-05,0.007,4e-05,0.0095,7.2e-05,0.015,2.7e-05,0.0079,8.2e-05,0.022,1.5e-05,0.0035,4e-05,0.015,8e-05,0.013,5.8e-05,0.0097,6.5e-05,0.01,5.7e-05,0.007,0.00013,0.0084,8e-05,0.0057,5.4e-05,0.0058,9.9e-05,0.017,2.1e-05,0.0044,3.9e-05,0.012
7900,2e-05,0.0087,8.1e-06,0.0033,1.8e-05,0.0027,7.4e-05,0.01,2.6e-05,0.006,3.6e-05,0.0053,2.6e-05,0.003,2.6e-05,0.0047,4.1e-05,0.0058,4.1e-05,0.0049,4.7e-05,0.019,0.0001,0.012,3.7e-05,0.016,6.7e-05,0.02,0.00013,0.0058,2.7e-05,0.0045,1.9e-05,0.011,0.0001,0.012,1.7e-05,0.0096,3.5e-05,0.01,2.6e-05,0.0097,7.6e-05,0.0044,5e-05,0.0076,0.00011,0.038,8.3e-05,0.015,4.1e-05,0.0034,3.3e-05,0.0067,0.0001,0.014,3.1e-05,0.0058,3.9e-05,0.0098
8000,1.5e-05,0.0024,2.4e-05,0.0049,1.4e-05,0.0029,7.8e-05,0.0048,2.5e-05,0.006,2.6e-05,0.0081,2.9e-05,0.0061,3.2e-05,0.0056,2e-05,0.0041,3.7e-05,0.0081,3.9e-05,0.016,0.00011,0.0044,4e-05,0.0071,4.6e-05,0.011,9.6e-05,0.018,2.9e-05,0.023,2.5e-05,0.017,9.8e-05,0.0076,2.5e-05,0.0059,0.00067,0.2,5.6e-05,0.0055,9.7e-05,0.015,4.8e-05,0.0041,6.2e-05,0.0046,0.0001,0.0076,5.9e-05,0.0046,3.3e-05,0.014,6.9e-05,0.013,2.8e-05,0.005,4.7e-05,0.0035
8100,2.2e-05,0.0023,1.5e-05,0.0066,1.8e-05,0.0044,4.9e-05,0.0064,2.6e-05,0.0028,4.2e-05,0.0069,2.7e-05,0.0038,2e-05,0.01,3.1e-05,0.0051,4.7e-05,0.0047,3.1e-05,0.012,8.9e-05,0.014,4.5e-05,0.0088,0.0001,0.011,8.6e-05,0.011,4.7e-05,0.012,2.6e-05,0.0075,8.3e-05,0.013,2.9e-05,0.0022,3.4e-05,0.0038,4.1e-05,0.0049,0.0001,0.02,5.5e-05,0.0032,9.3e-05,0.0074,0.00011,0.0081,5e-05,0.005,2.6e-05,0.0085,0.00023,0.017,6.9e-05,0.005,4.7e-05,0.0051
8200,1.3e-05,0.0032,2.1e-05,0.006,1.4e-05,0.0079,4.7e-05,0.0098,3.1e-05,0.011,3.3e-05,0.008,2.3e-05,0.0061,2.3e-05,0.0043,2.7e-05,0.0024,3.8e-05,0.0024,1.2e-05,0.0025,7.8e-05,0.0048,5.1e-05,0.009,5.8e-05,0.0055,5.8e-05,0.015,3.2e-05,0.0039,3.8e-05,0.0043,9.7e-05,0.013,4.3e-05,0.0053,3.7e-05,0.0022,4.6e-05,0.0089,6.7e-05,0.01,3.4e-05,0.0061,9.7e-05,0.0072,0.00012,0.006,8.2e-05,0.0061,4.5e-05,0.003,9.9e-05,0.0084,4.4e-05,0.015,5.2e-05,0.0052
8300,1.5e-05,0.0026,1.4e-05,0.0045,3.3e-05,0.0069,3.8e-05,0.009,1.6e-05,0.0075,3.4e-05,0.0096,2.2e-05,0.0057,2.6e-05,0.0057,1.5e-05,0.0032,4e-05,0.0023,3.6e-05,0.014,5.2e-05,0.0072,2.4e-05,0.0023,3.4e-05,0.017,0.0001,0.014,6.9e-05,0.0098,2.3e-05,0.0037,8.1e-05,0.0068,3.2e-05,0.021,4.3e-05,0.0041,4.3e-05,0.018,6.1e-05,0.0062,4.3e-05,0.0036,6.8e-05,0.0067,0.00012,0.0073,7.3e-05,0.017,3e-05,0.011,9.4e-05,0.0065,3.7e-05,0.0027,5e-05,0.0085
8400,2.3e-05,0.003,2.2e-05,0.0029,1.8e-05,0.0019,5.3e-05,0.0043,2.1e-05,0.0035,1.9e-05,0.0047,2e-05,0.0051,2.9e-05,0.0068,2.3e-05,0.0025,5.2e-05,0.011,3.1e-05,0.013,9.6e-05,0.019,3.3e-05,0.0038,3.7e-05,0.02,6.1e-05,0.0081,4.9e-05,0.0054,2.6e-05,0.0076,7.2e-05,0.0077,2.3e-05,0.0072,3e-05,0.004,5e-05,0.0095,5.7e-05,0.0074,9.9e-05,0.023,0.00011,0.014,0.00015,0.011,3.9e-05,0.0051,3.1e-05,0.0062,6.8e-05,0.008,5.5e-05,0.025,6.7e-05,0.0066
8500,3.9e-05,0.0038,2.9e-05,0.0039,1.3e-05,0.0056,3.9e-05,0.0035,1.7e-05,0.0048,3.1e-05,0.0074,2.6e-05,0.0057,3.5e-05,0.0058,1.1e-05,0.0042,3e-05,0.0034,2e-05,0.0051,3.7e-05,0.0041,4.3e-05,0.0057,6.5e-05,0.023,8e-05,0.014,2.1e-05,0.0032,3.6e-05,0.0071,7e-05,0.018,2.6e-05,0.0069,1.9e-05,0.006,5.1e-05,0.0096,6.5e-05,0.013,3.7e-05,0.0069,8.6e-05,0.0046,0.0001,0.0051,0.00012,0.005,2.8e-05,0.0073,8.7e-05,0.017,0.00077,0.11,4.2e-05,0.0056
8600,2.1e-05,0.0046,2.6e-05,0.007,1.3e-05,0.005,7.1e-05,0.0025,1.8e-05,0.004,3.1e-05,0.0073,4.5e-05,0.0046,1.3e-05,0.0022,2.6e-05,0.0034,5.4e-05,0.0043,2.8e-05,0.0032,9e-05,0.016,2.7e-05,0.0056,3.8e-05,0.0023,9.7e-05,0.014,2.2e-05,0.012,3.2e-05,0.015,0.0001,0.0055,2.5e-05,0.0033,2.1e-05,0.0071,6.6e-05,0.013,6.8e-05,0.007,6.8e-05,0.0063,6.5e-05,0.01,9.2e-05,0.0045,5.1e-05,0.0095,2.8e-05,0.0025,0.00011,0.0077,3.3e-05,0.0039,5.4e-05,0.013
8700,3.9e-05,0.0052,1.4e-05,0.0038,1.4e-05,0.0028,4.9e-05,0.0073,1.5e-05,0.0035,2.7e-05,0.0023,3.2e-05,0.0048,2.3e-05,0.0062,1.4e-05,0.0028,4.3e-05,0.0056,2.1e-05,0.0047,0.00011,0.0088,4e-05,0.0028,3.9e-05,0.026,6.4e-05,0.021,5.3e-05,0.017,3.6e-05,0.0094,4.8e-05,0.01,4.5e-05,0.0059,3.7e-05,0.0074,6.7e-05,0.0059,2.8e-05,0.0083,6.7e-05,0.0086,0.00015,0.021,0.00017,0.017,4.6e-05,0.026,3e-05,0.011,9.7e-05,0.0069,4.3e-05,0.0046,4.5e-05,0.0032
8800,1.3e-05,0.0039,2e-05,0.0019,1.2e-05,0.0046,3.2e-05,0.0058,3.8e-05,0.005,1.9e-05,0.0041,2e-05,0.0031,2.4e-05,0.005,1.2e-05,0.0027,3.7e-05,0.0049,2e-05,0.0068,4.9e-05,0.018,4.1e-05,0.0054,2.4e-05,0.015,4.8e-05,0.015,4.3e-05,0.0059,3.3e-05,0.015,6.4e-05,0.0037,2.1e-05,0.011,8.3e-05,0.04,3.5e-05,0.0058,3.7e-05,0.0063,4.2e-05,0.0026,9.2e-05,0.012,9.2e-05,0.015,7.3e-05,0.0088,3.9e-05,0.015,0.00013,0.018,5.3e-05,0.0072,5.5e-05,0.0086
8900,1.8e-05,0.0039,3.3e-05,0.01,1.5e-05,0.0039,4.6e-05,0.0066,2.8e-05,0.0092,2.9e-05,0.0046,2.5e-05,0.0053,1.3e-05,0.0026,3.7e-05,0.004,6.1e-05,0.0045,4.5e-05,0.0027,4.6e-05,0.011,4.6e-05,0.015,3.6e-05,0.0066,0.00012,0.0051,5.3e-05,0.0085,2.5e-05,0.013,6.6e-05,0.013,2.4e-05,0.0055,4.6e-05,0.0026,5.1e-05,0.018,6.1e-05,0.005,5.7e-05,0.0065,0.00012,0.018,0.00011,0.013,5.5e-05,0.013,3.6e-05,0.0072,0.00013,0.018,3.8e-05,0.0026,5.2e-05,0.0041
9000,9.8e-06,0.0028,9e-06,0.0029,1.8e-05,0.0033,8.6e-05,0.0085,1.7e-05,0.0063,4.4e-05,0.0053,1.3e-05,0.0033,2.3e-05,0.006,3.4e-05,0.0049,4.7e-05,0.006,2.6e-05,0.009,6.8e-05,0.0045,3.5e-05,0.0077,6.1e-05,0.011,7.8e-05,0.023,3.4e-05,0.0044,4.6e-05,0.014,6.7e-05,0.0072,4.6e-05,0.012,3.9e-05,0.0052,4.7e-05,0.013,5.1e-05,0.011,8e-05,0.006,6.9e-05,0.0048,0.0001,0.0034,5.2e-05,0.011,3.1e-05,0.0088,8e-05,0.0088,3.9e-05,0.0038,4.3e-05,0.006
9100,1e-05,0.0044,2.4e-05,0.0024,1.4e-05,0.0036,5.6e-05,0.0027,1.6e-05,0.0036,1.9e-05,0.0028,2e-05,0.0054,1.9e-05,0.0041,3.2e-05,0.0058,4.2e-05,0.0032,3.8e-05,0.013,7.5e-05,0.0077,3.9e-05,0.0059,4.1e-05,0.021,8.8e-05,0.0058,3.7e-05,0.0096,2.3e-05,0.0071,5.6e-05,0.013,3.4e-05,0.0051,4.1e-05,0.0039,3.9e-05,0.0068,3.6e-05,0.0023,5e-05,0.008,5.8e-05,0.0043,8.7e-05,0.011,3.2e-05,0.0069,3.3e-05,0.01,9.7e-05,0.013,3.2e-05,0.0052,5.1e-05,0.0037
9200,3e-05,0.0053,1.5e-05,0.0035,1.9e-05,0.0041,5.6e-05,0.0035,1.7e-05,0.0048,2.7e-05,0.0066,2.1e-05,0.0037,6.8e-06,0.0051,2.4e-05,0.0059,5.1e-05,0.0049,3.1e-05,0.013,6.6e-05,0.0047,3.1e-05,0.0087,5.5e-05,0.011,7.9e-05,0.0093,3.1e-05,0.007,2.5e-05,0.0075,6.3e-05,0.01,2.9e-05,0.007,4e-05,0.0075,3.5e-05,0.0097,6.1e-05,0.018,5.2e-05,0.0021,8.1e-05,0.013,8.7e-05,0.0073,6.3e-05,0.015,3.3e-05,0.0047,5.2e-05,0.0055,3.4e-05,0.0049,3.6e-05,0.0059
9300,1.6e-05,0.0031,2.8e-05,0.0025,1.6e-05,0.0048,2.3e-05,0.0026,1.8e-05,0.0035,3.4e-05,0.0068,2e-05,0.0081,1.3e-05,0.002,2e-05,0.002,4.5e-05,0.0059,2.2e-05,0.013,5.5e-05,0.0037,3e-05,0.003,6.1e-05,0.036,9.2e-05,0.03,2.5e-05,0.0045,2.2e-05,0.0083,8.9e-05,0.0063,1.6e-05,0.021,4.5e-05,0.015,3.5e-05,0.014,3.5e-05,0.0028,6.5e-05,0.0068,4.2e-05,0.018,0.0001,0.0084,5.8e-05,0.012,4.7e-05,0.0081,5.6e-05,0.0085,4.1e-05,0.0045,3e-05,0.0029
9400,1.5e-05,0.0033,1.1e-05,0.0045,1.7e-05,0.0037,3e-05,0.0025,2.4e-05,0.0071,3e-05,0.0049,1.7e-05,0.0045,3.7e-05,0.0056,1.3e-05,0.0026,4.2e-05,0.0026,2.3e-05,0.0083,5.1e-05,0.012,4.5e-05,0.016,4.1e-05,0.0079,9.1e-05,0.013,2.2e-05,0.011,1.9e-05,0.0029,4.9e-05,0.01,2.4e-05,0.0023,2.8e-05,0.0038,2.5e-05,0.0054,4.5e-05,0.0088,4.3e-05,0.0059,8e-05,0.009,7.6e-05,0.0081,3.9e-05,0.0061,4.4e-05,0.01,6.3e-05,0.006,6.7e-05,0.02,3.6e-05,0.0039
9500,1.6e-05,0.0052,1.8e-05,0.0028,1.8e-05,0.0036,5.3e-05,0.0061,2.3e-05,0.0037,2.6e-05,0.0047,1.6e-05,0.0026,1.8e-05,0.0043,2.9e-05,0.0032,3.2e-05,0.004,2.9e-05,0.0077,6.9e-05,0.012,5.5e-05,0.0042,5.2e-05,0.0064,0.00011,0.0089,2.9e-05,0.0087,2.7e-05,0.0073,0.00011,0.0049,2.5e-05,0.0095,2.5e-05,0.0036,3.5e-05,0.0062,2.8e-05,0.0093,5.8e-05,0.012,6.6e-05,0.013,0.00011,0.022,5e-05,0.0097,6.5e-05,0.025,6.8e-05,0.021,3.2e-05,0.017,5.8e-05,0.013
9600,1.4e-05,0.0047,2.1e-05,0.0037,1.9e-05,0.0043,3.2e-05,0.0042,2.5e-05,0.0037,1.7e-05,0.0028,1.8e-05,0.0066,1e-05,0.0047,1e-05,0.0023,3.2e-05,0.0058,2.8e-05,0.0032,4.9e-05,0.0028,3.3e-05,0.0025,6e-05,0.0049,7.9e-05,0.013,3.5e-05,0.015,1.3e-05,0.0043,8.1e-05,0.0075,2.3e-05,0.0045,3.2e-05,0.0048,2.8e-05,0.0053,5.5e-05,0.011,3.8e-05,0.0027,8.2e-05,0.011,0.00013,0.015,2.6e-05,0.0064,3.2e-05,0.0045,5.6e-05,0.012,2.4e-05,0.0082,4.2e-05,0.018
9700,1.2e-05,0.0036,1.5e-05,0.0042,2.2e-05,0.0028,1.6e-05,0.0035,1.2e-05,0.0056,2.9e-05,0.009,1.8e-05,0.0056,1.9e-05,0.0028,2.2e-05,0.0049,3.3e-05,0.0046,2.5e-05,0.0041,5e-05,0.0033,4.1e-05,0.0053,8.2e-05,0.021,7.6e-05,0.018,2.4e-05,0.024,2.7e-05,0.0059,5.3e-05,0.016,1.4e-05,0.0063,2.7e-05,0.0034,3.8e-05,0.0076,7.9e-05,0.0044,0.00018,0.0079,5.5e-05,0.012,6.2e-05,0.0037,6.4e-05,0.0065,5.7e-05,0.0033,5.7e-05,0.015,2.6e-05,0.0072,6.2e-05,0.028
9800,1.7e-05,0.0028,1.6e-05,0.0049,7.9e-06,0.0051,3.4e-05,0.0072,1.8e-05,0.004,3.4e-05,0.0039,1.3e-05,0.0029,1.4e-05,0.0055,1.9e-05,0.0028,3e-05,0.0076,1.7e-05,0.0025,3.4e-05,0.017,2.5e-05,0.0079,4.5e-05,0.0037,4.1e-05,0.0064,3.5e-05,0.011,2.3e-05,0.01,5.5e-05,0.017,1.8e-05,0.0047,2.7e-05,0.009,5.6e-05,0.0056,4.2e-05,0.012,4.6e-05,0.013,0.0001,0.011,8.1e-05,0.016,5.8e-05,0.017,2.8e-05,0.0057,5.7e-05,0.012,4e-05,0.003,3.1e-05,0.0092
9900,1.5e-05,0.0051,2e-05,0.0033,1.8e-05,0.0071,5.8e-05,0.0029,1.3e-05,0.0063,4.3e-05,0.0023,1.7e-05,0.0079,1.5e-05,0.0043,3.2e-05,0.0024,2.4e-05,0.006,2.3e-05,0.0048,7e-05,0.006,4.2e-05,0.011,3.5e-05,0.0055,5.4e-05,0.013,3.5e-05,0.0026,2.6e-05,0.016,7.9e-05,0.012,2.4e-05,0.012,2.8e-05,0.0042,3.2e-05,0.0049,0.00012,0.013,3.8e-05,0.0068,5.8e-05,0.027,6.1e-05,0.0071,3.5e-05,0.0033,2.4e-05,0.007,8.2e-05,0.0044,3.2e-05,0.0055,6.6e-05,0.033
10000,3.029761e-05,,5.935244e-05,,4.164527e-05,,9.311807e-05,,7.539711e-05,,4.872069e-05,,4.53637e-05,,5.781774e-05,,5.564022e-05,,5.226587e-05,,0.0001089145,,6.328817e-05,,6.385088e-05,,0.0001044513,,0.0005530612,,0.0001499589,,6.732874e-05,,0.0002510721,,0.0001033288,,0.0005032296,,0.0001126196,,3.385251e-05,,0.0001244813,,0.0001285944,,0.0001472149,,0.000103193,,6.148854e-05,,0.0001552245,,3.972021e-05,,9.725847e-05,
10001,2.625251e-05,0.002114671,2.507281e-05,0.002332757,3.072105e-05,0.002680966,5.891288e-05,0.003364472,4.491956e-05,0.004713239,4.666046e-05,0.00383927,3.504492e-05,0.003032889,4.485558e-05,0.003619225,3.86438e-05,0.001986193,4.578137e-05,0.00236807,3.070937e-05,0.002013787,5.691553e-05,0.002739999,3.834325e-05,0.002923438,5.412129e-05,0.002193615,0.000433635,0.01905312,4.039485e-05,0.002409414,2.641745e-05,0.002046512,9.067819e-05,0.00339116,2.769381e-05,0.002058928,4.05377e-05,0.003062893,3.822716e-05,0.003326622,3.176947e-05,0.001817243,3.28354e-05,0.002505121,5.718914e-05,0.002814425,9.215519e-05,0.004000092,3.69115e-05,0.002422784,3.301725e-05,0.003837357,8.90316e-05,0.003791418,3.055092e-05,0.002706443,3.510288e-05,0.00331415
10100,1.288394e-05,0.001347513,9.360277e-06,0.00106573,1.317725e-05,0.001278249,3.276078e-05,0.001725008,1.747272e-05,0.001484011,1.647181e-05,0.001266271,1.403078e-05,0.001304096,1.317009e-05,0.001073377,1.757506e-05,0.001936688,1.683052e-05,0.001310418,1.258554e-05,0.001042105,1.906136e-05,0.001286833,2.334043e-05,0.001387922,3.122337e-05,0.001471431,3.64157e-05,0.001833838,1.906008e-05,0.001308357,1.749119e-05,0.001542912,4.293792e-05,0.002276553,1.53988e-05,0.001026652,1.743846e-05,0.001378963,1.250452e-05,0.001084797,1.441663e-05,0.001273581,1.783769e-05,0.00143776,3.103968e-05,0.001359352,3.736693e-05,0.001536108,1.60484e-05,0.001279095,1.688216e-05,0.001369004,3.777284e-05,0.002503969,1.42155e-05,0.0009453126,1.267704e-05,0.0008964968
10200,8.245711e-06,0.001200834,4.723748e-06,0.000623159,4.626923e-06,0.0008719058,1.602011e-05,0.001462646,7.466237e-06,0.000993804,7.069851e-06,0.0008510467,7.872583e-06,0.000996984,7.574683e-06,0.001004772,7.202657e-06,0.0009161832,6.432587e-06,0.0008987856,4.853677e-06,0.0005010843,9.219893e-06,0.0009947589,1.154521e-05,0.001218323,1.643113e-05,0.00133835,1.965336e-05,0.00114176,9.806226e-06,0.0008797236,1.017367e-05,0.00122719,2.559791e-05,0.001688605,8.871844e-06,0.0008058899,1.014179e-05,0.001416337,5.984537e-06,0.0006108002,5.757806e-06,0.0007184432,7.864584e-06,0.001038701,1.752266e-05,0.001331433,1.70303e-05,0.001328611,7.465151e-06,0.0008103191,9.501043e-06,0.001086356,2.280819e-05,0.00171439,8.85987e-06,0.0007465135,6.0443e-06,0.000641497
10300,5.486102e-06,0.0008528034,2.256871e-06,0.0004721494,1.904891e-06,0.0005093684,9.768251e-06,0.001049209,4.766342e-06,0.0007006164,3.41418e-06,0.0007878681,4.280829e-06,0.000789384,3.581777e-06,0.0004854135,3.841604e-06,0.0007680375,1.784049e-06,0.0004680305,2.532167e-06,0.000302144,3.890408e-06,0.0005644106,7.278259e-06,0.0008171274,1.050889e-05,0.0009855183,1.000808e-05,0.000866681,5.810712e-06,0.0007651037,6.002921e-06,0.000912347,1.291316e-05,0.0009351799,5.097369e-06,0.0005214807,5.023418e-06,0.0006365642,2.403361e-06,0.0003377491,2.460824e-06,0.000374112,4.61032e-06,0.0006165485,8.262133e-06,0.0009184945,9.958699e-06,0.0009926133,4.6885e-06,0.000588147,5.694802e-06,0.0008373391,1.109058e-05,0.0009616008,,,1.912184e-06,0.0005749593
10400,2.267318e-06,0.0004327112,1.104067e-06,0.0003078529,1.067064e-06,0.0003027629,5.184435e-06,0.0007753203,2.635074e-06,0.0006757681,1.890475e-06,0.0005187064,2.455495e-06,0.0005371239,2.414191e-06,0.0004042451,2.221289e-06,0.000438661,1.022827e-06,0.0002857455,1.101877e-06,0.0002207095,1.810539e-06,0.0002917495,5.112324e-06,0.0007397387,6.257178e-06,0.0006328886,5.850018e-06,0.0008651374,3.876345e-06,0.0005024733,3.698701e-06,0.0007373476,6.188699e-06,0.0007853922,2.886262e-06,0.000392753,1.957169e-06,0.0004202218,1.077855e-06,0.0002189715,1.469743e-06,0.0003418744,2.755517e-06,0.0004911351,4.826282e-06,0.0006670692,4.724922e-06,0.0008461671,2.984271e-06,0.0004204377,4.656929e-06,0.0005598651,6.883241e-06,0.0006767338,,,,
10500,1.442383e-06,0.0002567763,,,7.781745e-07,0.0003075231,3.371897e-06,0.0005389018,1.462856e-06,0.0004026579,1.261406e-06,0.000443552,1.021388e-06,0.0003843433,,,1.613572e-06,0.0003879297,6.209076e-07,0.0002018445,7.108731e-07,0.0001563569,1.117913e-06,0.0002333692,3.740248e-06,0.0005215089,3.528477e-06,0.0004669693,3.637477e-06,0.0007542105,3.017028e-06,0.0003862401,3.111624e-06,0.000636162,4.508948e-06,0.0006570784,2.283515e-06,0.0003328238,9.921862e-07,0.0003542505,5.681837e-07,0.0001451492,8.651327e-07,0.0002384713,1.799458e-06,0.0004173688,2.950805e-06,0.000473903,2.716825e-06,0.0007621172,2.209621e-06,0.0002891803,3.260006e-06,0.0005984512,4.062985e-06,0.0005303695,,,,
10600,9.306101e-07,0.0002019883,,,4.241112e-07,0.0001944529,1.698324e-06,0.0003893978,1.082785e-06,0.0004587695,9.75443e-07,0.0003314302,7.380373e-07,0.0002550226,,,9.407544e-07,0.0002722986,,,3.72079e-07,0.0001523701,7.060443e-07,0.0002283412,3.300632e-06,0.0005877355,,,2.264311e-06,0.0005057526,2.398926e-06,0.0003076842,2.342829e-06,0.0004728457,2.420394e-06,0.0004252667,1.547888e-06,0.0002854248,7.302305e-07,0.0002770697,3.503923e-07,0.0001504725,6.190624e-07,0.0002650534,1.356341e-06,0.0003172476,1.811259e-06,0.0003954038,1.639379e-06,0.0006988439,1.658367e-06,0.0002856433,2.484874e-06,0.0004893782,2.881441e-06,0.0004217974,,,,
10700,6.811511e-07,0.0001616999,,,2.06311e-07,0.0001699645,1.30559e-06,0.000293677,8.763333e-07,0.0004096357,6.641152e-07,0.0002548398,,,,,6.137326e-07,0.0001868683,,,2.367547e-07,0.0001392481,,,2.786465e-06,0.0005250864,,,1.497919e-06,0.0006000543,2.049645e-06,0.0003645406,2.056511e-06,0.0004041202,1.570251e-06,0.0003403394,,,,,1.9866e-07,0.0001064467,4.984032e-07,0.0002512457,,,,,1.081219e-06,0.0003901801,1.517111e-06,0.0002652731,1.866571e-06,0.0004038945,1.835769e-06,0.0003094557,,,,
10800,,,,,,,1.166678e-06,0.0002574145,7.42864e-07,0.0003716388,5.203137e-07,0.0002056478,,,,,5.029079e-07,0.0001659466,,,1.896956e-07,0.0001294515,,,2.125661e-06,0.0003969299,,,,,1.734891e-06,0.000311985,1.694472e-06,0.000395618,1.278384e-06,0.0003248954,,,,,,,3.780583e-07,0.0001886617,,,,,9.366225e-07,0.0002978168,1.261441e-06,0.0002546659,1.663719e-06,0.0003589943,1.194257e-06,0.00024352,,,,
10900,,,,,,,,,5.84066e-07,0.0002276575,3.354651e-07,0.0001770349,,,,,3.638326e-07,0.0001612345,,,,,,,1.816911e-06,0.0003763075,,,,,1.577573e-06,0.0003648451,,,,,,,,,,,,,,,,,7.436268e-07,0.0002629927,1.159657e-06,0.0002467009,1.533113e-06,0.0003393705,8.779044e-07,0.0001829565,,,,
11000,,,,,,,,,5.094515e-07,0.0001859132,,,,,,,3.237989e-07,0.0001439966,,,,,,,1.552301e-06,0.0003428485,,,,,1.052024e-06,0.0002331905,,,,,,,,,,,,,,,,,5.061953e-07,0.0001754671,9.367968e-07,0.0002840674,1.371217e-06,0.0003663576,7.66084e-07,0.0001917661,,,,
11100,,,,,,,,,,,,,,,,,2.950295e-07,0.0001353667,,,,,,,,,,,,,9.302758e-07,0.0002517886,,,,,,,,,,,,,,,,,4.651308e-07,0.0001693829,8.572609e-07,0.0002752472,1.198768e-06,0.000366431,5.291939e-07,0.0001931015,,,,
11200,,,,,,,,,,,,,,,,,2.266621e-07,0.0001124859,,,,,,,,,,,,,,,,,,,,,,,,,,,,,,,3.905865e-07,0.0001875349,7.6011e-07,0.0002605226,9.035739e-07,0.0002802168,4.348504e-07,0.0001642505,,,,
11300,,,,,,,,,,,,,,,,,,,,,,,,,,,,,,,,,,,,,,,,,,,,,,,,,,,,,6.137515e-07,0.0001950342,3.874594e-07,0.0001502825,,,,
11400,,,,,,,,,,,,,,,,,,,,,,,,,,,,,,,,,,,,,,,,,,,,,,,,,,,,,5.516231e-07,0.0001622566,,,,,,
11500,,,,,,,,,,,,,,,,,,,,,,,,,,,,,,,,,,,,,,,,,,,,,,,,,,,,,4.419605e-07,0.0001442734,,,,,,
11600,,,,,,,,,,,,,,,,,,,,,,,,,,,,,,,,,,,,,,,,,,,,,,,,,,,,,4.02741e-07,0.0001365875,,,,,,
